OUTPUT,OVER_HEAD_SHOWER,,,,HEAD_SHOWER,,,SPAUT,,,CONTROLLER,,,,,,VALVE,,,
,OGR3W,SERIES,SHAPE_TXT,SHAPE,SERIES,SHAPE_TXT,SHAPE,SERIES,SHAPE_TXT,SHAPE,SHAPE,RELATION_NO,No,SERIES,SHAPE_TXT,SHAPE,VALVE_1,VALVE_２,RECOMMEND_FLG,
1,Y,Z,Round,R,,,,,,,handle,1YH-1,MGR9942,G,Round,R,,,,
1,Y,Z,Round,R,,,,,,,handle,1YH-1,MGS9942,G,Square,S,,,,
1,Y,Z,Round,R,,,,,,,handle,1YH-2,MGR9940,G,Round,R,VGR01,VGR01,,
1,Y,Z,Round,R,,,,,,,handle,1YH-2,MGS9940,G,Square,S,VGS01,VGS01,,
1,Y,Z,Round,R,,,,,,,handle,1YH-3,MGR9940,G,Round,R,VGR01,VGR02,◯,
1,Y,Z,Round,R,,,,,,,handle,1YH-3,MGS9940,G,Square,S,VGS01,VGS02,,
1,Y,Z,Round,R,,,,,,,switch,1YS-1,MGS9942B,G,Square,S,,,◯,
1,Y,Z,Round,R,,,,,,,switch,1YS-2,MGS9941B,G,Square,S,VGS02,,,
1,Y,Z,Square,S,,,,,,,handle,1YH-1,MGR9942,G,Round,R,,,,
1,Y,Z,Square,S,,,,,,,handle,1YH-1,MGS9942,G,Square,S,,,,
1,Y,Z,Square,S,,,,,,,handle,1YH-2,MGR9940,G,Round,R,VGR01,VGR01,,
1,Y,Z,Square,S,,,,,,,handle,1YH-2,MGS9940,G,Square,S,VGS01,VGS01,,
1,Y,Z,Square,S,,,,,,,handle,1YH-3,MGR9940,G,Round,R,VGR01,VGR02,,
1,Y,Z,Square,S,,,,,,,handle,1YH-3,MGS9940,G,Square,S,VGS01,VGS02,◯,
1,Y,Z,Square,S,,,,,,,switch,1YS-1,MGS9942B,G,Square,S,,,◯,
1,Y,Z,Square,S,,,,,,,switch,1YS-2,MGS9941B,G,Square,S,VGS02,,,
1,N,G,Round,R,,,,,,,handle,1NH-1,MGR9941,G,Round,R,,,◯,
1,N,G,Round,R,,,,,,,handle,1NH-1,MGS9941,G,Square,S,,,,
1,N,G,Round,R,,,,,,,handle,1NH-2,MGR9940,G,Round,R,VGR01,,,
1,N,G,Round,R,,,,,,,handle,1NH-2,MGS9940,G,Square,S,VGS01,,,
1,N,G,Round,R,,,,,,,switch,1NS-1,MGS9941B,G,Square,S,,,◯,
1,N,G,Round,R,,,,,,,lever,1NL-1,MZS0231,Z,Square,S,,,,
1,N,G,Round,R,,,,,,,lever,1NL-1,MGR1131,G,Round,R,,,◯,
1,N,G,Round,R,,,,,,,lever,1NL-1,MGR0131,G,Round,R,,,◯,
1,N,G,Round,R,,,,,,,lever,1NL-1,MGR0331,G,Round,R,,,◯,
1,N,G,Round,R,,,,,,,lever,1NL-1,MGS0731,G,Square,S,,,,
1,N,G,Round,R,,,,,,,lever,1NL-1,MGS0831,G,Square,S,,,,
1,N,G,Round,R,,,,,,,lever,1NL-1,MGS0931,G,Square,S,,,,
1,N,G,Round,R,,,,,,,lever,1NL-1,MGS1031,G,Square,S,,,,
1,N,G,Round,R,,,,,,,lever,1NL-1,MGS0431,G,Square,S,,,,
1,N,G,Round,R,,,,,,,lever,1NL-1,MGS0231,G,Square,S,,,,
1,N,G,Round,R,,,,,,,lever,1NL-1,MLR0131,L,Round,R,,,,
1,N,G,Round,R,,,,,,,lever,1NL-1,MLR0231,L,Round,R,,,,
1,N,G,Round,R,,,,,,,lever,1NL-1,MLR0331,L,Round,R,,,,
1,N,G,Round,R,,,,,,,lever,1NL-1,MLR0431,L,Round,R,,,,
1,N,G,Square,S,,,,,,,handle,1NH-1,MGR9941,G,Round,R,,,,
1,N,G,Square,S,,,,,,,handle,1NH-1,MGS9941,G,Square,S,,,◯,
1,N,G,Square,S,,,,,,,handle,1NH-2,MGR9940,G,Round,R,VGR01,,,
1,N,G,Square,S,,,,,,,handle,1NH-2,MGS9940,G,Square,S,VGS01,,,
1,N,G,Square,S,,,,,,,switch,1NS-1,MGS9941B,G,Square,S,,,◯,
1,N,G,Square,S,,,,,,,lever,1NL-1,MZS0231,Z,Square,S,,,,
1,N,G,Square,S,,,,,,,lever,1NL-1,MGR1131,G,Round,R,,,,
1,N,G,Square,S,,,,,,,lever,1NL-1,MGR0131,G,Round,R,,,,
1,N,G,Square,S,,,,,,,lever,1NL-1,MGR0331,G,Round,R,,,,
1,N,G,Square,S,,,,,,,lever,1NL-1,MGS0731,G,Square,S,,,◯,
1,N,G,Square,S,,,,,,,lever,1NL-1,MGS0831,G,Square,S,,,◯,
1,N,G,Square,S,,,,,,,lever,1NL-1,MGS0931,G,Square,S,,,◯,
1,N,G,Square,S,,,,,,,lever,1NL-1,MGS1031,G,Square,S,,,◯,
1,N,G,Square,S,,,,,,,lever,1NL-1,MGS0431,G,Square,S,,,◯,
1,N,G,Square,S,,,,,,,lever,1NL-1,MGS0231,G,Square,S,,,◯,
1,N,G,Square,S,,,,,,,lever,1NL-1,MLR0131,L,Round,R,,,,
1,N,G,Square,S,,,,,,,lever,1NL-1,MLR0231,L,Round,R,,,,
1,N,G,Square,S,,,,,,,lever,1NL-1,MLR0331,L,Round,R,,,,
1,N,G,Square,S,,,,,,,lever,1NL-1,MLR0431,L,Round,R,,,,
1,N,L,Round,R,,,,,,,handle,1NH-1,MGR9941,G,Round,R,,,◯,
1,N,L,Round,R,,,,,,,handle,1NH-1,MGS9941,G,Square,S,,,,
1,N,L,Round,R,,,,,,,handle,1NH-2,MGR9940,G,Round,R,VGR01,,,
1,N,L,Round,R,,,,,,,handle,1NH-2,MGS9940,G,Square,S,VGS01,,,
1,N,L,Round,R,,,,,,,switch,1NS-1,MGS9941B,G,Square,S,,,◯,
1,N,L,Round,R,,,,,,,lever,1NL-1,MZS0231,Z,Square,S,,,,
1,N,L,Round,R,,,,,,,lever,1NL-1,MGR1131,G,Round,R,,,,
1,N,L,Round,R,,,,,,,lever,1NL-1,MGR0131,G,Round,R,,,,
1,N,L,Round,R,,,,,,,lever,1NL-1,MGR0331,G,Round,R,,,,
1,N,L,Round,R,,,,,,,lever,1NL-1,MGS0731,G,Square,S,,,,
1,N,L,Round,R,,,,,,,lever,1NL-1,MGS0831,G,Square,S,,,,
1,N,L,Round,R,,,,,,,lever,1NL-1,MGS0931,G,Square,S,,,,
1,N,L,Round,R,,,,,,,lever,1NL-1,MGS1031,G,Square,S,,,,
1,N,L,Round,R,,,,,,,lever,1NL-1,MGS0431,G,Square,S,,,,
1,N,L,Round,R,,,,,,,lever,1NL-1,MGS0231,G,Square,S,,,,
1,N,L,Round,R,,,,,,,lever,1NL-1,MLR0131,L,Round,R,,,◯,
1,N,L,Round,R,,,,,,,lever,1NL-1,MLR0231,L,Round,R,,,◯,
1,N,L,Round,R,,,,,,,lever,1NL-1,MLR0331,L,Round,R,,,◯,
1,N,L,Round,R,,,,,,,lever,1NL-1,MLR0431,L,Round,R,,,◯,
1,N,,,,G,Round,R,,,,handle,1NH-1,MGR9941,G,Round,R,,,◯,
1,N,,,,G,Round,R,,,,handle,1NH-1,MGS9941,G,Square,S,,,,
1,N,,,,G,Round,R,,,,handle,1NH-2,MGR9940,G,Round,R,VGR01,,,
1,N,,,,G,Round,R,,,,handle,1NH-2,MGS9940,G,Square,S,VGS01,,,
1,N,,,,G,Round,R,,,,switch,1NS-1,MGS9941B,G,Square,S,,,◯,
1,N,,,,G,Round,R,,,,lever,1NL-1,MZS0231,Z,Square,S,,,,
1,N,,,,G,Round,R,,,,lever,1NL-1,MGR1131,G,Round,R,,,◯,
1,N,,,,G,Round,R,,,,lever,1NL-1,MGR0131,G,Round,R,,,◯,
1,N,,,,G,Round,R,,,,lever,1NL-1,MGR0331,G,Round,R,,,◯,
1,N,,,,G,Round,R,,,,lever,1NL-1,MGS0731,G,Square,S,,,,
1,N,,,,G,Round,R,,,,lever,1NL-1,MGS0831,G,Square,S,,,,
1,N,,,,G,Round,R,,,,lever,1NL-1,MGS0931,G,Square,S,,,,
1,N,,,,G,Round,R,,,,lever,1NL-1,MGS1031,G,Square,S,,,,
1,N,,,,G,Round,R,,,,lever,1NL-1,MGS0431,G,Square,S,,,,
1,N,,,,G,Round,R,,,,lever,1NL-1,MGS0231,G,Square,S,,,,
1,N,,,,G,Round,R,,,,lever,1NL-1,MLR0131,L,Round,R,,,,
1,N,,,,G,Round,R,,,,lever,1NL-1,MLR0231,L,Round,R,,,,
1,N,,,,G,Round,R,,,,lever,1NL-1,MLR0331,L,Round,R,,,,
1,N,,,,G,Round,R,,,,lever,1NL-1,MLR0431,L,Round,R,,,,
1,N,,,,G,Square,S,,,,handle,1NH-1,MGR9941,G,Round,R,,,,
1,N,,,,G,Square,S,,,,handle,1NH-1,MGS9941,G,Square,S,,,◯,
1,N,,,,G,Square,S,,,,handle,1NH-2,MGR9940,G,Round,R,VGR01,,,
1,N,,,,G,Square,S,,,,handle,1NH-2,MGS9940,G,Square,S,VGS01,,,
1,N,,,,G,Square,S,,,,switch,1NS-1,MGS9941B,G,Square,S,,,◯,
1,N,,,,G,Square,S,,,,lever,1NL-1,MZS0231,Z,Square,S,,,,
1,N,,,,G,Square,S,,,,lever,1NL-1,MGR1131,G,Round,R,,,,
1,N,,,,G,Square,S,,,,lever,1NL-1,MGR0131,G,Round,R,,,,
1,N,,,,G,Square,S,,,,lever,1NL-1,MGR0331,G,Round,R,,,,
1,N,,,,G,Square,S,,,,lever,1NL-1,MGS0731,G,Square,S,,,◯,
1,N,,,,G,Square,S,,,,lever,1NL-1,MGS0831,G,Square,S,,,◯,
1,N,,,,G,Square,S,,,,lever,1NL-1,MGS0931,G,Square,S,,,◯,
1,N,,,,G,Square,S,,,,lever,1NL-1,MGS1031,G,Square,S,,,◯,
1,N,,,,G,Square,S,,,,lever,1NL-1,MGS0431,G,Square,S,,,◯,
1,N,,,,G,Square,S,,,,lever,1NL-1,MGS0231,G,Square,S,,,◯,
1,N,,,,G,Square,S,,,,lever,1NL-1,MLR0131,L,Round,R,,,,
1,N,,,,G,Square,S,,,,lever,1NL-1,MLR0231,L,Round,R,,,,
1,N,,,,G,Square,S,,,,lever,1NL-1,MLR0331,L,Round,R,,,,
1,N,,,,G,Square,S,,,,lever,1NL-1,MLR0431,L,Round,R,,,,
1,N,,,,L,Round,R,,,,handle,1NH-1,MGR9941,G,Round,R,,,◯,
1,N,,,,L,Round,R,,,,handle,1NH-1,MGS9941,G,Square,S,,,,
1,N,,,,L,Round,R,,,,handle,1NH-2,MGR9940,G,Round,R,VGR01,,,
1,N,,,,L,Round,R,,,,handle,1NH-2,MGS9940,G,Square,S,VGS01,,,
1,N,,,,L,Round,R,,,,switch,1NS-1,MGS9941B,G,Square,S,,,◯,
1,N,,,,L,Round,R,,,,lever,1NL-1,MZS0231,Z,Square,S,,,,
1,N,,,,L,Round,R,,,,lever,1NL-1,MGR1131,G,Round,R,,,,
1,N,,,,L,Round,R,,,,lever,1NL-1,MGR0131,G,Round,R,,,,
1,N,,,,L,Round,R,,,,lever,1NL-1,MGR0331,G,Round,R,,,,
1,N,,,,L,Round,R,,,,lever,1NL-1,MGS0731,G,Square,S,,,,
1,N,,,,L,Round,R,,,,lever,1NL-1,MGS0831,G,Square,S,,,,
1,N,,,,L,Round,R,,,,lever,1NL-1,MGS0931,G,Square,S,,,,
1,N,,,,L,Round,R,,,,lever,1NL-1,MGS1031,G,Square,S,,,,
1,N,,,,L,Round,R,,,,lever,1NL-1,MGS0431,G,Square,S,,,,
1,N,,,,L,Round,R,,,,lever,1NL-1,MGS0231,G,Square,S,,,,
1,N,,,,L,Round,R,,,,lever,1NL-1,MLR0131,L,Round,R,,,◯,
1,N,,,,L,Round,R,,,,lever,1NL-1,MLR0231,L,Round,R,,,◯,
1,N,,,,L,Round,R,,,,lever,1NL-1,MLR0331,L,Round,R,,,◯,
1,N,,,,L,Round,R,,,,lever,1NL-1,MLR0431,L,Round,R,,,◯,
2,Y,Z,Round,R,G,Round,R,,,,handle,2YH-1,MGR9940,G,Round,R,VGR13,,◯,
2,Y,Z,Round,R,G,Round,R,,,,handle,2YH-1,MGS9940,G,Square,S,VGS13,,,
2,Y,Z,Round,R,G,Round,R,,,,handle,2YH-2,MGR9942,G,Round,R,VGR02,,,
2,Y,Z,Round,R,G,Round,R,,,,handle,2YH-2,MGS9942,G,Square,S,VGS02,,,
2,Y,Z,Round,R,G,Round,R,,,,switch,2YS-1,MGS9943,G,Square,S,VGS23,,◯,
2,Y,Z,Round,R,G,Round,R,,,,switch,2YS-2,MGS9941B,G,Square,S,VGS03,,,
2,Y,Z,Round,R,G,Round,R,,,,lever,2YL-1,MZS0232,Z,Square,S,VGS02,,,
2,Y,Z,Round,R,G,Round,R,,,,lever,2YL-1,MGR1132,G,Round,R,VGR02,,◯,RECOMMENDをZにするべきか？（Round統一の方が優先？）
2,Y,Z,Round,R,G,Round,R,,,,lever,2YL-1,MGR0132,G,Round,R,VGR02,,◯,RECOMMENDをZにするべきか？（Round統一の方が優先？）
2,Y,Z,Round,R,G,Round,R,,,,lever,2YL-1,MGR0332,G,Round,R,VGR02,,◯,RECOMMENDをZにするべきか？（Round統一の方が優先？）
2,Y,Z,Round,R,G,Round,R,,,,lever,2YL-1,MGS0732,G,Square,S,VGS02,,,
2,Y,Z,Round,R,G,Round,R,,,,lever,2YL-1,MGS0832,G,Square,S,VGS02,,,
2,Y,Z,Round,R,G,Round,R,,,,lever,2YL-1,MGS0932,G,Square,S,VGS02,,,
2,Y,Z,Round,R,G,Round,R,,,,lever,2YL-1,MGS1032,G,Square,S,VGS02,,,
2,Y,Z,Round,R,G,Round,R,,,,lever,2YL-1,MGS0432,G,Square,S,VGS02,,,
2,Y,Z,Round,R,G,Round,R,,,,lever,2YL-1,MGS0232,G,Square,S,VGS02,,,
2,Y,Z,Round,R,G,Round,R,,,,lever,2YL-1,MLR0132,L,Round,R,VGR02,,,
2,Y,Z,Round,R,G,Round,R,,,,lever,2YL-1,MLR0232,L,Round,R,VGR02,,,
2,Y,Z,Round,R,G,Round,R,,,,lever,2YL-1,MLR0332,L,Round,R,VGR02,,,
2,Y,Z,Round,R,G,Round,R,,,,lever,2YL-1,MLR0432,L,Round,R,VGR02,,,
2,Y,Z,Round,R,G,Round,R,,,,lever,2YL-2,MZS0231,Z,Square,S,VGS03,,,
2,Y,Z,Round,R,G,Round,R,,,,lever,2YL-2,MGR1131,G,Round,R,VGR03,,,
2,Y,Z,Round,R,G,Round,R,,,,lever,2YL-2,MGR0131,G,Round,R,VGR03,,,
2,Y,Z,Round,R,G,Round,R,,,,lever,2YL-2,MGR0331,G,Round,R,VGR03,,,
2,Y,Z,Round,R,G,Round,R,,,,lever,2YL-2,MGS0731,G,Square,S,VGS03,,,
2,Y,Z,Round,R,G,Round,R,,,,lever,2YL-2,MGS0831,G,Square,S,VGS03,,,
2,Y,Z,Round,R,G,Round,R,,,,lever,2YL-2,MGS0931,G,Square,S,VGS03,,,
2,Y,Z,Round,R,G,Round,R,,,,lever,2YL-2,MGS1031,G,Square,S,VGS03,,,
2,Y,Z,Round,R,G,Round,R,,,,lever,2YL-2,MGS0431,G,Square,S,VGS03,,,
2,Y,Z,Round,R,G,Round,R,,,,lever,2YL-2,MGS0231,G,Square,S,VGS03,,,
2,Y,Z,Round,R,G,Round,R,,,,lever,2YL-2,MLR0131,L,Round,R,VGR03,,,
2,Y,Z,Round,R,G,Round,R,,,,lever,2YL-2,MLR0231,L,Round,R,VGR03,,,
2,Y,Z,Round,R,G,Round,R,,,,lever,2YL-2,MLR0331,L,Round,R,VGR03,,,
2,Y,Z,Round,R,G,Round,R,,,,lever,2YL-2,MLR0431,L,Round,R,VGR03,,,
2,Y,Z,Round,R,L,Round,R,,,,handle,2YH-1,MGR9940,G,Round,R,VGR13,,◯,
2,Y,Z,Round,R,L,Round,R,,,,handle,2YH-1,MGS9940,G,Square,S,VGS13,,,
2,Y,Z,Round,R,L,Round,R,,,,handle,2YH-2,MGR9942,G,Round,R,VGR02,,,
2,Y,Z,Round,R,L,Round,R,,,,handle,2YH-2,MGS9942,G,Square,S,VGS02,,,
2,Y,Z,Round,R,L,Round,R,,,,switch,2YS-1,MGS9943,G,Square,S,VGS23,,◯,
2,Y,Z,Round,R,L,Round,R,,,,switch,2YS-2,MGS9941B,G,Square,S,VGS03,,,
2,Y,Z,Round,R,L,Round,R,,,,lever,2YL-1,MZS0232,Z,Square,S,VGS02,,,
2,Y,Z,Round,R,L,Round,R,,,,lever,2YL-1,MGR1132,G,Round,R,VGR02,,◯,RECOMMENDをZにするべきか？（Round統一の方が優先？）
2,Y,Z,Round,R,L,Round,R,,,,lever,2YL-1,MGR0132,G,Round,R,VGR02,,◯,RECOMMENDをZにするべきか？（Round統一の方が優先？）
2,Y,Z,Round,R,L,Round,R,,,,lever,2YL-1,MGR0332,G,Round,R,VGR02,,◯,RECOMMENDをZにするべきか？（Round統一の方が優先？）
2,Y,Z,Round,R,L,Round,R,,,,lever,2YL-1,MGS0732,G,Square,S,VGS02,,,
2,Y,Z,Round,R,L,Round,R,,,,lever,2YL-1,MGS0832,G,Square,S,VGS02,,,
2,Y,Z,Round,R,L,Round,R,,,,lever,2YL-1,MGS0932,G,Square,S,VGS02,,,
2,Y,Z,Round,R,L,Round,R,,,,lever,2YL-1,MGS1032,G,Square,S,VGS02,,,
2,Y,Z,Round,R,L,Round,R,,,,lever,2YL-1,MGS0432,G,Square,S,VGS02,,,
2,Y,Z,Round,R,L,Round,R,,,,lever,2YL-1,MGS0232,G,Square,S,VGS02,,,
2,Y,Z,Round,R,L,Round,R,,,,lever,2YL-1,MLR0132,L,Round,R,VGR02,,,
2,Y,Z,Round,R,L,Round,R,,,,lever,2YL-1,MLR0232,L,Round,R,VGR02,,,
2,Y,Z,Round,R,L,Round,R,,,,lever,2YL-1,MLR0332,L,Round,R,VGR02,,,
2,Y,Z,Round,R,L,Round,R,,,,lever,2YL-1,MLR0432,L,Round,R,VGR02,,,
2,Y,Z,Round,R,L,Round,R,,,,lever,2YL-2,MZS0231,Z,Square,S,VGS03,,,
2,Y,Z,Round,R,L,Round,R,,,,lever,2YL-2,MGR1131,G,Round,R,VGR03,,,
2,Y,Z,Round,R,L,Round,R,,,,lever,2YL-2,MGR0131,G,Round,R,VGR03,,,
2,Y,Z,Round,R,L,Round,R,,,,lever,2YL-2,MGR0331,G,Round,R,VGR03,,,
2,Y,Z,Round,R,L,Round,R,,,,lever,2YL-2,MGS0731,G,Square,S,VGS03,,,
2,Y,Z,Round,R,L,Round,R,,,,lever,2YL-2,MGS0831,G,Square,S,VGS03,,,
2,Y,Z,Round,R,L,Round,R,,,,lever,2YL-2,MGS0931,G,Square,S,VGS03,,,
2,Y,Z,Round,R,L,Round,R,,,,lever,2YL-2,MGS1031,G,Square,S,VGS03,,,
2,Y,Z,Round,R,L,Round,R,,,,lever,2YL-2,MGS0431,G,Square,S,VGS03,,,
2,Y,Z,Round,R,L,Round,R,,,,lever,2YL-2,MGS0231,G,Square,S,VGS03,,,
2,Y,Z,Round,R,L,Round,R,,,,lever,2YL-2,MLR0131,L,Round,R,VGR03,,,
2,Y,Z,Round,R,L,Round,R,,,,lever,2YL-2,MLR0231,L,Round,R,VGR03,,,
2,Y,Z,Round,R,L,Round,R,,,,lever,2YL-2,MLR0331,L,Round,R,VGR03,,,
2,Y,Z,Round,R,L,Round,R,,,,lever,2YL-2,MLR0431,L,Round,R,VGR03,,,
2,Y,Z,Round,R,G,Square,S,,,,handle,2YH-1,MGR9940,G,Round,R,VGR13,,◯,
2,Y,Z,Round,R,G,Square,S,,,,handle,2YH-1,MGS9940,G,Square,S,VGS13,,,
2,Y,Z,Round,R,G,Square,S,,,,handle,2YH-2,MGR9942,G,Round,R,VGR02,,,
2,Y,Z,Round,R,G,Square,S,,,,handle,2YH-2,MGS9942,G,Square,S,VGS02,,,
2,Y,Z,Round,R,G,Square,S,,,,switch,2YS-1,MGS9943,G,Square,S,VGS23,,◯,
2,Y,Z,Round,R,G,Square,S,,,,switch,2YS-2,MGS9941B,G,Square,S,VGS03,,,
2,Y,Z,Round,R,G,Square,S,,,,lever,2YL-1,MZS0232,Z,Square,S,VGS02,,,
2,Y,Z,Round,R,G,Square,S,,,,lever,2YL-1,MGR1132,G,Round,R,VGR02,,◯,RECOMMENDをZにするべきか？
2,Y,Z,Round,R,G,Square,S,,,,lever,2YL-1,MGR0132,G,Round,R,VGR02,,◯,RECOMMENDをZにするべきか？
2,Y,Z,Round,R,G,Square,S,,,,lever,2YL-1,MGR0332,G,Round,R,VGR02,,◯,RECOMMENDをZにするべきか？
2,Y,Z,Round,R,G,Square,S,,,,lever,2YL-1,MGS0732,G,Square,S,VGS02,,,
2,Y,Z,Round,R,G,Square,S,,,,lever,2YL-1,MGS0832,G,Square,S,VGS02,,,
2,Y,Z,Round,R,G,Square,S,,,,lever,2YL-1,MGS0932,G,Square,S,VGS02,,,
2,Y,Z,Round,R,G,Square,S,,,,lever,2YL-1,MGS1032,G,Square,S,VGS02,,,
2,Y,Z,Round,R,G,Square,S,,,,lever,2YL-1,MGS0432,G,Square,S,VGS02,,,
2,Y,Z,Round,R,G,Square,S,,,,lever,2YL-1,MGS0232,G,Square,S,VGS02,,,
2,Y,Z,Round,R,G,Square,S,,,,lever,2YL-1,MLR0132,L,Round,R,VGR02,,,
2,Y,Z,Round,R,G,Square,S,,,,lever,2YL-1,MLR0232,L,Round,R,VGR02,,,
2,Y,Z,Round,R,G,Square,S,,,,lever,2YL-1,MLR0332,L,Round,R,VGR02,,,
2,Y,Z,Round,R,G,Square,S,,,,lever,2YL-1,MLR0432,L,Round,R,VGR02,,,
2,Y,Z,Round,R,G,Square,S,,,,lever,2YL-2,MZS0231,Z,Square,S,VGS03,,,
2,Y,Z,Round,R,G,Square,S,,,,lever,2YL-2,MGR1131,G,Round,R,VGR03,,,
2,Y,Z,Round,R,G,Square,S,,,,lever,2YL-2,MGR0131,G,Round,R,VGR03,,,
2,Y,Z,Round,R,G,Square,S,,,,lever,2YL-2,MGR0331,G,Round,R,VGR03,,,
2,Y,Z,Round,R,G,Square,S,,,,lever,2YL-2,MGS0731,G,Square,S,VGS03,,,
2,Y,Z,Round,R,G,Square,S,,,,lever,2YL-2,MGS0831,G,Square,S,VGS03,,,
2,Y,Z,Round,R,G,Square,S,,,,lever,2YL-2,MGS0931,G,Square,S,VGS03,,,
2,Y,Z,Round,R,G,Square,S,,,,lever,2YL-2,MGS1031,G,Square,S,VGS03,,,
2,Y,Z,Round,R,G,Square,S,,,,lever,2YL-2,MGS0431,G,Square,S,VGS03,,,
2,Y,Z,Round,R,G,Square,S,,,,lever,2YL-2,MGS0231,G,Square,S,VGS03,,,
2,Y,Z,Round,R,G,Square,S,,,,lever,2YL-2,MLR0131,L,Round,R,VGR03,,,
2,Y,Z,Round,R,G,Square,S,,,,lever,2YL-2,MLR0231,L,Round,R,VGR03,,,
2,Y,Z,Round,R,G,Square,S,,,,lever,2YL-2,MLR0331,L,Round,R,VGR03,,,
2,Y,Z,Round,R,G,Square,S,,,,lever,2YL-2,MLR0431,L,Round,R,VGR03,,,
2,Y,Z,Square,S,G,Round,R,,,,handle,2YH-1,MGR9940,G,Round,R,VGR13,,◯,
2,Y,Z,Square,S,G,Round,R,,,,handle,2YH-1,MGS9940,G,Square,S,VGS13,,,
2,Y,Z,Square,S,G,Round,R,,,,handle,2YH-2,MGR9942,G,Round,R,VGR02,,,
2,Y,Z,Square,S,G,Round,R,,,,handle,2YH-2,MGS9942,G,Square,S,VGS02,,,
2,Y,Z,Square,S,G,Round,R,,,,switch,2YS-1,MGS9943,G,Square,S,VGS23,,◯,
2,Y,Z,Square,S,G,Round,R,,,,switch,2YS-2,MGS9941B,G,Square,S,VGS03,,,
2,Y,Z,Square,S,G,Round,R,,,,lever,2YL-1,MZS0232,Z,Square,S,VGS02,,,
2,Y,Z,Square,S,G,Round,R,,,,lever,2YL-1,MGR1132,G,Round,R,VGR02,,,
2,Y,Z,Square,S,G,Round,R,,,,lever,2YL-1,MGR0132,G,Round,R,VGR02,,,
2,Y,Z,Square,S,G,Round,R,,,,lever,2YL-1,MGR0332,G,Round,R,VGR02,,,
2,Y,Z,Square,S,G,Round,R,,,,lever,2YL-1,MGS0732,G,Square,S,VGS02,,◯,RECOMMENDをZにするべきか？（OHS/HS形状統一の考え方？）
2,Y,Z,Square,S,G,Round,R,,,,lever,2YL-1,MGS0832,G,Square,S,VGS02,,◯,RECOMMENDをZにするべきか？（OHS/HS形状統一の考え方？）
2,Y,Z,Square,S,G,Round,R,,,,lever,2YL-1,MGS0932,G,Square,S,VGS02,,◯,RECOMMENDをZにするべきか？（OHS/HS形状統一の考え方？）
2,Y,Z,Square,S,G,Round,R,,,,lever,2YL-1,MGS1032,G,Square,S,VGS02,,◯,RECOMMENDをZにするべきか？（OHS/HS形状統一の考え方？）
2,Y,Z,Square,S,G,Round,R,,,,lever,2YL-1,MGS0432,G,Square,S,VGS02,,◯,RECOMMENDをZにするべきか？（OHS/HS形状統一の考え方？）
2,Y,Z,Square,S,G,Round,R,,,,lever,2YL-1,MGS0232,G,Square,S,VGS02,,◯,RECOMMENDをZにするべきか？（OHS/HS形状統一の考え方？）
2,Y,Z,Square,S,G,Round,R,,,,lever,2YL-1,MLR0132,L,Round,R,VGR02,,,
2,Y,Z,Square,S,G,Round,R,,,,lever,2YL-1,MLR0232,L,Round,R,VGR02,,,
2,Y,Z,Square,S,G,Round,R,,,,lever,2YL-1,MLR0332,L,Round,R,VGR02,,,
2,Y,Z,Square,S,G,Round,R,,,,lever,2YL-1,MLR0432,L,Round,R,VGR02,,,
2,Y,Z,Square,S,G,Round,R,,,,lever,2YL-2,MZS0231,Z,Square,S,VGS03,,,
2,Y,Z,Square,S,G,Round,R,,,,lever,2YL-2,MGR1131,G,Round,R,VGR03,,,
2,Y,Z,Square,S,G,Round,R,,,,lever,2YL-2,MGR0131,G,Round,R,VGR03,,,
2,Y,Z,Square,S,G,Round,R,,,,lever,2YL-2,MGR0331,G,Round,R,VGR03,,,
2,Y,Z,Square,S,G,Round,R,,,,lever,2YL-2,MGS0731,G,Square,S,VGS03,,,
2,Y,Z,Square,S,G,Round,R,,,,lever,2YL-2,MGS0831,G,Square,S,VGS03,,,
2,Y,Z,Square,S,G,Round,R,,,,lever,2YL-2,MGS0931,G,Square,S,VGS03,,,
2,Y,Z,Square,S,G,Round,R,,,,lever,2YL-2,MGS1031,G,Square,S,VGS03,,,
2,Y,Z,Square,S,G,Round,R,,,,lever,2YL-2,MGS0431,G,Square,S,VGS03,,,
2,Y,Z,Square,S,G,Round,R,,,,lever,2YL-2,MGS0231,G,Square,S,VGS03,,,
2,Y,Z,Square,S,G,Round,R,,,,lever,2YL-2,MLR0131,L,Round,R,VGR03,,,
2,Y,Z,Square,S,G,Round,R,,,,lever,2YL-2,MLR0231,L,Round,R,VGR03,,,
2,Y,Z,Square,S,G,Round,R,,,,lever,2YL-2,MLR0331,L,Round,R,VGR03,,,
2,Y,Z,Square,S,G,Round,R,,,,lever,2YL-2,MLR0431,L,Round,R,VGR03,,,
2,Y,Z,Square,S,L,Round,R,,,,handle,2YH-1,MGR9940,G,Round,R,VGR13,,◯,
2,Y,Z,Square,S,L,Round,R,,,,handle,2YH-1,MGS9940,G,Square,S,VGS13,,,
2,Y,Z,Square,S,L,Round,R,,,,handle,2YH-2,MGR9942,G,Round,R,VGR02,,,
2,Y,Z,Square,S,L,Round,R,,,,handle,2YH-2,MGS9942,G,Square,S,VGS02,,,
2,Y,Z,Square,S,L,Round,R,,,,switch,2YS-1,MGS9943,G,Square,S,VGS23,,◯,
2,Y,Z,Square,S,L,Round,R,,,,switch,2YS-2,MGS9941B,G,Square,S,VGS03,,,
2,Y,Z,Square,S,L,Round,R,,,,lever,2YL-1,MZS0232,Z,Square,S,VGS02,,,
2,Y,Z,Square,S,L,Round,R,,,,lever,2YL-1,MGR1132,G,Round,R,VGR02,,,
2,Y,Z,Square,S,L,Round,R,,,,lever,2YL-1,MGR0132,G,Round,R,VGR02,,,
2,Y,Z,Square,S,L,Round,R,,,,lever,2YL-1,MGR0332,G,Round,R,VGR02,,,
2,Y,Z,Square,S,L,Round,R,,,,lever,2YL-1,MGS0732,G,Square,S,VGS02,,◯,RECOMMENDをZにするべきか？（OHS/HS形状統一の考え方？）
2,Y,Z,Square,S,L,Round,R,,,,lever,2YL-1,MGS0832,G,Square,S,VGS02,,◯,RECOMMENDをZにするべきか？（OHS/HS形状統一の考え方？）
2,Y,Z,Square,S,L,Round,R,,,,lever,2YL-1,MGS0932,G,Square,S,VGS02,,◯,RECOMMENDをZにするべきか？（OHS/HS形状統一の考え方？）
2,Y,Z,Square,S,L,Round,R,,,,lever,2YL-1,MGS1032,G,Square,S,VGS02,,◯,RECOMMENDをZにするべきか？（OHS/HS形状統一の考え方？）
2,Y,Z,Square,S,L,Round,R,,,,lever,2YL-1,MGS0432,G,Square,S,VGS02,,◯,RECOMMENDをZにするべきか？（OHS/HS形状統一の考え方？）
2,Y,Z,Square,S,L,Round,R,,,,lever,2YL-1,MGS0232,G,Square,S,VGS02,,◯,RECOMMENDをZにするべきか？（OHS/HS形状統一の考え方？）
2,Y,Z,Square,S,L,Round,R,,,,lever,2YL-1,MLR0132,L,Round,R,VGR02,,,
2,Y,Z,Square,S,L,Round,R,,,,lever,2YL-1,MLR0232,L,Round,R,VGR02,,,
2,Y,Z,Square,S,L,Round,R,,,,lever,2YL-1,MLR0332,L,Round,R,VGR02,,,
2,Y,Z,Square,S,L,Round,R,,,,lever,2YL-1,MLR0432,L,Round,R,VGR02,,,
2,Y,Z,Square,S,L,Round,R,,,,lever,2YL-2,MZS0231,Z,Square,S,VGS03,,,
2,Y,Z,Square,S,L,Round,R,,,,lever,2YL-2,MGR1131,G,Round,R,VGR03,,,
2,Y,Z,Square,S,L,Round,R,,,,lever,2YL-2,MGR0131,G,Round,R,VGR03,,,
2,Y,Z,Square,S,L,Round,R,,,,lever,2YL-2,MGR0331,G,Round,R,VGR03,,,
2,Y,Z,Square,S,L,Round,R,,,,lever,2YL-2,MGS0731,G,Square,S,VGS03,,,
2,Y,Z,Square,S,L,Round,R,,,,lever,2YL-2,MGS0831,G,Square,S,VGS03,,,
2,Y,Z,Square,S,L,Round,R,,,,lever,2YL-2,MGS0931,G,Square,S,VGS03,,,
2,Y,Z,Square,S,L,Round,R,,,,lever,2YL-2,MGS1031,G,Square,S,VGS03,,,
2,Y,Z,Square,S,L,Round,R,,,,lever,2YL-2,MGS0431,G,Square,S,VGS03,,,
2,Y,Z,Square,S,L,Round,R,,,,lever,2YL-2,MGS0231,G,Square,S,VGS03,,,
2,Y,Z,Square,S,L,Round,R,,,,lever,2YL-2,MLR0131,L,Round,R,VGR03,,,
2,Y,Z,Square,S,L,Round,R,,,,lever,2YL-2,MLR0231,L,Round,R,VGR03,,,
2,Y,Z,Square,S,L,Round,R,,,,lever,2YL-2,MLR0331,L,Round,R,VGR03,,,
2,Y,Z,Square,S,L,Round,R,,,,lever,2YL-2,MLR0431,L,Round,R,VGR03,,,
2,Y,Z,Square,S,G,Square,S,,,,handle,2YH-1,MGR9940,G,Round,R,VGR13,,,
2,Y,Z,Square,S,G,Square,S,,,,handle,2YH-1,MGS9940,G,Square,S,VGS13,,◯,
2,Y,Z,Square,S,G,Square,S,,,,handle,2YH-2,MGR9942,G,Round,R,VGR02,,,
2,Y,Z,Square,S,G,Square,S,,,,handle,2YH-2,MGS9942,G,Square,S,VGS02,,,
2,Y,Z,Square,S,G,Square,S,,,,switch,2YS-1,MGS9943,G,Square,S,VGS23,,◯,
2,Y,Z,Square,S,G,Square,S,,,,switch,2YS-2,MGS9941B,G,Square,S,VGS03,,,
2,Y,Z,Square,S,G,Square,S,,,,lever,2YL-1,MZS0232,Z,Square,S,VGS02,,,〇
2,Y,Z,Square,S,G,Square,S,,,,lever,2YL-1,MGR1132,G,Round,R,VGR02,,,↑
2,Y,Z,Square,S,G,Square,S,,,,lever,2YL-1,MGR0132,G,Round,R,VGR02,,,↑
2,Y,Z,Square,S,G,Square,S,,,,lever,2YL-1,MGR0332,G,Round,R,VGR02,,,↑
2,Y,Z,Square,S,G,Square,S,,,,lever,2YL-1,MGS0732,G,Square,S,VGS02,,◯,RECOMMENDをZにするべきか？
2,Y,Z,Square,S,G,Square,S,,,,lever,2YL-1,MGS0832,G,Square,S,VGS02,,◯,RECOMMENDをZにするべきか？
2,Y,Z,Square,S,G,Square,S,,,,lever,2YL-1,MGS0932,G,Square,S,VGS02,,◯,RECOMMENDをZにするべきか？
2,Y,Z,Square,S,G,Square,S,,,,lever,2YL-1,MGS1032,G,Square,S,VGS02,,◯,RECOMMENDをZにするべきか？
2,Y,Z,Square,S,G,Square,S,,,,lever,2YL-1,MGS0432,G,Square,S,VGS02,,◯,RECOMMENDをZにするべきか？
2,Y,Z,Square,S,G,Square,S,,,,lever,2YL-1,MGS0232,G,Square,S,VGS02,,◯,RECOMMENDをZにするべきか？
2,Y,Z,Square,S,G,Square,S,,,,lever,2YL-1,MLR0132,L,Round,R,VGR02,,,
2,Y,Z,Square,S,G,Square,S,,,,lever,2YL-1,MLR0232,L,Round,R,VGR02,,,
2,Y,Z,Square,S,G,Square,S,,,,lever,2YL-1,MLR0332,L,Round,R,VGR02,,,
2,Y,Z,Square,S,G,Square,S,,,,lever,2YL-1,MLR0432,L,Round,R,VGR02,,,
2,Y,Z,Square,S,G,Square,S,,,,lever,2YL-2,MZS0231,Z,Square,S,VGS03,,,
2,Y,Z,Square,S,G,Square,S,,,,lever,2YL-2,MGR1131,G,Round,R,VGR03,,,
2,Y,Z,Square,S,G,Square,S,,,,lever,2YL-2,MGR0131,G,Round,R,VGR03,,,
2,Y,Z,Square,S,G,Square,S,,,,lever,2YL-2,MGR0331,G,Round,R,VGR03,,,
2,Y,Z,Square,S,G,Square,S,,,,lever,2YL-2,MGS0731,G,Square,S,VGS03,,,
2,Y,Z,Square,S,G,Square,S,,,,lever,2YL-2,MGS0831,G,Square,S,VGS03,,,
2,Y,Z,Square,S,G,Square,S,,,,lever,2YL-2,MGS0931,G,Square,S,VGS03,,,
2,Y,Z,Square,S,G,Square,S,,,,lever,2YL-2,MGS1031,G,Square,S,VGS03,,,
2,Y,Z,Square,S,G,Square,S,,,,lever,2YL-2,MGS0431,G,Square,S,VGS03,,,
2,Y,Z,Square,S,G,Square,S,,,,lever,2YL-2,MGS0231,G,Square,S,VGS03,,,
2,Y,Z,Square,S,G,Square,S,,,,lever,2YL-2,MLR0131,L,Round,R,VGR03,,,
2,Y,Z,Square,S,G,Square,S,,,,lever,2YL-2,MLR0231,L,Round,R,VGR03,,,
2,Y,Z,Square,S,G,Square,S,,,,lever,2YL-2,MLR0331,L,Round,R,VGR03,,,
2,Y,Z,Square,S,G,Square,S,,,,lever,2YL-2,MLR0431,L,Round,R,VGR03,,,
2,N,G,Round,R,G,Round,R,,,,handle,2NH-1,MGR9942,G,Round,R,,,◯,
2,N,G,Round,R,G,Round,R,,,,handle,2NH-1,MGS9942,G,Square,S,,,,
2,N,G,Round,R,G,Round,R,,,,handle,2NH-2,MGR9940,G,Round,R,VGR01,VGR01,,
2,N,G,Round,R,G,Round,R,,,,handle,2NH-2,MGS9940,G,Square,S,VGS01,VGS01,,
2,N,G,Round,R,G,Round,R,,,,handle,2NH-3,MGR9940,G,Round,R,VGR01,VGR02,,
2,N,G,Round,R,G,Round,R,,,,handle,2NH-3,MGS9940,G,Square,S,VGS01,VGS02,,
2,N,G,Round,R,G,Round,R,,,,switch,2NS-1,MGS9942B,G,Square,S,,,◯,
2,N,G,Round,R,G,Round,R,,,,switch,2NS-2,MGS9941B,G,Square,S,VGS02,,,
2,N,G,Round,R,G,Round,R,,,,lever,2NL-1,MZS0232,Z,Square,S,,,,
2,N,G,Round,R,G,Round,R,,,,lever,2NL-1,MGR1132,G,Round,R,,,◯,
2,N,G,Round,R,G,Round,R,,,,lever,2NL-1,MGR0132,G,Round,R,,,◯,
2,N,G,Round,R,G,Round,R,,,,lever,2NL-1,MGR0332,G,Round,R,,,◯,
2,N,G,Round,R,G,Round,R,,,,lever,2NL-1,MGS0732,G,Square,S,,,,
2,N,G,Round,R,G,Round,R,,,,lever,2NL-1,MGS0832,G,Square,S,,,,
2,N,G,Round,R,G,Round,R,,,,lever,2NL-1,MGS0932,G,Square,S,,,,
2,N,G,Round,R,G,Round,R,,,,lever,2NL-1,MGS1032,G,Square,S,,,,
2,N,G,Round,R,G,Round,R,,,,lever,2NL-1,MGS0432,G,Square,S,,,,
2,N,G,Round,R,G,Round,R,,,,lever,2NL-1,MGS0232,G,Square,S,,,,
2,N,G,Round,R,G,Round,R,,,,lever,2NL-1,MLR0132,L,Round,R,,,,
2,N,G,Round,R,G,Round,R,,,,lever,2NL-1,MLR0232,L,Round,R,,,,
2,N,G,Round,R,G,Round,R,,,,lever,2NL-1,MLR0332,L,Round,R,,,,
2,N,G,Round,R,G,Round,R,,,,lever,2NL-1,MLR0432,L,Round,R,,,,
2,N,G,Round,R,G,Round,R,,,,lever,2NL-2,MZS0231,Z,Square,S,VGS02,,,
2,N,G,Round,R,G,Round,R,,,,lever,2NL-2,MGR1131,G,Round,R,VGR02,,,
2,N,G,Round,R,G,Round,R,,,,lever,2NL-2,MGR0131,G,Round,R,VGR02,,,
2,N,G,Round,R,G,Round,R,,,,lever,2NL-2,MGR0331,G,Round,R,VGR02,,,
2,N,G,Round,R,G,Round,R,,,,lever,2NL-2,MGS0731,G,Square,S,VGS02,,,
2,N,G,Round,R,G,Round,R,,,,lever,2NL-2,MGS0831,G,Square,S,VGS02,,,
2,N,G,Round,R,G,Round,R,,,,lever,2NL-2,MGS0931,G,Square,S,VGS02,,,
2,N,G,Round,R,G,Round,R,,,,lever,2NL-2,MGS1031,G,Square,S,VGS02,,,
2,N,G,Round,R,G,Round,R,,,,lever,2NL-2,MGS0431,G,Square,S,VGS02,,,
2,N,G,Round,R,G,Round,R,,,,lever,2NL-2,MGS0231,G,Square,S,VGS02,,,
2,N,G,Round,R,G,Round,R,,,,lever,2NL-2,MLR0131,L,Round,R,VGR02,,,
2,N,G,Round,R,G,Round,R,,,,lever,2NL-2,MLR0231,L,Round,R,VGR02,,,
2,N,G,Round,R,G,Round,R,,,,lever,2NL-2,MLR0331,L,Round,R,VGR02,,,
2,N,G,Round,R,G,Round,R,,,,lever,2NL-2,MLR0431,L,Round,R,VGR02,,,
2,N,G,Round,R,L,Round,R,,,,handle,2NH-1,MGR9942,G,Round,R,,,◯,
2,N,G,Round,R,L,Round,R,,,,handle,2NH-1,MGS9942,G,Square,S,,,,
2,N,G,Round,R,L,Round,R,,,,handle,2NH-2,MGR9940,G,Round,R,VGR01,VGR01,,
2,N,G,Round,R,L,Round,R,,,,handle,2NH-2,MGS9940,G,Square,S,VGS01,VGS01,,
2,N,G,Round,R,L,Round,R,,,,handle,2NH-3,MGR9940,G,Round,R,VGR01,VGR02,,
2,N,G,Round,R,L,Round,R,,,,handle,2NH-3,MGS9940,G,Square,S,VGS01,VGS02,,
2,N,G,Round,R,L,Round,R,,,,switch,2NS-1,MGS9942B,G,Square,S,,,◯,
2,N,G,Round,R,L,Round,R,,,,switch,2NS-2,MGS9941B,G,Square,S,VGS02,,,
2,N,G,Round,R,L,Round,R,,,,lever,2NL-1,MZS0232,Z,Square,S,,,,
2,N,G,Round,R,L,Round,R,,,,lever,2NL-1,MGR1132,G,Round,R,,,◯,
2,N,G,Round,R,L,Round,R,,,,lever,2NL-1,MGR0132,G,Round,R,,,◯,
2,N,G,Round,R,L,Round,R,,,,lever,2NL-1,MGR0332,G,Round,R,,,◯,
2,N,G,Round,R,L,Round,R,,,,lever,2NL-1,MGS0732,G,Square,S,,,,
2,N,G,Round,R,L,Round,R,,,,lever,2NL-1,MGS0832,G,Square,S,,,,
2,N,G,Round,R,L,Round,R,,,,lever,2NL-1,MGS0932,G,Square,S,,,,
2,N,G,Round,R,L,Round,R,,,,lever,2NL-1,MGS1032,G,Square,S,,,,
2,N,G,Round,R,L,Round,R,,,,lever,2NL-1,MGS0432,G,Square,S,,,,
2,N,G,Round,R,L,Round,R,,,,lever,2NL-1,MGS0232,G,Square,S,,,,
2,N,G,Round,R,L,Round,R,,,,lever,2NL-1,MLR0132,L,Round,R,,,,
2,N,G,Round,R,L,Round,R,,,,lever,2NL-1,MLR0232,L,Round,R,,,,
2,N,G,Round,R,L,Round,R,,,,lever,2NL-1,MLR0332,L,Round,R,,,,
2,N,G,Round,R,L,Round,R,,,,lever,2NL-1,MLR0432,L,Round,R,,,,
2,N,G,Round,R,L,Round,R,,,,lever,2NL-2,MZS0231,Z,Square,S,VGS02,,,
2,N,G,Round,R,L,Round,R,,,,lever,2NL-2,MGR1131,G,Round,R,VGR02,,,
2,N,G,Round,R,L,Round,R,,,,lever,2NL-2,MGR0131,G,Round,R,VGR02,,,
2,N,G,Round,R,L,Round,R,,,,lever,2NL-2,MGR0331,G,Round,R,VGR02,,,
2,N,G,Round,R,L,Round,R,,,,lever,2NL-2,MGS0731,G,Square,S,VGS02,,,
2,N,G,Round,R,L,Round,R,,,,lever,2NL-2,MGS0831,G,Square,S,VGS02,,,
2,N,G,Round,R,L,Round,R,,,,lever,2NL-2,MGS0931,G,Square,S,VGS02,,,
2,N,G,Round,R,L,Round,R,,,,lever,2NL-2,MGS1031,G,Square,S,VGS02,,,
2,N,G,Round,R,L,Round,R,,,,lever,2NL-2,MGS0431,G,Square,S,VGS02,,,
2,N,G,Round,R,L,Round,R,,,,lever,2NL-2,MGS0231,G,Square,S,VGS02,,,
2,N,G,Round,R,L,Round,R,,,,lever,2NL-2,MLR0131,L,Round,R,VGR02,,,
2,N,G,Round,R,L,Round,R,,,,lever,2NL-2,MLR0231,L,Round,R,VGR02,,,
2,N,G,Round,R,L,Round,R,,,,lever,2NL-2,MLR0331,L,Round,R,VGR02,,,
2,N,G,Round,R,L,Round,R,,,,lever,2NL-2,MLR0431,L,Round,R,VGR02,,,
2,N,G,Round,R,G,Square,S,,,,handle,2NH-1,MGR9942,G,Round,R,,,◯,
2,N,G,Round,R,G,Square,S,,,,handle,2NH-1,MGS9942,G,Square,S,,,,
2,N,G,Round,R,G,Square,S,,,,handle,2NH-2,MGR9940,G,Round,R,VGR01,VGR01,,
2,N,G,Round,R,G,Square,S,,,,handle,2NH-2,MGS9940,G,Square,S,VGS01,VGS01,,
2,N,G,Round,R,G,Square,S,,,,handle,2NH-3,MGR9940,G,Round,R,VGR01,VGR02,,
2,N,G,Round,R,G,Square,S,,,,handle,2NH-3,MGS9940,G,Square,S,VGS01,VGS02,,
2,N,G,Round,R,G,Square,S,,,,switch,2NS-1,MGS9942B,G,Square,S,,,◯,
2,N,G,Round,R,G,Square,S,,,,switch,2NS-2,MGS9941B,G,Square,S,VGS02,,,
2,N,G,Round,R,G,Square,S,,,,lever,2NL-1,MZS0232,Z,Square,S,,,,
2,N,G,Round,R,G,Square,S,,,,lever,2NL-1,MGR1132,G,Round,R,,,◯,
2,N,G,Round,R,G,Square,S,,,,lever,2NL-1,MGR0132,G,Round,R,,,◯,
2,N,G,Round,R,G,Square,S,,,,lever,2NL-1,MGR0332,G,Round,R,,,◯,
2,N,G,Round,R,G,Square,S,,,,lever,2NL-1,MGS0732,G,Square,S,,,,
2,N,G,Round,R,G,Square,S,,,,lever,2NL-1,MGS0832,G,Square,S,,,,
2,N,G,Round,R,G,Square,S,,,,lever,2NL-1,MGS0932,G,Square,S,,,,
2,N,G,Round,R,G,Square,S,,,,lever,2NL-1,MGS1032,G,Square,S,,,,
2,N,G,Round,R,G,Square,S,,,,lever,2NL-1,MGS0432,G,Square,S,,,,
2,N,G,Round,R,G,Square,S,,,,lever,2NL-1,MGS0232,G,Square,S,,,,
2,N,G,Round,R,G,Square,S,,,,lever,2NL-1,MLR0132,L,Round,R,,,,
2,N,G,Round,R,G,Square,S,,,,lever,2NL-1,MLR0232,L,Round,R,,,,
2,N,G,Round,R,G,Square,S,,,,lever,2NL-1,MLR0332,L,Round,R,,,,
2,N,G,Round,R,G,Square,S,,,,lever,2NL-1,MLR0432,L,Round,R,,,,
2,N,G,Round,R,G,Square,S,,,,lever,2NL-2,MZS0231,Z,Square,S,VGS02,,,
2,N,G,Round,R,G,Square,S,,,,lever,2NL-2,MGR1131,G,Round,R,VGR02,,,
2,N,G,Round,R,G,Square,S,,,,lever,2NL-2,MGR0131,G,Round,R,VGR02,,,
2,N,G,Round,R,G,Square,S,,,,lever,2NL-2,MGR0331,G,Round,R,VGR02,,,
2,N,G,Round,R,G,Square,S,,,,lever,2NL-2,MGS0731,G,Square,S,VGS02,,,
2,N,G,Round,R,G,Square,S,,,,lever,2NL-2,MGS0831,G,Square,S,VGS02,,,
2,N,G,Round,R,G,Square,S,,,,lever,2NL-2,MGS0931,G,Square,S,VGS02,,,
2,N,G,Round,R,G,Square,S,,,,lever,2NL-2,MGS1031,G,Square,S,VGS02,,,
2,N,G,Round,R,G,Square,S,,,,lever,2NL-2,MGS0431,G,Square,S,VGS02,,,
2,N,G,Round,R,G,Square,S,,,,lever,2NL-2,MGS0231,G,Square,S,VGS02,,,
2,N,G,Round,R,G,Square,S,,,,lever,2NL-2,MLR0131,L,Round,R,VGR02,,,
2,N,G,Round,R,G,Square,S,,,,lever,2NL-2,MLR0231,L,Round,R,VGR02,,,
2,N,G,Round,R,G,Square,S,,,,lever,2NL-2,MLR0331,L,Round,R,VGR02,,,
2,N,G,Round,R,G,Square,S,,,,lever,2NL-2,MLR0431,L,Round,R,VGR02,,,
2,N,L,Round,R,G,Round,R,,,,handle,2NH-1,MGR9942,G,Round,R,,,◯,
2,N,L,Round,R,G,Round,R,,,,handle,2NH-1,MGS9942,G,Square,S,,,,
2,N,L,Round,R,G,Round,R,,,,handle,2NH-2,MGR9940,G,Round,R,VGR01,VGR01,,
2,N,L,Round,R,G,Round,R,,,,handle,2NH-2,MGS9940,G,Square,S,VGS01,VGS01,,
2,N,L,Round,R,G,Round,R,,,,handle,2NH-3,MGR9940,G,Round,R,VGR01,VGR02,,
2,N,L,Round,R,G,Round,R,,,,handle,2NH-3,MGS9940,G,Square,S,VGS01,VGS02,,
2,N,L,Round,R,G,Round,R,,,,switch,2NS-1,MGS9942B,G,Square,S,,,◯,
2,N,L,Round,R,G,Round,R,,,,switch,2NS-2,MGS9941B,G,Square,S,VGS02,,,
2,N,L,Round,R,G,Round,R,,,,lever,2NL-1,MZS0232,Z,Square,S,,,,
2,N,L,Round,R,G,Round,R,,,,lever,2NL-1,MGR1132,G,Round,R,,,,
2,N,L,Round,R,G,Round,R,,,,lever,2NL-1,MGR0132,G,Round,R,,,,
2,N,L,Round,R,G,Round,R,,,,lever,2NL-1,MGR0332,G,Round,R,,,,
2,N,L,Round,R,G,Round,R,,,,lever,2NL-1,MGS0732,G,Square,S,,,,
2,N,L,Round,R,G,Round,R,,,,lever,2NL-1,MGS0832,G,Square,S,,,,
2,N,L,Round,R,G,Round,R,,,,lever,2NL-1,MGS0932,G,Square,S,,,,
2,N,L,Round,R,G,Round,R,,,,lever,2NL-1,MGS1032,G,Square,S,,,,
2,N,L,Round,R,G,Round,R,,,,lever,2NL-1,MGS0432,G,Square,S,,,,
2,N,L,Round,R,G,Round,R,,,,lever,2NL-1,MGS0232,G,Square,S,,,,
2,N,L,Round,R,G,Round,R,,,,lever,2NL-1,MLR0132,L,Round,R,,,◯,
2,N,L,Round,R,G,Round,R,,,,lever,2NL-1,MLR0232,L,Round,R,,,◯,
2,N,L,Round,R,G,Round,R,,,,lever,2NL-1,MLR0332,L,Round,R,,,◯,
2,N,L,Round,R,G,Round,R,,,,lever,2NL-1,MLR0432,L,Round,R,,,◯,
2,N,L,Round,R,G,Round,R,,,,lever,2NL-2,MZS0231,Z,Square,S,VGS02,,,
2,N,L,Round,R,G,Round,R,,,,lever,2NL-2,MGR1131,G,Round,R,VGR02,,,
2,N,L,Round,R,G,Round,R,,,,lever,2NL-2,MGR0131,G,Round,R,VGR02,,,
2,N,L,Round,R,G,Round,R,,,,lever,2NL-2,MGR0331,G,Round,R,VGR02,,,
2,N,L,Round,R,G,Round,R,,,,lever,2NL-2,MGS0731,G,Square,S,VGS02,,,
2,N,L,Round,R,G,Round,R,,,,lever,2NL-2,MGS0831,G,Square,S,VGS02,,,
2,N,L,Round,R,G,Round,R,,,,lever,2NL-2,MGS0931,G,Square,S,VGS02,,,
2,N,L,Round,R,G,Round,R,,,,lever,2NL-2,MGS1031,G,Square,S,VGS02,,,
2,N,L,Round,R,G,Round,R,,,,lever,2NL-2,MGS0431,G,Square,S,VGS02,,,
2,N,L,Round,R,G,Round,R,,,,lever,2NL-2,MGS0231,G,Square,S,VGS02,,,
2,N,L,Round,R,G,Round,R,,,,lever,2NL-2,MLR0131,L,Round,R,VGR02,,,
2,N,L,Round,R,G,Round,R,,,,lever,2NL-2,MLR0231,L,Round,R,VGR02,,,
2,N,L,Round,R,G,Round,R,,,,lever,2NL-2,MLR0331,L,Round,R,VGR02,,,
2,N,L,Round,R,G,Round,R,,,,lever,2NL-2,MLR0431,L,Round,R,VGR02,,,
2,N,L,Round,R,L,Round,R,,,,handle,2NH-1,MGR9942,G,Round,R,,,◯,
2,N,L,Round,R,L,Round,R,,,,handle,2NH-1,MGS9942,G,Square,S,,,,
2,N,L,Round,R,L,Round,R,,,,handle,2NH-2,MGR9940,G,Round,R,VGR01,VGR01,,
2,N,L,Round,R,L,Round,R,,,,handle,2NH-2,MGS9940,G,Square,S,VGS01,VGS01,,
2,N,L,Round,R,L,Round,R,,,,handle,2NH-3,MGR9940,G,Round,R,VGR01,VGR02,,
2,N,L,Round,R,L,Round,R,,,,handle,2NH-3,MGS9940,G,Square,S,VGS01,VGS02,,
2,N,L,Round,R,L,Round,R,,,,switch,2NS-1,MGS9942B,G,Square,S,,,◯,
2,N,L,Round,R,L,Round,R,,,,switch,2NS-2,MGS9941B,G,Square,S,VGS02,,,
2,N,L,Round,R,L,Round,R,,,,lever,2NL-1,MZS0232,Z,Square,S,,,,
2,N,L,Round,R,L,Round,R,,,,lever,2NL-1,MGR1132,G,Round,R,,,,
2,N,L,Round,R,L,Round,R,,,,lever,2NL-1,MGR0132,G,Round,R,,,,
2,N,L,Round,R,L,Round,R,,,,lever,2NL-1,MGR0332,G,Round,R,,,,
2,N,L,Round,R,L,Round,R,,,,lever,2NL-1,MGS0732,G,Square,S,,,,
2,N,L,Round,R,L,Round,R,,,,lever,2NL-1,MGS0832,G,Square,S,,,,
2,N,L,Round,R,L,Round,R,,,,lever,2NL-1,MGS0932,G,Square,S,,,,
2,N,L,Round,R,L,Round,R,,,,lever,2NL-1,MGS1032,G,Square,S,,,,
2,N,L,Round,R,L,Round,R,,,,lever,2NL-1,MGS0432,G,Square,S,,,,
2,N,L,Round,R,L,Round,R,,,,lever,2NL-1,MGS0232,G,Square,S,,,,
2,N,L,Round,R,L,Round,R,,,,lever,2NL-1,MLR0132,L,Round,R,,,◯,
2,N,L,Round,R,L,Round,R,,,,lever,2NL-1,MLR0232,L,Round,R,,,◯,
2,N,L,Round,R,L,Round,R,,,,lever,2NL-1,MLR0332,L,Round,R,,,◯,
2,N,L,Round,R,L,Round,R,,,,lever,2NL-1,MLR0432,L,Round,R,,,◯,
2,N,L,Round,R,L,Round,R,,,,lever,2NL-2,MZS0231,Z,Square,S,VGS02,,,
2,N,L,Round,R,L,Round,R,,,,lever,2NL-2,MGR1131,G,Round,R,VGR02,,,
2,N,L,Round,R,L,Round,R,,,,lever,2NL-2,MGR0131,G,Round,R,VGR02,,,
2,N,L,Round,R,L,Round,R,,,,lever,2NL-2,MGR0331,G,Round,R,VGR02,,,
2,N,L,Round,R,L,Round,R,,,,lever,2NL-2,MGS0731,G,Square,S,VGS02,,,
2,N,L,Round,R,L,Round,R,,,,lever,2NL-2,MGS0831,G,Square,S,VGS02,,,
2,N,L,Round,R,L,Round,R,,,,lever,2NL-2,MGS0931,G,Square,S,VGS02,,,
2,N,L,Round,R,L,Round,R,,,,lever,2NL-2,MGS1031,G,Square,S,VGS02,,,
2,N,L,Round,R,L,Round,R,,,,lever,2NL-2,MGS0431,G,Square,S,VGS02,,,
2,N,L,Round,R,L,Round,R,,,,lever,2NL-2,MGS0231,G,Square,S,VGS02,,,
2,N,L,Round,R,L,Round,R,,,,lever,2NL-2,MLR0131,L,Round,R,VGR02,,,
2,N,L,Round,R,L,Round,R,,,,lever,2NL-2,MLR0231,L,Round,R,VGR02,,,
2,N,L,Round,R,L,Round,R,,,,lever,2NL-2,MLR0331,L,Round,R,VGR02,,,
2,N,L,Round,R,L,Round,R,,,,lever,2NL-2,MLR0431,L,Round,R,VGR02,,,
2,N,L,Round,R,G,Square,S,,,,handle,2NH-1,MGR9942,G,Round,R,,,◯,
2,N,L,Round,R,G,Square,S,,,,handle,2NH-1,MGS9942,G,Square,S,,,,
2,N,L,Round,R,G,Square,S,,,,handle,2NH-2,MGR9940,G,Round,R,VGR01,VGR01,,
2,N,L,Round,R,G,Square,S,,,,handle,2NH-2,MGS9940,G,Square,S,VGS01,VGS01,,
2,N,L,Round,R,G,Square,S,,,,handle,2NH-3,MGR9940,G,Round,R,VGR01,VGR02,,
2,N,L,Round,R,G,Square,S,,,,handle,2NH-3,MGS9940,G,Square,S,VGS01,VGS02,,
2,N,L,Round,R,G,Square,S,,,,switch,2NS-1,MGS9942B,G,Square,S,,,◯,
2,N,L,Round,R,G,Square,S,,,,switch,2NS-2,MGS9941B,G,Square,S,VGS02,,,
2,N,L,Round,R,G,Square,S,,,,lever,2NL-1,MZS0232,Z,Square,S,,,,
2,N,L,Round,R,G,Square,S,,,,lever,2NL-1,MGR1132,G,Round,R,,,,
2,N,L,Round,R,G,Square,S,,,,lever,2NL-1,MGR0132,G,Round,R,,,,
2,N,L,Round,R,G,Square,S,,,,lever,2NL-1,MGR0332,G,Round,R,,,,
2,N,L,Round,R,G,Square,S,,,,lever,2NL-1,MGS0732,G,Square,S,,,,
2,N,L,Round,R,G,Square,S,,,,lever,2NL-1,MGS0832,G,Square,S,,,,
2,N,L,Round,R,G,Square,S,,,,lever,2NL-1,MGS0932,G,Square,S,,,,
2,N,L,Round,R,G,Square,S,,,,lever,2NL-1,MGS1032,G,Square,S,,,,
2,N,L,Round,R,G,Square,S,,,,lever,2NL-1,MGS0432,G,Square,S,,,,
2,N,L,Round,R,G,Square,S,,,,lever,2NL-1,MGS0232,G,Square,S,,,,
2,N,L,Round,R,G,Square,S,,,,lever,2NL-1,MLR0132,L,Round,R,,,◯,
2,N,L,Round,R,G,Square,S,,,,lever,2NL-1,MLR0232,L,Round,R,,,◯,
2,N,L,Round,R,G,Square,S,,,,lever,2NL-1,MLR0332,L,Round,R,,,◯,
2,N,L,Round,R,G,Square,S,,,,lever,2NL-1,MLR0432,L,Round,R,,,◯,
2,N,L,Round,R,G,Square,S,,,,lever,2NL-2,MZS0231,Z,Square,S,VGS02,,,
2,N,L,Round,R,G,Square,S,,,,lever,2NL-2,MGR1131,G,Round,R,VGR02,,,
2,N,L,Round,R,G,Square,S,,,,lever,2NL-2,MGR0131,G,Round,R,VGR02,,,
2,N,L,Round,R,G,Square,S,,,,lever,2NL-2,MGR0331,G,Round,R,VGR02,,,
2,N,L,Round,R,G,Square,S,,,,lever,2NL-2,MGS0731,G,Square,S,VGS02,,,
2,N,L,Round,R,G,Square,S,,,,lever,2NL-2,MGS0831,G,Square,S,VGS02,,,
2,N,L,Round,R,G,Square,S,,,,lever,2NL-2,MGS0931,G,Square,S,VGS02,,,
2,N,L,Round,R,G,Square,S,,,,lever,2NL-2,MGS1031,G,Square,S,VGS02,,,
2,N,L,Round,R,G,Square,S,,,,lever,2NL-2,MGS0431,G,Square,S,VGS02,,,
2,N,L,Round,R,G,Square,S,,,,lever,2NL-2,MGS0231,G,Square,S,VGS02,,,
2,N,L,Round,R,G,Square,S,,,,lever,2NL-2,MLR0131,L,Round,R,VGR02,,,
2,N,L,Round,R,G,Square,S,,,,lever,2NL-2,MLR0231,L,Round,R,VGR02,,,
2,N,L,Round,R,G,Square,S,,,,lever,2NL-2,MLR0331,L,Round,R,VGR02,,,
2,N,L,Round,R,G,Square,S,,,,lever,2NL-2,MLR0431,L,Round,R,VGR02,,,
2,N,G,Square,S,G,Round,R,,,,handle,2NH-1,MGR9942,G,Round,R,,,,
2,N,G,Square,S,G,Round,R,,,,handle,2NH-1,MGS9942,G,Square,S,,,◯,
2,N,G,Square,S,G,Round,R,,,,handle,2NH-2,MGR9940,G,Round,R,VGR01,VGR01,,
2,N,G,Square,S,G,Round,R,,,,handle,2NH-2,MGS9940,G,Square,S,VGS01,VGS01,,
2,N,G,Square,S,G,Round,R,,,,handle,2NH-3,MGR9940,G,Round,R,VGR01,VGR02,,
2,N,G,Square,S,G,Round,R,,,,handle,2NH-3,MGS9940,G,Square,S,VGS01,VGS02,,
2,N,G,Square,S,G,Round,R,,,,switch,2NS-1,MGS9942B,G,Square,S,,,◯,
2,N,G,Square,S,G,Round,R,,,,switch,2NS-2,MGS9941B,G,Square,S,VGS02,,,
2,N,G,Square,S,G,Round,R,,,,lever,2NL-1,MZS0232,Z,Square,S,,,,
2,N,G,Square,S,G,Round,R,,,,lever,2NL-1,MGR1132,G,Round,R,,,,
2,N,G,Square,S,G,Round,R,,,,lever,2NL-1,MGR0132,G,Round,R,,,,
2,N,G,Square,S,G,Round,R,,,,lever,2NL-1,MGR0332,G,Round,R,,,,
2,N,G,Square,S,G,Round,R,,,,lever,2NL-1,MGS0732,G,Square,S,,,◯,
2,N,G,Square,S,G,Round,R,,,,lever,2NL-1,MGS0832,G,Square,S,,,◯,
2,N,G,Square,S,G,Round,R,,,,lever,2NL-1,MGS0932,G,Square,S,,,◯,
2,N,G,Square,S,G,Round,R,,,,lever,2NL-1,MGS1032,G,Square,S,,,◯,
2,N,G,Square,S,G,Round,R,,,,lever,2NL-1,MGS0432,G,Square,S,,,◯,
2,N,G,Square,S,G,Round,R,,,,lever,2NL-1,MGS0232,G,Square,S,,,◯,
2,N,G,Square,S,G,Round,R,,,,lever,2NL-1,MLR0132,L,Round,R,,,,
2,N,G,Square,S,G,Round,R,,,,lever,2NL-1,MLR0232,L,Round,R,,,,
2,N,G,Square,S,G,Round,R,,,,lever,2NL-1,MLR0332,L,Round,R,,,,
2,N,G,Square,S,G,Round,R,,,,lever,2NL-1,MLR0432,L,Round,R,,,,
2,N,G,Square,S,G,Round,R,,,,lever,2NL-2,MZS0231,Z,Square,S,VGS02,,,
2,N,G,Square,S,G,Round,R,,,,lever,2NL-2,MGR1131,G,Round,R,VGR02,,,
2,N,G,Square,S,G,Round,R,,,,lever,2NL-2,MGR0131,G,Round,R,VGR02,,,
2,N,G,Square,S,G,Round,R,,,,lever,2NL-2,MGR0331,G,Round,R,VGR02,,,
2,N,G,Square,S,G,Round,R,,,,lever,2NL-2,MGS0731,G,Square,S,VGS02,,,
2,N,G,Square,S,G,Round,R,,,,lever,2NL-2,MGS0831,G,Square,S,VGS02,,,
2,N,G,Square,S,G,Round,R,,,,lever,2NL-2,MGS0931,G,Square,S,VGS02,,,
2,N,G,Square,S,G,Round,R,,,,lever,2NL-2,MGS1031,G,Square,S,VGS02,,,
2,N,G,Square,S,G,Round,R,,,,lever,2NL-2,MGS0431,G,Square,S,VGS02,,,
2,N,G,Square,S,G,Round,R,,,,lever,2NL-2,MGS0231,G,Square,S,VGS02,,,
2,N,G,Square,S,G,Round,R,,,,lever,2NL-2,MLR0131,L,Round,R,VGR02,,,
2,N,G,Square,S,G,Round,R,,,,lever,2NL-2,MLR0231,L,Round,R,VGR02,,,
2,N,G,Square,S,G,Round,R,,,,lever,2NL-2,MLR0331,L,Round,R,VGR02,,,
2,N,G,Square,S,G,Round,R,,,,lever,2NL-2,MLR0431,L,Round,R,VGR02,,,
2,N,G,Square,S,L,Round,R,,,,handle,2NH-1,MGR9942,G,Round,R,,,,
2,N,G,Square,S,L,Round,R,,,,handle,2NH-1,MGS9942,G,Square,S,,,◯,
2,N,G,Square,S,L,Round,R,,,,handle,2NH-2,MGR9940,G,Round,R,VGR01,VGR01,,
2,N,G,Square,S,L,Round,R,,,,handle,2NH-2,MGS9940,G,Square,S,VGS01,VGS01,,
2,N,G,Square,S,L,Round,R,,,,handle,2NH-3,MGR9940,G,Round,R,VGR01,VGR02,,
2,N,G,Square,S,L,Round,R,,,,handle,2NH-3,MGS9940,G,Square,S,VGS01,VGS02,,
2,N,G,Square,S,L,Round,R,,,,switch,2NS-1,MGS9942B,G,Square,S,,,◯,
2,N,G,Square,S,L,Round,R,,,,switch,2NS-2,MGS9941B,G,Square,S,VGS02,,,
2,N,G,Square,S,L,Round,R,,,,lever,2NL-1,MZS0232,Z,Square,S,,,,
2,N,G,Square,S,L,Round,R,,,,lever,2NL-1,MGR1132,G,Round,R,,,,
2,N,G,Square,S,L,Round,R,,,,lever,2NL-1,MGR0132,G,Round,R,,,,
2,N,G,Square,S,L,Round,R,,,,lever,2NL-1,MGR0332,G,Round,R,,,,
2,N,G,Square,S,L,Round,R,,,,lever,2NL-1,MGS0732,G,Square,S,,,◯,
2,N,G,Square,S,L,Round,R,,,,lever,2NL-1,MGS0832,G,Square,S,,,◯,
2,N,G,Square,S,L,Round,R,,,,lever,2NL-1,MGS0932,G,Square,S,,,◯,
2,N,G,Square,S,L,Round,R,,,,lever,2NL-1,MGS1032,G,Square,S,,,◯,
2,N,G,Square,S,L,Round,R,,,,lever,2NL-1,MGS0432,G,Square,S,,,◯,
2,N,G,Square,S,L,Round,R,,,,lever,2NL-1,MGS0232,G,Square,S,,,◯,
2,N,G,Square,S,L,Round,R,,,,lever,2NL-1,MLR0132,L,Round,R,,,,
2,N,G,Square,S,L,Round,R,,,,lever,2NL-1,MLR0232,L,Round,R,,,,
2,N,G,Square,S,L,Round,R,,,,lever,2NL-1,MLR0332,L,Round,R,,,,
2,N,G,Square,S,L,Round,R,,,,lever,2NL-1,MLR0432,L,Round,R,,,,
2,N,G,Square,S,L,Round,R,,,,lever,2NL-2,MZS0231,Z,Square,S,VGS02,,,
2,N,G,Square,S,L,Round,R,,,,lever,2NL-2,MGR1131,G,Round,R,VGR02,,,
2,N,G,Square,S,L,Round,R,,,,lever,2NL-2,MGR0131,G,Round,R,VGR02,,,
2,N,G,Square,S,L,Round,R,,,,lever,2NL-2,MGR0331,G,Round,R,VGR02,,,
2,N,G,Square,S,L,Round,R,,,,lever,2NL-2,MGS0731,G,Square,S,VGS02,,,
2,N,G,Square,S,L,Round,R,,,,lever,2NL-2,MGS0831,G,Square,S,VGS02,,,
2,N,G,Square,S,L,Round,R,,,,lever,2NL-2,MGS0931,G,Square,S,VGS02,,,
2,N,G,Square,S,L,Round,R,,,,lever,2NL-2,MGS1031,G,Square,S,VGS02,,,
2,N,G,Square,S,L,Round,R,,,,lever,2NL-2,MGS0431,G,Square,S,VGS02,,,
2,N,G,Square,S,L,Round,R,,,,lever,2NL-2,MGS0231,G,Square,S,VGS02,,,
2,N,G,Square,S,L,Round,R,,,,lever,2NL-2,MLR0131,L,Round,R,VGR02,,,
2,N,G,Square,S,L,Round,R,,,,lever,2NL-2,MLR0231,L,Round,R,VGR02,,,
2,N,G,Square,S,L,Round,R,,,,lever,2NL-2,MLR0331,L,Round,R,VGR02,,,
2,N,G,Square,S,L,Round,R,,,,lever,2NL-2,MLR0431,L,Round,R,VGR02,,,
2,N,G,Square,S,G,Square,S,,,,handle,2NH-1,MGR9942,G,Round,R,,,,
2,N,G,Square,S,G,Square,S,,,,handle,2NH-1,MGS9942,G,Square,S,,,◯,
2,N,G,Square,S,G,Square,S,,,,handle,2NH-2,MGR9940,G,Round,R,VGR01,VGR01,,
2,N,G,Square,S,G,Square,S,,,,handle,2NH-2,MGS9940,G,Square,S,VGS01,VGS01,,
2,N,G,Square,S,G,Square,S,,,,handle,2NH-3,MGR9940,G,Round,R,VGR01,VGR02,,
2,N,G,Square,S,G,Square,S,,,,handle,2NH-3,MGS9940,G,Square,S,VGS01,VGS02,,
2,N,G,Square,S,G,Square,S,,,,switch,2NS-1,MGS9942B,G,Square,S,,,◯,
2,N,G,Square,S,G,Square,S,,,,switch,2NS-2,MGS9941B,G,Square,S,VGS02,,,
2,N,G,Square,S,G,Square,S,,,,lever,2NL-1,MZS0232,Z,Square,S,,,,
2,N,G,Square,S,G,Square,S,,,,lever,2NL-1,MGR1132,G,Round,R,,,,
2,N,G,Square,S,G,Square,S,,,,lever,2NL-1,MGR0132,G,Round,R,,,,
2,N,G,Square,S,G,Square,S,,,,lever,2NL-1,MGR0332,G,Round,R,,,,
2,N,G,Square,S,G,Square,S,,,,lever,2NL-1,MGS0732,G,Square,S,,,◯,
2,N,G,Square,S,G,Square,S,,,,lever,2NL-1,MGS0832,G,Square,S,,,◯,
2,N,G,Square,S,G,Square,S,,,,lever,2NL-1,MGS0932,G,Square,S,,,◯,
2,N,G,Square,S,G,Square,S,,,,lever,2NL-1,MGS1032,G,Square,S,,,◯,
2,N,G,Square,S,G,Square,S,,,,lever,2NL-1,MGS0432,G,Square,S,,,◯,
2,N,G,Square,S,G,Square,S,,,,lever,2NL-1,MGS0232,G,Square,S,,,◯,
2,N,G,Square,S,G,Square,S,,,,lever,2NL-1,MLR0132,L,Round,R,,,,
2,N,G,Square,S,G,Square,S,,,,lever,2NL-1,MLR0232,L,Round,R,,,,
2,N,G,Square,S,G,Square,S,,,,lever,2NL-1,MLR0332,L,Round,R,,,,
2,N,G,Square,S,G,Square,S,,,,lever,2NL-1,MLR0432,L,Round,R,,,,
2,N,G,Square,S,G,Square,S,,,,lever,2NL-2,MZS0231,Z,Square,S,VGS02,,,
2,N,G,Square,S,G,Square,S,,,,lever,2NL-2,MGR1131,G,Round,R,VGR02,,,
2,N,G,Square,S,G,Square,S,,,,lever,2NL-2,MGR0131,G,Round,R,VGR02,,,
2,N,G,Square,S,G,Square,S,,,,lever,2NL-2,MGR0331,G,Round,R,VGR02,,,
2,N,G,Square,S,G,Square,S,,,,lever,2NL-2,MGS0731,G,Square,S,VGS02,,,
2,N,G,Square,S,G,Square,S,,,,lever,2NL-2,MGS0831,G,Square,S,VGS02,,,
2,N,G,Square,S,G,Square,S,,,,lever,2NL-2,MGS0931,G,Square,S,VGS02,,,
2,N,G,Square,S,G,Square,S,,,,lever,2NL-2,MGS1031,G,Square,S,VGS02,,,
2,N,G,Square,S,G,Square,S,,,,lever,2NL-2,MGS0431,G,Square,S,VGS02,,,
2,N,G,Square,S,G,Square,S,,,,lever,2NL-2,MGS0231,G,Square,S,VGS02,,,
2,N,G,Square,S,G,Square,S,,,,lever,2NL-2,MLR0131,L,Round,R,VGR02,,,
2,N,G,Square,S,G,Square,S,,,,lever,2NL-2,MLR0231,L,Round,R,VGR02,,,
2,N,G,Square,S,G,Square,S,,,,lever,2NL-2,MLR0331,L,Round,R,VGR02,,,
2,N,G,Square,S,G,Square,S,,,,lever,2NL-2,MLR0431,L,Round,R,VGR02,,,
2,Y,Z,Round,R,,,,Z,Square,S,handle,2YH-1,MGR9940,G,Round,R,VGR13,,,
2,Y,Z,Round,R,,,,Z,Square,S,handle,2YH-1,MGS9940,G,Square,S,VGS13,,◯,
2,Y,Z,Round,R,,,,Z,Square,S,handle,2YH-2,MGR9942,G,Round,R,VGR02,,,
2,Y,Z,Round,R,,,,Z,Square,S,handle,2YH-2,MGS9942,G,Square,S,VGS02,,,
2,Y,Z,Round,R,,,,Z,Square,S,switch,2YS-1,MGS9943,G,Square,S,VGS23,,◯,
2,Y,Z,Round,R,,,,Z,Square,S,switch,2YS-2,MGS9941B,G,Square,S,VGS03,,,
2,Y,Z,Round,R,,,,Z,Square,S,lever,2YL-1,MZS0232,Z,Square,S,VGS02,,◯,
2,Y,Z,Round,R,,,,Z,Square,S,lever,2YL-1,MGR1132,G,Round,R,VGR02,,,
2,Y,Z,Round,R,,,,Z,Square,S,lever,2YL-1,MGR0132,G,Round,R,VGR02,,,
2,Y,Z,Round,R,,,,Z,Square,S,lever,2YL-1,MGR0332,G,Round,R,VGR02,,,
2,Y,Z,Round,R,,,,Z,Square,S,lever,2YL-1,MGS0732,G,Square,S,VGS02,,,
2,Y,Z,Round,R,,,,Z,Square,S,lever,2YL-1,MGS0832,G,Square,S,VGS02,,,
2,Y,Z,Round,R,,,,Z,Square,S,lever,2YL-1,MGS0932,G,Square,S,VGS02,,,
2,Y,Z,Round,R,,,,Z,Square,S,lever,2YL-1,MGS1032,G,Square,S,VGS02,,,
2,Y,Z,Round,R,,,,Z,Square,S,lever,2YL-1,MGS0432,G,Square,S,VGS02,,,
2,Y,Z,Round,R,,,,Z,Square,S,lever,2YL-1,MGS0232,G,Square,S,VGS02,,,
2,Y,Z,Round,R,,,,Z,Square,S,lever,2YL-1,MLR0132,L,Round,R,VGR02,,,
2,Y,Z,Round,R,,,,Z,Square,S,lever,2YL-1,MLR0232,L,Round,R,VGR02,,,
2,Y,Z,Round,R,,,,Z,Square,S,lever,2YL-1,MLR0332,L,Round,R,VGR02,,,
2,Y,Z,Round,R,,,,Z,Square,S,lever,2YL-1,MLR0432,L,Round,R,VGR02,,,
2,Y,Z,Round,R,,,,Z,Square,S,lever,2YL-2,MZS0231,Z,Square,S,VGS03,,,
2,Y,Z,Round,R,,,,Z,Square,S,lever,2YL-2,MGR1131,G,Round,R,VGR03,,,
2,Y,Z,Round,R,,,,Z,Square,S,lever,2YL-2,MGR0131,G,Round,R,VGR03,,,
2,Y,Z,Round,R,,,,Z,Square,S,lever,2YL-2,MGR0331,G,Round,R,VGR03,,,
2,Y,Z,Round,R,,,,Z,Square,S,lever,2YL-2,MGS0431,G,Square,S,VGS03,,,
2,Y,Z,Round,R,,,,Z,Square,S,lever,2YL-2,MGS0231,G,Square,S,VGS03,,,
2,Y,Z,Round,R,,,,Z,Square,S,lever,2YL-2,MLR0131,L,Round,R,VGR03,,,
2,Y,Z,Round,R,,,,Z,Square,S,lever,2YL-2,MLR0231,L,Round,R,VGR03,,,
2,Y,Z,Round,R,,,,Z,Square,S,lever,2YL-2,MGS0731,L,Square,S,VGS03,,,
2,Y,Z,Round,R,,,,Z,Square,S,lever,2YL-2,MGS0831,L,Square,S,VGS03,,,
2,Y,Z,Round,R,,,,Z,Square,S,lever,2YL-2,MGS0931,L,Square,S,VGS03,,,
2,Y,Z,Round,R,,,,Z,Square,S,lever,2YL-2,MGS1031,L,Square,S,VGS03,,,
2,Y,Z,Round,R,,,,Z,Square,S,lever,2YL-2,MLR0331,L,Round,R,VGR03,,,
2,Y,Z,Round,R,,,,Z,Square,S,lever,2YL-2,MLR0431,L,Round,R,VGR03,,,
2,Y,Z,Round,R,,,,G,Square,S,handle,2YH-1,MGR9940,G,Round,R,VGR13,,,
2,Y,Z,Round,R,,,,G,Square,S,handle,2YH-1,MGS9940,G,Square,S,VGS13,,◯,
2,Y,Z,Round,R,,,,G,Square,S,handle,2YH-2,MGR9942,G,Round,R,VGR02,,,
2,Y,Z,Round,R,,,,G,Square,S,handle,2YH-2,MGS9942,G,Square,S,VGS02,,,
2,Y,Z,Round,R,,,,G,Square,S,switch,2YS-1,MGS9943,G,Square,S,VGS23,,◯,
2,Y,Z,Round,R,,,,G,Square,S,switch,2YS-2,MGS9941B,G,Square,S,VGS03,,,
2,Y,Z,Round,R,,,,G,Square,S,lever,2YL-1,MZS0232,Z,Square,S,VGS02,,,
2,Y,Z,Round,R,,,,G,Square,S,lever,2YL-1,MGR1132,G,Round,R,VGR02,,,
2,Y,Z,Round,R,,,,G,Square,S,lever,2YL-1,MGR0132,G,Round,R,VGR02,,,
2,Y,Z,Round,R,,,,G,Square,S,lever,2YL-1,MGR0332,G,Round,R,VGR02,,,
2,Y,Z,Round,R,,,,G,Square,S,lever,2YL-1,MGS0732,G,Square,S,VGS02,,◯,
2,Y,Z,Round,R,,,,G,Square,S,lever,2YL-1,MGS0832,G,Square,S,VGS02,,◯,
2,Y,Z,Round,R,,,,G,Square,S,lever,2YL-1,MGS0932,G,Square,S,VGS02,,◯,
2,Y,Z,Round,R,,,,G,Square,S,lever,2YL-1,MGS1032,G,Square,S,VGS02,,◯,
2,Y,Z,Round,R,,,,G,Square,S,lever,2YL-1,MGS0432,G,Square,S,VGS02,,◯,
2,Y,Z,Round,R,,,,G,Square,S,lever,2YL-1,MGS0232,G,Square,S,VGS02,,◯,
2,Y,Z,Round,R,,,,G,Square,S,lever,2YL-1,MLR0132,L,Round,R,VGR02,,,
2,Y,Z,Round,R,,,,G,Square,S,lever,2YL-1,MLR0232,L,Round,R,VGR02,,,
2,Y,Z,Round,R,,,,G,Square,S,lever,2YL-1,MLR0332,L,Round,R,VGR02,,,
2,Y,Z,Round,R,,,,G,Square,S,lever,2YL-1,MLR0432,L,Round,R,VGR02,,,
2,Y,Z,Round,R,,,,G,Square,S,lever,2YL-2,MZS0231,Z,Square,S,VGS03,,,
2,Y,Z,Round,R,,,,G,Square,S,lever,2YL-2,MGR1131,G,Round,R,VGR03,,,
2,Y,Z,Round,R,,,,G,Square,S,lever,2YL-2,MGR0131,G,Round,R,VGR03,,,
2,Y,Z,Round,R,,,,G,Square,S,lever,2YL-2,MGR0331,G,Round,R,VGR03,,,
2,Y,Z,Round,R,,,,G,Square,S,lever,2YL-2,MGS0431,G,Square,S,VGS03,,,
2,Y,Z,Round,R,,,,G,Square,S,lever,2YL-2,MGS0231,G,Square,S,VGS03,,,
2,Y,Z,Round,R,,,,G,Square,S,lever,2YL-2,MLR0131,L,Round,R,VGR03,,,
2,Y,Z,Round,R,,,,G,Square,S,lever,2YL-2,MLR0231,L,Round,R,VGR03,,,
2,Y,Z,Round,R,,,,G,Square,S,lever,2YL-2,MGS0731,L,Square,S,VGS03,,,
2,Y,Z,Round,R,,,,G,Square,S,lever,2YL-2,MGS0831,L,Square,S,VGS03,,,
2,Y,Z,Round,R,,,,G,Square,S,lever,2YL-2,MGS0931,L,Square,S,VGS03,,,
2,Y,Z,Round,R,,,,G,Square,S,lever,2YL-2,MGS1031,L,Square,S,VGS03,,,
2,Y,Z,Round,R,,,,G,Square,S,lever,2YL-2,MLR0331,L,Round,R,VGR03,,,
2,Y,Z,Round,R,,,,G,Square,S,lever,2YL-2,MLR0431,L,Round,R,VGR03,,,
2,Y,Z,Round,R,,,,G,Round,R,handle,2YH-1,MGR9940,G,Round,R,VGR13,,◯,
2,Y,Z,Round,R,,,,G,Round,R,handle,2YH-1,MGS9940,G,Square,S,VGS13,,,
2,Y,Z,Round,R,,,,G,Round,R,handle,2YH-2,MGR9942,G,Round,R,VGR02,,,
2,Y,Z,Round,R,,,,G,Round,R,handle,2YH-2,MGS9942,G,Square,S,VGS02,,,
2,Y,Z,Round,R,,,,G,Round,R,switch,2YS-1,MGS9943,G,Square,S,VGS23,,◯,
2,Y,Z,Round,R,,,,G,Round,R,switch,2YS-2,MGS9941B,G,Square,S,VGS03,,,
2,Y,Z,Round,R,,,,G,Round,R,lever,2YL-1,MZS0232,Z,Square,S,VGS02,,,
2,Y,Z,Round,R,,,,G,Round,R,lever,2YL-1,MGR1132,G,Round,R,VGR02,,◯,
2,Y,Z,Round,R,,,,G,Round,R,lever,2YL-1,MGR0132,G,Round,R,VGR02,,◯,
2,Y,Z,Round,R,,,,G,Round,R,lever,2YL-1,MGR0332,G,Round,R,VGR02,,◯,
2,Y,Z,Round,R,,,,G,Round,R,lever,2YL-1,MGS0732,G,Square,S,VGS02,,,
2,Y,Z,Round,R,,,,G,Round,R,lever,2YL-1,MGS0832,G,Square,S,VGS02,,,
2,Y,Z,Round,R,,,,G,Round,R,lever,2YL-1,MGS0932,G,Square,S,VGS02,,,
2,Y,Z,Round,R,,,,G,Round,R,lever,2YL-1,MGS1032,G,Square,S,VGS02,,,
2,Y,Z,Round,R,,,,G,Round,R,lever,2YL-1,MGS0432,G,Square,S,VGS02,,,
2,Y,Z,Round,R,,,,G,Round,R,lever,2YL-1,MGS0232,G,Square,S,VGS02,,,
2,Y,Z,Round,R,,,,G,Round,R,lever,2YL-1,MLR0132,L,Round,R,VGR02,,,
2,Y,Z,Round,R,,,,G,Round,R,lever,2YL-1,MLR0232,L,Round,R,VGR02,,,
2,Y,Z,Round,R,,,,G,Round,R,lever,2YL-1,MLR0332,L,Round,R,VGR02,,,
2,Y,Z,Round,R,,,,G,Round,R,lever,2YL-1,MLR0432,L,Round,R,VGR02,,,
2,Y,Z,Round,R,,,,G,Round,R,lever,2YL-2,MZS0231,Z,Square,S,VGS03,,,
2,Y,Z,Round,R,,,,G,Round,R,lever,2YL-2,MGR1131,G,Round,R,VGR03,,,
2,Y,Z,Round,R,,,,G,Round,R,lever,2YL-2,MGR0131,G,Round,R,VGR03,,,
2,Y,Z,Round,R,,,,G,Round,R,lever,2YL-2,MGR0331,G,Round,R,VGR03,,,
2,Y,Z,Round,R,,,,G,Round,R,lever,2YL-2,MGS0731,G,Square,S,VGS03,,,
2,Y,Z,Round,R,,,,G,Round,R,lever,2YL-2,MGS0831,G,Square,S,VGS03,,,
2,Y,Z,Round,R,,,,G,Round,R,lever,2YL-2,MGS0931,G,Square,S,VGS03,,,
2,Y,Z,Round,R,,,,G,Round,R,lever,2YL-2,MGS1031,G,Square,S,VGS03,,,
2,Y,Z,Round,R,,,,G,Round,R,lever,2YL-2,MGS0431,G,Square,S,VGS03,,,
2,Y,Z,Round,R,,,,G,Round,R,lever,2YL-2,MGS0231,G,Square,S,VGS03,,,
2,Y,Z,Round,R,,,,G,Round,R,lever,2YL-2,MLR0131,L,Round,R,VGR03,,,
2,Y,Z,Round,R,,,,G,Round,R,lever,2YL-2,MLR0231,L,Round,R,VGR03,,,
2,Y,Z,Round,R,,,,G,Round,R,lever,2YL-2,MLR0331,L,Round,R,VGR03,,,
2,Y,Z,Round,R,,,,G,Round,R,lever,2YL-2,MLR0431,L,Round,R,VGR03,,,
2,Y,Z,Round,R,,,,L,Round,R,handle,2YH-1,MGR9940,G,Round,R,VGR13,,◯,
2,Y,Z,Round,R,,,,L,Round,R,handle,2YH-1,MGS9940,G,Square,S,VGS13,,,
2,Y,Z,Round,R,,,,L,Round,R,handle,2YH-2,MGR9942,G,Round,R,VGR02,,,
2,Y,Z,Round,R,,,,L,Round,R,handle,2YH-2,MGS9942,G,Square,S,VGS02,,,
2,Y,Z,Round,R,,,,L,Round,R,switch,2YS-1,MGS9943,G,Square,S,VGS23,,◯,
2,Y,Z,Round,R,,,,L,Round,R,switch,2YS-2,MGS9941B,G,Square,S,VGS03,,,
2,Y,Z,Round,R,,,,L,Round,R,lever,2YL-1,MZS0232,Z,Square,S,VGS02,,,
2,Y,Z,Round,R,,,,L,Round,R,lever,2YL-1,MGR1132,G,Round,R,VGR02,,,
2,Y,Z,Round,R,,,,L,Round,R,lever,2YL-1,MGR0132,G,Round,R,VGR02,,,
2,Y,Z,Round,R,,,,L,Round,R,lever,2YL-1,MGR0332,G,Round,R,VGR02,,,
2,Y,Z,Round,R,,,,L,Round,R,lever,2YL-1,MGS0732,G,Square,S,VGS02,,,
2,Y,Z,Round,R,,,,L,Round,R,lever,2YL-1,MGS0832,G,Square,S,VGS02,,,
2,Y,Z,Round,R,,,,L,Round,R,lever,2YL-1,MGS0932,G,Square,S,VGS02,,,
2,Y,Z,Round,R,,,,L,Round,R,lever,2YL-1,MGS1032,G,Square,S,VGS02,,,
2,Y,Z,Round,R,,,,L,Round,R,lever,2YL-1,MGS0432,G,Square,S,VGS02,,,
2,Y,Z,Round,R,,,,L,Round,R,lever,2YL-1,MGS0232,G,Square,S,VGS02,,,
2,Y,Z,Round,R,,,,L,Round,R,lever,2YL-1,MLR0132,L,Round,R,VGR02,,◯,
2,Y,Z,Round,R,,,,L,Round,R,lever,2YL-1,MLR0232,L,Round,R,VGR02,,◯,
2,Y,Z,Round,R,,,,L,Round,R,lever,2YL-1,MLR0332,L,Round,R,VGR02,,◯,
2,Y,Z,Round,R,,,,L,Round,R,lever,2YL-1,MLR0432,L,Round,R,VGR02,,◯,
2,Y,Z,Round,R,,,,L,Round,R,lever,2YL-2,MZS0231,Z,Square,S,VGS03,,,
2,Y,Z,Round,R,,,,L,Round,R,lever,2YL-2,MGR1131,G,Round,R,VGR03,,,
2,Y,Z,Round,R,,,,L,Round,R,lever,2YL-2,MGR0131,G,Round,R,VGR03,,,
2,Y,Z,Round,R,,,,L,Round,R,lever,2YL-2,MGR0331,G,Round,R,VGR03,,,
2,Y,Z,Round,R,,,,L,Round,R,lever,2YL-2,MGS0731,G,Square,S,VGS03,,,
2,Y,Z,Round,R,,,,L,Round,R,lever,2YL-2,MGS0831,G,Square,S,VGS03,,,
2,Y,Z,Round,R,,,,L,Round,R,lever,2YL-2,MGS0931,G,Square,S,VGS03,,,
2,Y,Z,Round,R,,,,L,Round,R,lever,2YL-2,MGS1031,G,Square,S,VGS03,,,
2,Y,Z,Round,R,,,,L,Round,R,lever,2YL-2,MGS0431,G,Square,S,VGS03,,,
2,Y,Z,Round,R,,,,L,Round,R,lever,2YL-2,MGS0231,G,Square,S,VGS03,,,
2,Y,Z,Round,R,,,,L,Round,R,lever,2YL-2,MLR0131,L,Round,R,VGR03,,,
2,Y,Z,Round,R,,,,L,Round,R,lever,2YL-2,MLR0231,L,Round,R,VGR03,,,
2,Y,Z,Round,R,,,,L,Round,R,lever,2YL-2,MLR0331,L,Round,R,VGR03,,,
2,Y,Z,Round,R,,,,L,Round,R,lever,2YL-2,MLR0431,L,Round,R,VGR03,,,
2,Y,Z,Square,S,,,,Z,Square,S,handle,2YH-1,MGR9940,G,Round,R,VGR13,,,
2,Y,Z,Square,S,,,,Z,Square,S,handle,2YH-1,MGS9940,G,Square,S,VGS13,,◯,
2,Y,Z,Square,S,,,,Z,Square,S,handle,2YH-2,MGR9942,G,Round,R,VGR02,,,
2,Y,Z,Square,S,,,,Z,Square,S,handle,2YH-2,MGS9942,G,Square,S,VGS02,,,
2,Y,Z,Square,S,,,,Z,Square,S,switch,2YS-1,MGS9943,G,Square,S,VGS23,,◯,
2,Y,Z,Square,S,,,,Z,Square,S,switch,2YS-2,MGS9941B,G,Square,S,VGS03,,,
2,Y,Z,Square,S,,,,Z,Square,S,lever,2YL-1,MZS0232,Z,Square,S,VGS02,,◯,
2,Y,Z,Square,S,,,,Z,Square,S,lever,2YL-1,MGR1132,G,Round,R,VGR02,,,
2,Y,Z,Square,S,,,,Z,Square,S,lever,2YL-1,MGR0132,G,Round,R,VGR02,,,
2,Y,Z,Square,S,,,,Z,Square,S,lever,2YL-1,MGR0332,G,Round,R,VGR02,,,
2,Y,Z,Square,S,,,,Z,Square,S,lever,2YL-1,MGS0732,G,Square,S,VGS02,,,
2,Y,Z,Square,S,,,,Z,Square,S,lever,2YL-1,MGS0832,G,Square,S,VGS02,,,
2,Y,Z,Square,S,,,,Z,Square,S,lever,2YL-1,MGS0932,G,Square,S,VGS02,,,
2,Y,Z,Square,S,,,,Z,Square,S,lever,2YL-1,MGS1032,G,Square,S,VGS02,,,
2,Y,Z,Square,S,,,,Z,Square,S,lever,2YL-1,MGS0432,G,Square,S,VGS02,,,
2,Y,Z,Square,S,,,,Z,Square,S,lever,2YL-1,MGS0232,G,Square,S,VGS02,,,
2,Y,Z,Square,S,,,,Z,Square,S,lever,2YL-1,MLR0132,L,Round,R,VGR02,,,
2,Y,Z,Square,S,,,,Z,Square,S,lever,2YL-1,MLR0232,L,Round,R,VGR02,,,
2,Y,Z,Square,S,,,,Z,Square,S,lever,2YL-1,MLR0332,L,Round,R,VGR02,,,
2,Y,Z,Square,S,,,,Z,Square,S,lever,2YL-1,MLR0432,L,Round,R,VGR02,,,
2,Y,Z,Square,S,,,,Z,Square,S,lever,2YL-2,MZS0231,Z,Square,S,VGS03,,,
2,Y,Z,Square,S,,,,Z,Square,S,lever,2YL-2,MGR1131,G,Round,R,VGR03,,,
2,Y,Z,Square,S,,,,Z,Square,S,lever,2YL-2,MGR0131,G,Round,R,VGR03,,,
2,Y,Z,Square,S,,,,Z,Square,S,lever,2YL-2,MGR0331,G,Round,R,VGR03,,,
2,Y,Z,Square,S,,,,Z,Square,S,lever,2YL-2,MGS0431,G,Square,S,VGS03,,,
2,Y,Z,Square,S,,,,Z,Square,S,lever,2YL-2,MGS0231,G,Square,S,VGS03,,,
2,Y,Z,Square,S,,,,Z,Square,S,lever,2YL-2,MLR0131,L,Round,R,VGR03,,,
2,Y,Z,Square,S,,,,Z,Square,S,lever,2YL-2,MLR0231,L,Round,R,VGR03,,,
2,Y,Z,Square,S,,,,Z,Square,S,lever,2YL-2,MGS0731,L,Square,S,VGS03,,,
2,Y,Z,Square,S,,,,Z,Square,S,lever,2YL-2,MGS0831,L,Square,S,VGS03,,,
2,Y,Z,Square,S,,,,Z,Square,S,lever,2YL-2,MGS0931,L,Square,S,VGS03,,,
2,Y,Z,Square,S,,,,Z,Square,S,lever,2YL-2,MGS1031,L,Square,S,VGS03,,,
2,Y,Z,Square,S,,,,Z,Square,S,lever,2YL-2,MLR0331,L,Round,R,VGR03,,,
2,Y,Z,Square,S,,,,Z,Square,S,lever,2YL-2,MLR0431,L,Round,R,VGR03,,,
2,Y,Z,Square,S,,,,G,Square,S,handle,2YH-1,MGR9940,G,Round,R,VGR13,,,
2,Y,Z,Square,S,,,,G,Square,S,handle,2YH-1,MGS9940,G,Square,S,VGS13,,◯,
2,Y,Z,Square,S,,,,G,Square,S,handle,2YH-2,MGR9942,G,Round,R,VGR02,,,
2,Y,Z,Square,S,,,,G,Square,S,handle,2YH-2,MGS9942,G,Square,S,VGS02,,,
2,Y,Z,Square,S,,,,G,Square,S,switch,2YS-1,MGS9943,G,Square,S,VGS23,,◯,
2,Y,Z,Square,S,,,,G,Square,S,switch,2YS-2,MGS9941B,G,Square,S,VGS03,,,
2,Y,Z,Square,S,,,,G,Square,S,lever,2YL-1,MZS0232,Z,Square,S,VGS02,,,
2,Y,Z,Square,S,,,,G,Square,S,lever,2YL-1,MGR1132,G,Round,R,VGR02,,,
2,Y,Z,Square,S,,,,G,Square,S,lever,2YL-1,MGR0132,G,Round,R,VGR02,,,
2,Y,Z,Square,S,,,,G,Square,S,lever,2YL-1,MGR0332,G,Round,R,VGR02,,,
2,Y,Z,Square,S,,,,G,Square,S,lever,2YL-1,MGS0732,G,Square,S,VGS02,,◯,
2,Y,Z,Square,S,,,,G,Square,S,lever,2YL-1,MGS0832,G,Square,S,VGS02,,◯,
2,Y,Z,Square,S,,,,G,Square,S,lever,2YL-1,MGS0932,G,Square,S,VGS02,,◯,
2,Y,Z,Square,S,,,,G,Square,S,lever,2YL-1,MGS1032,G,Square,S,VGS02,,◯,
2,Y,Z,Square,S,,,,G,Square,S,lever,2YL-1,MGS0432,G,Square,S,VGS02,,◯,
2,Y,Z,Square,S,,,,G,Square,S,lever,2YL-1,MGS0232,G,Square,S,VGS02,,◯,
2,Y,Z,Square,S,,,,G,Square,S,lever,2YL-1,MLR0132,L,Round,R,VGR02,,,
2,Y,Z,Square,S,,,,G,Square,S,lever,2YL-1,MLR0232,L,Round,R,VGR02,,,
2,Y,Z,Square,S,,,,G,Square,S,lever,2YL-1,MLR0332,L,Round,R,VGR02,,,
2,Y,Z,Square,S,,,,G,Square,S,lever,2YL-1,MLR0432,L,Round,R,VGR02,,,
2,Y,Z,Square,S,,,,G,Square,S,lever,2YL-2,MZS0231,Z,Square,S,VGS03,,,
2,Y,Z,Square,S,,,,G,Square,S,lever,2YL-2,MGR1131,G,Round,R,VGR03,,,
2,Y,Z,Square,S,,,,G,Square,S,lever,2YL-2,MGR0131,G,Round,R,VGR03,,,
2,Y,Z,Square,S,,,,G,Square,S,lever,2YL-2,MGR0331,G,Round,R,VGR03,,,
2,Y,Z,Square,S,,,,G,Square,S,lever,2YL-2,MGS0431,G,Square,S,VGS03,,,
2,Y,Z,Square,S,,,,G,Square,S,lever,2YL-2,MGS0231,G,Square,S,VGS03,,,
2,Y,Z,Square,S,,,,G,Square,S,lever,2YL-2,MLR0131,L,Round,R,VGR03,,,
2,Y,Z,Square,S,,,,G,Square,S,lever,2YL-2,MLR0231,L,Round,R,VGR03,,,
2,Y,Z,Square,S,,,,G,Square,S,lever,2YL-2,MGS0731,L,Square,S,VGS03,,,
2,Y,Z,Square,S,,,,G,Square,S,lever,2YL-2,MGS0831,L,Square,S,VGS03,,,
2,Y,Z,Square,S,,,,G,Square,S,lever,2YL-2,MGS0931,L,Square,S,VGS03,,,
2,Y,Z,Square,S,,,,G,Square,S,lever,2YL-2,MGS1031,L,Square,S,VGS03,,,
2,Y,Z,Square,S,,,,G,Square,S,lever,2YL-2,MLR0331,L,Round,R,VGR03,,,
2,Y,Z,Square,S,,,,G,Square,S,lever,2YL-2,MLR0431,L,Round,R,VGR03,,,
2,Y,Z,Square,S,,,,G,Round,R,handle,2YH-1,MGR9940,G,Round,R,VGR13,,◯,⇒ValveはSquareとするべきか？（スパウト形状優先でいいよね？）
2,Y,Z,Square,S,,,,G,Round,R,handle,2YH-1,MGS9940,G,Square,S,VGS13,,,
2,Y,Z,Square,S,,,,G,Round,R,handle,2YH-2,MGR9942,G,Round,R,VGR02,,,
2,Y,Z,Square,S,,,,G,Round,R,handle,2YH-2,MGS9942,G,Square,S,VGS02,,,
2,Y,Z,Square,S,,,,G,Round,R,switch,2YS-1,MGS9943,G,Square,S,VGS23,,◯,
2,Y,Z,Square,S,,,,G,Round,R,switch,2YS-2,MGS9941B,G,Square,S,VGS03,,,
2,Y,Z,Square,S,,,,G,Round,R,lever,2YL-1,MZS0232,Z,Square,S,VGS02,,,
2,Y,Z,Square,S,,,,G,Round,R,lever,2YL-1,MGR1132,G,Round,R,VGR02,,◯,⇒ValveはSquareとするべきか？（スパウト形状優先でいいよね？）
2,Y,Z,Square,S,,,,G,Round,R,lever,2YL-1,MGR0132,G,Round,R,VGR02,,◯,⇒ValveはSquareとするべきか？（スパウト形状優先でいいよね？）
2,Y,Z,Square,S,,,,G,Round,R,lever,2YL-1,MGR0332,G,Round,R,VGR02,,◯,⇒ValveはSquareとするべきか？（スパウト形状優先でいいよね？）
2,Y,Z,Square,S,,,,G,Round,R,lever,2YL-1,MGS0732,G,Square,S,VGS02,,,
2,Y,Z,Square,S,,,,G,Round,R,lever,2YL-1,MGS0832,G,Square,S,VGS02,,,
2,Y,Z,Square,S,,,,G,Round,R,lever,2YL-1,MGS0932,G,Square,S,VGS02,,,
2,Y,Z,Square,S,,,,G,Round,R,lever,2YL-1,MGS1032,G,Square,S,VGS02,,,
2,Y,Z,Square,S,,,,G,Round,R,lever,2YL-1,MGS0432,G,Square,S,VGS02,,,
2,Y,Z,Square,S,,,,G,Round,R,lever,2YL-1,MGS0232,G,Square,S,VGS02,,,
2,Y,Z,Square,S,,,,G,Round,R,lever,2YL-1,MLR0132,L,Round,R,VGR02,,,
2,Y,Z,Square,S,,,,G,Round,R,lever,2YL-1,MLR0232,L,Round,R,VGR02,,,
2,Y,Z,Square,S,,,,G,Round,R,lever,2YL-1,MLR0332,L,Round,R,VGR02,,,
2,Y,Z,Square,S,,,,G,Round,R,lever,2YL-1,MLR0432,L,Round,R,VGR02,,,
2,Y,Z,Square,S,,,,G,Round,R,lever,2YL-2,MZS0231,Z,Square,S,VGS03,,,
2,Y,Z,Square,S,,,,G,Round,R,lever,2YL-2,MGR1131,G,Round,R,VGR03,,,
2,Y,Z,Square,S,,,,G,Round,R,lever,2YL-2,MGR0131,G,Round,R,VGR03,,,
2,Y,Z,Square,S,,,,G,Round,R,lever,2YL-2,MGR0331,G,Round,R,VGR03,,,
2,Y,Z,Square,S,,,,G,Round,R,lever,2YL-2,MGS0731,G,Square,S,VGS03,,,
2,Y,Z,Square,S,,,,G,Round,R,lever,2YL-2,MGS0831,G,Square,S,VGS03,,,
2,Y,Z,Square,S,,,,G,Round,R,lever,2YL-2,MGS0931,G,Square,S,VGS03,,,
2,Y,Z,Square,S,,,,G,Round,R,lever,2YL-2,MGS1031,G,Square,S,VGS03,,,
2,Y,Z,Square,S,,,,G,Round,R,lever,2YL-2,MGS0431,G,Square,S,VGS03,,,
2,Y,Z,Square,S,,,,G,Round,R,lever,2YL-2,MGS0231,G,Square,S,VGS03,,,
2,Y,Z,Square,S,,,,G,Round,R,lever,2YL-2,MLR0131,L,Round,R,VGR03,,,
2,Y,Z,Square,S,,,,G,Round,R,lever,2YL-2,MLR0231,L,Round,R,VGR03,,,
2,Y,Z,Square,S,,,,G,Round,R,lever,2YL-2,MLR0331,L,Round,R,VGR03,,,
2,Y,Z,Square,S,,,,G,Round,R,lever,2YL-2,MLR0431,L,Round,R,VGR03,,,
2,Y,Z,Square,S,,,,L,Round,R,handle,2YH-1,MGR9940,G,Round,R,VGR13,,◯,⇒ValveはSquareとするべきか？（スパウト形状優先でいいよね？）
2,Y,Z,Square,S,,,,L,Round,R,handle,2YH-1,MGS9940,G,Square,S,VGS13,,,
2,Y,Z,Square,S,,,,L,Round,R,handle,2YH-2,MGR9942,G,Round,R,VGR02,,,
2,Y,Z,Square,S,,,,L,Round,R,handle,2YH-2,MGS9942,G,Square,S,VGS02,,,
2,Y,Z,Square,S,,,,L,Round,R,switch,2YS-1,MGS9943,G,Square,S,VGS23,,◯,
2,Y,Z,Square,S,,,,L,Round,R,switch,2YS-2,MGS9941B,G,Square,S,VGS03,,,
2,Y,Z,Square,S,,,,L,Round,R,lever,2YL-1,MZS0232,Z,Square,S,VGS02,,,
2,Y,Z,Square,S,,,,L,Round,R,lever,2YL-1,MGR1132,G,Round,R,VGR02,,,
2,Y,Z,Square,S,,,,L,Round,R,lever,2YL-1,MGR0132,G,Round,R,VGR02,,,
2,Y,Z,Square,S,,,,L,Round,R,lever,2YL-1,MGR0332,G,Round,R,VGR02,,,
2,Y,Z,Square,S,,,,L,Round,R,lever,2YL-1,MGS0732,G,Square,S,VGS02,,,
2,Y,Z,Square,S,,,,L,Round,R,lever,2YL-1,MGS0832,G,Square,S,VGS02,,,
2,Y,Z,Square,S,,,,L,Round,R,lever,2YL-1,MGS0932,G,Square,S,VGS02,,,
2,Y,Z,Square,S,,,,L,Round,R,lever,2YL-1,MGS1032,G,Square,S,VGS02,,,
2,Y,Z,Square,S,,,,L,Round,R,lever,2YL-1,MGS0432,G,Square,S,VGS02,,,
2,Y,Z,Square,S,,,,L,Round,R,lever,2YL-1,MGS0232,G,Square,S,VGS02,,,
2,Y,Z,Square,S,,,,L,Round,R,lever,2YL-1,MLR0132,L,Round,R,VGR02,,◯,⇒ValveはSquareとするべきか？（スパウト形状優先でいいよね？）
2,Y,Z,Square,S,,,,L,Round,R,lever,2YL-1,MLR0232,L,Round,R,VGR02,,◯,⇒ValveはSquareとするべきか？（スパウト形状優先でいいよね？）
2,Y,Z,Square,S,,,,L,Round,R,lever,2YL-1,MLR0332,L,Round,R,VGR02,,◯,⇒ValveはSquareとするべきか？（スパウト形状優先でいいよね？）
2,Y,Z,Square,S,,,,L,Round,R,lever,2YL-1,MLR0432,L,Round,R,VGR02,,◯,⇒ValveはSquareとするべきか？（スパウト形状優先でいいよね？）
2,Y,Z,Square,S,,,,L,Round,R,lever,2YL-2,MZS0231,Z,Square,S,VGS03,,,
2,Y,Z,Square,S,,,,L,Round,R,lever,2YL-2,MGR1131,G,Round,R,VGR03,,,
2,Y,Z,Square,S,,,,L,Round,R,lever,2YL-2,MGR0131,G,Round,R,VGR03,,,
2,Y,Z,Square,S,,,,L,Round,R,lever,2YL-2,MGR0331,G,Round,R,VGR03,,,
2,Y,Z,Square,S,,,,L,Round,R,lever,2YL-2,MGS0731,G,Square,S,VGS03,,,
2,Y,Z,Square,S,,,,L,Round,R,lever,2YL-2,MGS0831,G,Square,S,VGS03,,,
2,Y,Z,Square,S,,,,L,Round,R,lever,2YL-2,MGS0931,G,Square,S,VGS03,,,
2,Y,Z,Square,S,,,,L,Round,R,lever,2YL-2,MGS1031,G,Square,S,VGS03,,,
2,Y,Z,Square,S,,,,L,Round,R,lever,2YL-2,MGS0431,G,Square,S,VGS03,,,
2,Y,Z,Square,S,,,,L,Round,R,lever,2YL-2,MGS0231,G,Square,S,VGS03,,,
2,Y,Z,Square,S,,,,L,Round,R,lever,2YL-2,MLR0131,L,Round,R,VGR03,,,
2,Y,Z,Square,S,,,,L,Round,R,lever,2YL-2,MLR0231,L,Round,R,VGR03,,,
2,Y,Z,Square,S,,,,L,Round,R,lever,2YL-2,MLR0331,L,Round,R,VGR03,,,
2,Y,Z,Square,S,,,,L,Round,R,lever,2YL-2,MLR0431,L,Round,R,VGR03,,,
2,N,G,Round,R,,,,Z,Square,S,handle,2NH-1,MGR9942,G,Round,R,,,,
2,N,G,Round,R,,,,Z,Square,S,handle,2NH-1,MGS9942,G,Square,S,,,◯,
2,N,G,Round,R,,,,Z,Square,S,handle,2NH-2,MGR9940,G,Round,R,VGR01,VGR01,,
2,N,G,Round,R,,,,Z,Square,S,handle,2NH-2,MGS9940,G,Square,S,VGS01,VGS01,,
2,N,G,Round,R,,,,Z,Square,S,handle,2NH-3,MGR9940,G,Round,R,VGR01,VGR02,,
2,N,G,Round,R,,,,Z,Square,S,handle,2NH-3,MGS9940,G,Square,S,VGS01,VGS02,,
2,N,G,Round,R,,,,Z,Square,S,switch,2NS-1,MGS9942B,G,Square,S,,,◯,
2,N,G,Round,R,,,,Z,Square,S,switch,2NS-2,MGS9941B,G,Square,S,VGS02,,,
2,N,G,Round,R,,,,Z,Square,S,lever,2NL-1,MZS0232,Z,Square,S,,,◯,
2,N,G,Round,R,,,,Z,Square,S,lever,2NL-1,MGR1132,G,Round,R,,,,
2,N,G,Round,R,,,,Z,Square,S,lever,2NL-1,MGR0132,G,Round,R,,,,
2,N,G,Round,R,,,,Z,Square,S,lever,2NL-1,MGR0332,G,Round,R,,,,
2,N,G,Round,R,,,,Z,Square,S,lever,2NL-1,MGS0732,G,Square,S,,,,
2,N,G,Round,R,,,,Z,Square,S,lever,2NL-1,MGS0832,G,Square,S,,,,
2,N,G,Round,R,,,,Z,Square,S,lever,2NL-1,MGS0932,G,Square,S,,,,
2,N,G,Round,R,,,,Z,Square,S,lever,2NL-1,MGS1032,G,Square,S,,,,
2,N,G,Round,R,,,,Z,Square,S,lever,2NL-1,MGS0432,G,Square,S,,,,
2,N,G,Round,R,,,,Z,Square,S,lever,2NL-1,MGS0232,G,Square,S,,,,
2,N,G,Round,R,,,,Z,Square,S,lever,2NL-1,MLR0132,L,Round,R,,,,
2,N,G,Round,R,,,,Z,Square,S,lever,2NL-1,MLR0232,L,Round,R,,,,
2,N,G,Round,R,,,,Z,Square,S,lever,2NL-1,MLR0332,L,Round,R,,,,
2,N,G,Round,R,,,,Z,Square,S,lever,2NL-1,MLR0432,L,Round,R,,,,
2,N,G,Round,R,,,,Z,Square,S,lever,2NL-2,MZS0231,Z,Square,S,VGS02,,,
2,N,G,Round,R,,,,Z,Square,S,lever,2NL-2,MGR1131,G,Round,R,VGR02,,,
2,N,G,Round,R,,,,Z,Square,S,lever,2NL-2,MGR0131,G,Round,R,VGR02,,,
2,N,G,Round,R,,,,Z,Square,S,lever,2NL-2,MGR0331,G,Round,R,VGR02,,,
2,N,G,Round,R,,,,Z,Square,S,lever,2NL-2,MGS0731,G,Square,S,VGS02,,,
2,N,G,Round,R,,,,Z,Square,S,lever,2NL-2,MGS0831,G,Square,S,VGS02,,,
2,N,G,Round,R,,,,Z,Square,S,lever,2NL-2,MGS0931,G,Square,S,VGS02,,,
2,N,G,Round,R,,,,Z,Square,S,lever,2NL-2,MGS1031,G,Square,S,VGS02,,,
2,N,G,Round,R,,,,Z,Square,S,lever,2NL-2,MGS0431,G,Square,S,VGS02,,,
2,N,G,Round,R,,,,Z,Square,S,lever,2NL-2,MGS0231,G,Square,S,VGS02,,,
2,N,G,Round,R,,,,Z,Square,S,lever,2NL-2,MLR0131,L,Round,R,VGR02,,,
2,N,G,Round,R,,,,Z,Square,S,lever,2NL-2,MLR0231,L,Round,R,VGR02,,,
2,N,G,Round,R,,,,Z,Square,S,lever,2NL-2,MLR0331,L,Round,R,VGR02,,,
2,N,G,Round,R,,,,Z,Square,S,lever,2NL-2,MLR0431,L,Round,R,VGR02,,,
2,N,G,Round,R,,,,G,Square,S,handle,2NH-1,MGR9942,G,Round,R,,,,
2,N,G,Round,R,,,,G,Square,S,handle,2NH-1,MGS9942,G,Square,S,,,◯,
2,N,G,Round,R,,,,G,Square,S,handle,2NH-2,MGR9940,G,Round,R,VGR01,VGR01,,
2,N,G,Round,R,,,,G,Square,S,handle,2NH-2,MGS9940,G,Square,S,VGS01,VGS01,,
2,N,G,Round,R,,,,G,Square,S,handle,2NH-3,MGR9940,G,Round,R,VGR01,VGR02,,
2,N,G,Round,R,,,,G,Square,S,handle,2NH-3,MGS9940,G,Square,S,VGS01,VGS02,,
2,N,G,Round,R,,,,G,Square,S,switch,2NS-1,MGS9942B,G,Square,S,,,◯,
2,N,G,Round,R,,,,G,Square,S,switch,2NS-2,MGS9941B,G,Square,S,VGS02,,,
2,N,G,Round,R,,,,G,Square,S,lever,2NL-1,MZS0232,Z,Square,S,,,,
2,N,G,Round,R,,,,G,Square,S,lever,2NL-1,MGR1132,G,Round,R,,,,
2,N,G,Round,R,,,,G,Square,S,lever,2NL-1,MGR0132,G,Round,R,,,,
2,N,G,Round,R,,,,G,Square,S,lever,2NL-1,MGR0332,G,Round,R,,,,
2,N,G,Round,R,,,,G,Square,S,lever,2NL-1,MGS0732,G,Square,S,,,◯,
2,N,G,Round,R,,,,G,Square,S,lever,2NL-1,MGS0832,G,Square,S,,,◯,
2,N,G,Round,R,,,,G,Square,S,lever,2NL-1,MGS0932,G,Square,S,,,◯,
2,N,G,Round,R,,,,G,Square,S,lever,2NL-1,MGS1032,G,Square,S,,,◯,
2,N,G,Round,R,,,,G,Square,S,lever,2NL-1,MGS0432,G,Square,S,,,◯,
2,N,G,Round,R,,,,G,Square,S,lever,2NL-1,MGS0232,G,Square,S,,,◯,
2,N,G,Round,R,,,,G,Square,S,lever,2NL-1,MLR0132,L,Round,R,,,,
2,N,G,Round,R,,,,G,Square,S,lever,2NL-1,MLR0232,L,Round,R,,,,
2,N,G,Round,R,,,,G,Square,S,lever,2NL-1,MLR0332,L,Round,R,,,,
2,N,G,Round,R,,,,G,Square,S,lever,2NL-1,MLR0432,L,Round,R,,,,
2,N,G,Round,R,,,,G,Square,S,lever,2NL-2,MZS0231,Z,Square,S,VGS02,,,
2,N,G,Round,R,,,,G,Square,S,lever,2NL-2,MGR1131,G,Round,R,VGR02,,,
2,N,G,Round,R,,,,G,Square,S,lever,2NL-2,MGR0131,G,Round,R,VGR02,,,
2,N,G,Round,R,,,,G,Square,S,lever,2NL-2,MGR0331,G,Round,R,VGR02,,,
2,N,G,Round,R,,,,G,Square,S,lever,2NL-2,MGS0731,G,Square,S,VGS02,,,
2,N,G,Round,R,,,,G,Square,S,lever,2NL-2,MGS0831,G,Square,S,VGS02,,,
2,N,G,Round,R,,,,G,Square,S,lever,2NL-2,MGS0931,G,Square,S,VGS02,,,
2,N,G,Round,R,,,,G,Square,S,lever,2NL-2,MGS1031,G,Square,S,VGS02,,,
2,N,G,Round,R,,,,G,Square,S,lever,2NL-2,MGS0431,G,Square,S,VGS02,,,
2,N,G,Round,R,,,,G,Square,S,lever,2NL-2,MGS0231,G,Square,S,VGS02,,,
2,N,G,Round,R,,,,G,Square,S,lever,2NL-2,MLR0131,L,Round,R,VGR02,,,
2,N,G,Round,R,,,,G,Square,S,lever,2NL-2,MLR0231,L,Round,R,VGR02,,,
2,N,G,Round,R,,,,G,Square,S,lever,2NL-2,MLR0331,L,Round,R,VGR02,,,
2,N,G,Round,R,,,,G,Square,S,lever,2NL-2,MLR0431,L,Round,R,VGR02,,,
2,N,G,Round,R,,,,G,Round,R,handle,2NH-1,MGR9942,G,Round,R,,,◯,
2,N,G,Round,R,,,,G,Round,R,handle,2NH-1,MGS9942,G,Square,S,,,,
2,N,G,Round,R,,,,G,Round,R,handle,2NH-2,MGR9940,G,Round,R,VGR01,VGR01,,
2,N,G,Round,R,,,,G,Round,R,handle,2NH-2,MGS9940,G,Square,S,VGS01,VGS01,,
2,N,G,Round,R,,,,G,Round,R,handle,2NH-3,MGR9940,G,Round,R,VGR01,VGR02,,
2,N,G,Round,R,,,,G,Round,R,handle,2NH-3,MGS9940,G,Square,S,VGS01,VGS02,,
2,N,G,Round,R,,,,G,Round,R,switch,2NS-1,MGS9942B,G,Square,S,,,◯,
2,N,G,Round,R,,,,G,Round,R,switch,2NS-2,MGS9941B,G,Square,S,VGS02,,,
2,N,G,Round,R,,,,G,Round,R,lever,2NL-1,MZS0232,Z,Square,S,,,,
2,N,G,Round,R,,,,G,Round,R,lever,2NL-1,MGR1132,G,Round,R,,,◯,
2,N,G,Round,R,,,,G,Round,R,lever,2NL-1,MGR0132,G,Round,R,,,◯,
2,N,G,Round,R,,,,G,Round,R,lever,2NL-1,MGR0332,G,Round,R,,,◯,
2,N,G,Round,R,,,,G,Round,R,lever,2NL-1,MGS0732,G,Square,S,,,,
2,N,G,Round,R,,,,G,Round,R,lever,2NL-1,MGS0832,G,Square,S,,,,
2,N,G,Round,R,,,,G,Round,R,lever,2NL-1,MGS0932,G,Square,S,,,,
2,N,G,Round,R,,,,G,Round,R,lever,2NL-1,MGS1032,G,Square,S,,,,
2,N,G,Round,R,,,,G,Round,R,lever,2NL-1,MGS0432,G,Square,S,,,,
2,N,G,Round,R,,,,G,Round,R,lever,2NL-1,MGS0232,G,Square,S,,,,
2,N,G,Round,R,,,,G,Round,R,lever,2NL-1,MLR0132,L,Round,R,,,,
2,N,G,Round,R,,,,G,Round,R,lever,2NL-1,MLR0232,L,Round,R,,,,
2,N,G,Round,R,,,,G,Round,R,lever,2NL-1,MLR0332,L,Round,R,,,,
2,N,G,Round,R,,,,G,Round,R,lever,2NL-1,MLR0432,L,Round,R,,,,
2,N,G,Round,R,,,,G,Round,R,lever,2NL-2,MZS0231,Z,Square,S,VGS02,,,
2,N,G,Round,R,,,,G,Round,R,lever,2NL-2,MGR1131,G,Round,R,VGR02,,,
2,N,G,Round,R,,,,G,Round,R,lever,2NL-2,MGR0131,G,Round,R,VGR02,,,
2,N,G,Round,R,,,,G,Round,R,lever,2NL-2,MGR0331,G,Round,R,VGR02,,,
2,N,G,Round,R,,,,G,Round,R,lever,2NL-2,MGS0731,G,Square,S,VGS02,,,
2,N,G,Round,R,,,,G,Round,R,lever,2NL-2,MGS0831,G,Square,S,VGS02,,,
2,N,G,Round,R,,,,G,Round,R,lever,2NL-2,MGS0931,G,Square,S,VGS02,,,
2,N,G,Round,R,,,,G,Round,R,lever,2NL-2,MGS1031,G,Square,S,VGS02,,,
2,N,G,Round,R,,,,G,Round,R,lever,2NL-2,MGS0431,G,Square,S,VGS02,,,
2,N,G,Round,R,,,,G,Round,R,lever,2NL-2,MGS0231,G,Square,S,VGS02,,,
2,N,G,Round,R,,,,G,Round,R,lever,2NL-2,MLR0131,L,Round,R,VGR02,,,
2,N,G,Round,R,,,,G,Round,R,lever,2NL-2,MLR0231,L,Round,R,VGR02,,,
2,N,G,Round,R,,,,G,Round,R,lever,2NL-2,MLR0331,L,Round,R,VGR02,,,
2,N,G,Round,R,,,,G,Round,R,lever,2NL-2,MLR0431,L,Round,R,VGR02,,,
2,N,G,Round,R,,,,L,Round,R,handle,2NH-1,MGR9942,G,Round,R,,,◯,
2,N,G,Round,R,,,,L,Round,R,handle,2NH-1,MGS9942,G,Square,S,,,,
2,N,G,Round,R,,,,L,Round,R,handle,2NH-2,MGR9940,G,Round,R,VGR01,VGR01,,
2,N,G,Round,R,,,,L,Round,R,handle,2NH-2,MGS9940,G,Square,S,VGS01,VGS01,,
2,N,G,Round,R,,,,L,Round,R,handle,2NH-3,MGR9940,G,Round,R,VGR01,VGR02,,
2,N,G,Round,R,,,,L,Round,R,handle,2NH-3,MGS9940,G,Square,S,VGS01,VGS02,,
2,N,G,Round,R,,,,L,Round,R,switch,2NS-1,MGS9942B,G,Square,S,,,◯,
2,N,G,Round,R,,,,L,Round,R,switch,2NS-2,MGS9941B,G,Square,S,VGS02,,,
2,N,G,Round,R,,,,L,Round,R,lever,2NL-1,MZS0232,Z,Square,S,,,,
2,N,G,Round,R,,,,L,Round,R,lever,2NL-1,MGR1132,G,Round,R,,,,
2,N,G,Round,R,,,,L,Round,R,lever,2NL-1,MGR0132,G,Round,R,,,,
2,N,G,Round,R,,,,L,Round,R,lever,2NL-1,MGR0332,G,Round,R,,,,
2,N,G,Round,R,,,,L,Round,R,lever,2NL-1,MGS0732,G,Square,S,,,,
2,N,G,Round,R,,,,L,Round,R,lever,2NL-1,MGS0832,G,Square,S,,,,
2,N,G,Round,R,,,,L,Round,R,lever,2NL-1,MGS0932,G,Square,S,,,,
2,N,G,Round,R,,,,L,Round,R,lever,2NL-1,MGS1032,G,Square,S,,,,
2,N,G,Round,R,,,,L,Round,R,lever,2NL-1,MGS0432,G,Square,S,,,,
2,N,G,Round,R,,,,L,Round,R,lever,2NL-1,MGS0232,G,Square,S,,,,
2,N,G,Round,R,,,,L,Round,R,lever,2NL-1,MLR0132,L,Round,R,,,◯,
2,N,G,Round,R,,,,L,Round,R,lever,2NL-1,MLR0232,L,Round,R,,,◯,
2,N,G,Round,R,,,,L,Round,R,lever,2NL-1,MLR0332,L,Round,R,,,◯,
2,N,G,Round,R,,,,L,Round,R,lever,2NL-1,MLR0432,L,Round,R,,,◯,
2,N,G,Round,R,,,,L,Round,R,lever,2NL-2,MZS0231,Z,Square,S,VGS02,,,
2,N,G,Round,R,,,,L,Round,R,lever,2NL-2,MGR1131,G,Round,R,VGR02,,,
2,N,G,Round,R,,,,L,Round,R,lever,2NL-2,MGR0131,G,Round,R,VGR02,,,
2,N,G,Round,R,,,,L,Round,R,lever,2NL-2,MGR0331,G,Round,R,VGR02,,,
2,N,G,Round,R,,,,L,Round,R,lever,2NL-2,MGS0731,G,Square,S,VGS02,,,
2,N,G,Round,R,,,,L,Round,R,lever,2NL-2,MGS0831,G,Square,S,VGS02,,,
2,N,G,Round,R,,,,L,Round,R,lever,2NL-2,MGS0931,G,Square,S,VGS02,,,
2,N,G,Round,R,,,,L,Round,R,lever,2NL-2,MGS1031,G,Square,S,VGS02,,,
2,N,G,Round,R,,,,L,Round,R,lever,2NL-2,MGS0431,G,Square,S,VGS02,,,
2,N,G,Round,R,,,,L,Round,R,lever,2NL-2,MGS0231,G,Square,S,VGS02,,,
2,N,G,Round,R,,,,L,Round,R,lever,2NL-2,MLR0131,L,Round,R,VGR02,,,
2,N,G,Round,R,,,,L,Round,R,lever,2NL-2,MLR0231,L,Round,R,VGR02,,,
2,N,G,Round,R,,,,L,Round,R,lever,2NL-2,MLR0331,L,Round,R,VGR02,,,
2,N,G,Round,R,,,,L,Round,R,lever,2NL-2,MLR0431,L,Round,R,VGR02,,,
2,N,L,Round,R,,,,Z,Square,S,handle,2NH-1,MGR9942,G,Round,R,,,,
2,N,L,Round,R,,,,Z,Square,S,handle,2NH-1,MGS9942,G,Square,S,,,◯,
2,N,L,Round,R,,,,Z,Square,S,handle,2NH-2,MGR9940,G,Round,R,VGR01,VGR01,,
2,N,L,Round,R,,,,Z,Square,S,handle,2NH-2,MGS9940,G,Square,S,VGS01,VGS01,,
2,N,L,Round,R,,,,Z,Square,S,handle,2NH-3,MGR9940,G,Round,R,VGR01,VGR02,,
2,N,L,Round,R,,,,Z,Square,S,handle,2NH-3,MGS9940,G,Square,S,VGS01,VGS02,,
2,N,L,Round,R,,,,Z,Square,S,switch,2NS-1,MGS9942B,G,Square,S,,,◯,
2,N,L,Round,R,,,,Z,Square,S,switch,2NS-2,MGS9941B,G,Square,S,VGS02,,,
2,N,L,Round,R,,,,Z,Square,S,lever,2NL-1,MZS0232,Z,Square,S,,,◯,
2,N,L,Round,R,,,,Z,Square,S,lever,2NL-1,MGR1132,G,Round,R,,,,
2,N,L,Round,R,,,,Z,Square,S,lever,2NL-1,MGR0132,G,Round,R,,,,
2,N,L,Round,R,,,,Z,Square,S,lever,2NL-1,MGR0332,G,Round,R,,,,
2,N,L,Round,R,,,,Z,Square,S,lever,2NL-1,MGS0732,G,Square,S,,,,
2,N,L,Round,R,,,,Z,Square,S,lever,2NL-1,MGS0832,G,Square,S,,,,
2,N,L,Round,R,,,,Z,Square,S,lever,2NL-1,MGS0932,G,Square,S,,,,
2,N,L,Round,R,,,,Z,Square,S,lever,2NL-1,MGS1032,G,Square,S,,,,
2,N,L,Round,R,,,,Z,Square,S,lever,2NL-1,MGS0432,G,Square,S,,,,
2,N,L,Round,R,,,,Z,Square,S,lever,2NL-1,MGS0232,G,Square,S,,,,
2,N,L,Round,R,,,,Z,Square,S,lever,2NL-1,MLR0132,L,Round,R,,,,
2,N,L,Round,R,,,,Z,Square,S,lever,2NL-1,MLR0232,L,Round,R,,,,
2,N,L,Round,R,,,,Z,Square,S,lever,2NL-1,MLR0332,L,Round,R,,,,
2,N,L,Round,R,,,,Z,Square,S,lever,2NL-1,MLR0432,L,Round,R,,,,
2,N,L,Round,R,,,,Z,Square,S,lever,2NL-2,MZS0231,Z,Square,S,VGS02,,,
2,N,L,Round,R,,,,Z,Square,S,lever,2NL-2,MGR1131,G,Round,R,VGR02,,,
2,N,L,Round,R,,,,Z,Square,S,lever,2NL-2,MGR0131,G,Round,R,VGR02,,,
2,N,L,Round,R,,,,Z,Square,S,lever,2NL-2,MGR0331,G,Round,R,VGR02,,,
2,N,L,Round,R,,,,Z,Square,S,lever,2NL-2,MGS0731,G,Square,S,VGS02,,,
2,N,L,Round,R,,,,Z,Square,S,lever,2NL-2,MGS0831,G,Square,S,VGS02,,,
2,N,L,Round,R,,,,Z,Square,S,lever,2NL-2,MGS0931,G,Square,S,VGS02,,,
2,N,L,Round,R,,,,Z,Square,S,lever,2NL-2,MGS1031,G,Square,S,VGS02,,,
2,N,L,Round,R,,,,Z,Square,S,lever,2NL-2,MGS0431,G,Square,S,VGS02,,,
2,N,L,Round,R,,,,Z,Square,S,lever,2NL-2,MGS0231,G,Square,S,VGS02,,,
2,N,L,Round,R,,,,Z,Square,S,lever,2NL-2,MLR0131,L,Round,R,VGR02,,,
2,N,L,Round,R,,,,Z,Square,S,lever,2NL-2,MLR0231,L,Round,R,VGR02,,,
2,N,L,Round,R,,,,Z,Square,S,lever,2NL-2,MLR0331,L,Round,R,VGR02,,,
2,N,L,Round,R,,,,Z,Square,S,lever,2NL-2,MLR0431,L,Round,R,VGR02,,,
2,N,L,Round,R,,,,G,Square,S,handle,2NH-1,MGR9942,G,Round,R,,,,
2,N,L,Round,R,,,,G,Square,S,handle,2NH-1,MGS9942,G,Square,S,,,◯,
2,N,L,Round,R,,,,G,Square,S,handle,2NH-2,MGR9940,G,Round,R,VGR01,VGR01,,
2,N,L,Round,R,,,,G,Square,S,handle,2NH-2,MGS9940,G,Square,S,VGS01,VGS01,,
2,N,L,Round,R,,,,G,Square,S,handle,2NH-3,MGR9940,G,Round,R,VGR01,VGR02,,
2,N,L,Round,R,,,,G,Square,S,handle,2NH-3,MGS9940,G,Square,S,VGS01,VGS02,,
2,N,L,Round,R,,,,G,Square,S,switch,2NS-1,MGS9942B,G,Square,S,,,◯,
2,N,L,Round,R,,,,G,Square,S,switch,2NS-2,MGS9941B,G,Square,S,VGS02,,,
2,N,L,Round,R,,,,G,Square,S,lever,2NL-1,MZS0232,Z,Square,S,,,,
2,N,L,Round,R,,,,G,Square,S,lever,2NL-1,MGR1132,G,Round,R,,,,
2,N,L,Round,R,,,,G,Square,S,lever,2NL-1,MGR0132,G,Round,R,,,,
2,N,L,Round,R,,,,G,Square,S,lever,2NL-1,MGR0332,G,Round,R,,,,
2,N,L,Round,R,,,,G,Square,S,lever,2NL-1,MGS0732,G,Square,S,,,,
2,N,L,Round,R,,,,G,Square,S,lever,2NL-1,MGS0832,G,Square,S,,,◯,
2,N,L,Round,R,,,,G,Square,S,lever,2NL-1,MGS0932,G,Square,S,,,◯,
2,N,L,Round,R,,,,G,Square,S,lever,2NL-1,MGS1032,G,Square,S,,,◯,
2,N,L,Round,R,,,,G,Square,S,lever,2NL-1,MGS0432,G,Square,S,,,◯,
2,N,L,Round,R,,,,G,Square,S,lever,2NL-1,MGS0232,G,Square,S,,,◯,
2,N,L,Round,R,,,,G,Square,S,lever,2NL-1,MLR0132,L,Round,R,,,,
2,N,L,Round,R,,,,G,Square,S,lever,2NL-1,MLR0232,L,Round,R,,,,
2,N,L,Round,R,,,,G,Square,S,lever,2NL-1,MLR0332,L,Round,R,,,,
2,N,L,Round,R,,,,G,Square,S,lever,2NL-1,MLR0432,L,Round,R,,,,
2,N,L,Round,R,,,,G,Square,S,lever,2NL-2,MZS0231,Z,Square,S,VGS02,,,
2,N,L,Round,R,,,,G,Square,S,lever,2NL-2,MGR1131,G,Round,R,VGR02,,,
2,N,L,Round,R,,,,G,Square,S,lever,2NL-2,MGR0131,G,Round,R,VGR02,,,
2,N,L,Round,R,,,,G,Square,S,lever,2NL-2,MGR0331,G,Round,R,VGR02,,,
2,N,L,Round,R,,,,G,Square,S,lever,2NL-2,MGS0731,G,Square,S,VGS02,,,
2,N,L,Round,R,,,,G,Square,S,lever,2NL-2,MGS0831,G,Square,S,VGS02,,,
2,N,L,Round,R,,,,G,Square,S,lever,2NL-2,MGS0931,G,Square,S,VGS02,,,
2,N,L,Round,R,,,,G,Square,S,lever,2NL-2,MGS1031,G,Square,S,VGS02,,,
2,N,L,Round,R,,,,G,Square,S,lever,2NL-2,MGS0431,G,Square,S,VGS02,,,
2,N,L,Round,R,,,,G,Square,S,lever,2NL-2,MGS0231,G,Square,S,VGS02,,,
2,N,L,Round,R,,,,G,Square,S,lever,2NL-2,MLR0131,L,Round,R,VGR02,,,
2,N,L,Round,R,,,,G,Square,S,lever,2NL-2,MLR0231,L,Round,R,VGR02,,,
2,N,L,Round,R,,,,G,Square,S,lever,2NL-2,MLR0331,L,Round,R,VGR02,,,
2,N,L,Round,R,,,,G,Square,S,lever,2NL-2,MLR0431,L,Round,R,VGR02,,,
2,N,L,Round,R,,,,G,Round,R,handle,2NH-1,MGR9942,G,Round,R,,,◯,
2,N,L,Round,R,,,,G,Round,R,handle,2NH-1,MGS9942,G,Square,S,,,,
2,N,L,Round,R,,,,G,Round,R,handle,2NH-2,MGR9940,G,Round,R,VGR01,VGR01,,
2,N,L,Round,R,,,,G,Round,R,handle,2NH-2,MGS9940,G,Square,S,VGS01,VGS01,,
2,N,L,Round,R,,,,G,Round,R,handle,2NH-3,MGR9940,G,Round,R,VGR01,VGR02,,
2,N,L,Round,R,,,,G,Round,R,handle,2NH-3,MGS9940,G,Square,S,VGS01,VGS02,,
2,N,L,Round,R,,,,G,Round,R,switch,2NS-1,MGS9942B,G,Square,S,,,◯,
2,N,L,Round,R,,,,G,Round,R,switch,2NS-2,MGS9941B,G,Square,S,VGS02,,,
2,N,L,Round,R,,,,G,Round,R,lever,2NL-1,MZS0232,Z,Square,S,,,,
2,N,L,Round,R,,,,G,Round,R,lever,2NL-1,MGR1132,G,Round,R,,,◯,
2,N,L,Round,R,,,,G,Round,R,lever,2NL-1,MGR0132,G,Round,R,,,◯,
2,N,L,Round,R,,,,G,Round,R,lever,2NL-1,MGR0332,G,Round,R,,,◯,
2,N,L,Round,R,,,,G,Round,R,lever,2NL-1,MGS0732,G,Square,S,,,,
2,N,L,Round,R,,,,G,Round,R,lever,2NL-1,MGS0832,G,Square,S,,,,
2,N,L,Round,R,,,,G,Round,R,lever,2NL-1,MGS0932,G,Square,S,,,,
2,N,L,Round,R,,,,G,Round,R,lever,2NL-1,MGS1032,G,Square,S,,,,
2,N,L,Round,R,,,,G,Round,R,lever,2NL-1,MGS0432,G,Square,S,,,,
2,N,L,Round,R,,,,G,Round,R,lever,2NL-1,MGS0232,G,Square,S,,,,
2,N,L,Round,R,,,,G,Round,R,lever,2NL-1,MLR0132,L,Round,R,,,,
2,N,L,Round,R,,,,G,Round,R,lever,2NL-1,MLR0232,L,Round,R,,,,
2,N,L,Round,R,,,,G,Round,R,lever,2NL-1,MLR0332,L,Round,R,,,,
2,N,L,Round,R,,,,G,Round,R,lever,2NL-1,MLR0432,L,Round,R,,,,
2,N,L,Round,R,,,,G,Round,R,lever,2NL-2,MZS0231,Z,Square,S,VGS02,,,
2,N,L,Round,R,,,,G,Round,R,lever,2NL-2,MGR1131,G,Round,R,VGR02,,,
2,N,L,Round,R,,,,G,Round,R,lever,2NL-2,MGR0131,G,Round,R,VGR02,,,
2,N,L,Round,R,,,,G,Round,R,lever,2NL-2,MGR0331,G,Round,R,VGR02,,,
2,N,L,Round,R,,,,G,Round,R,lever,2NL-2,MGS0731,G,Square,S,VGS02,,,
2,N,L,Round,R,,,,G,Round,R,lever,2NL-2,MGS0831,G,Square,S,VGS02,,,
2,N,L,Round,R,,,,G,Round,R,lever,2NL-2,MGS0931,G,Square,S,VGS02,,,
2,N,L,Round,R,,,,G,Round,R,lever,2NL-2,MGS1031,G,Square,S,VGS02,,,
2,N,L,Round,R,,,,G,Round,R,lever,2NL-2,MGS0431,G,Square,S,VGS02,,,
2,N,L,Round,R,,,,G,Round,R,lever,2NL-2,MGS0231,G,Square,S,VGS02,,,
2,N,L,Round,R,,,,G,Round,R,lever,2NL-2,MLR0131,L,Round,R,VGR02,,,
2,N,L,Round,R,,,,G,Round,R,lever,2NL-2,MLR0231,L,Round,R,VGR02,,,
2,N,L,Round,R,,,,G,Round,R,lever,2NL-2,MLR0331,L,Round,R,VGR02,,,
2,N,L,Round,R,,,,G,Round,R,lever,2NL-2,MLR0431,L,Round,R,VGR02,,,
2,N,L,Round,R,,,,L,Round,R,handle,2NH-1,MGR9942,G,Round,R,,,◯,
2,N,L,Round,R,,,,L,Round,R,handle,2NH-1,MGS9942,G,Square,S,,,,
2,N,L,Round,R,,,,L,Round,R,handle,2NH-2,MGR9940,G,Round,R,VGR01,VGR01,,
2,N,L,Round,R,,,,L,Round,R,handle,2NH-2,MGS9940,G,Square,S,VGS01,VGS01,,
2,N,L,Round,R,,,,L,Round,R,handle,2NH-3,MGR9940,G,Round,R,VGR01,VGR02,,
2,N,L,Round,R,,,,L,Round,R,handle,2NH-3,MGS9940,G,Square,S,VGS01,VGS02,,
2,N,L,Round,R,,,,L,Round,R,switch,2NS-1,MGS9942B,G,Square,S,,,◯,
2,N,L,Round,R,,,,L,Round,R,switch,2NS-2,MGS9941B,G,Square,S,VGS02,,,
2,N,L,Round,R,,,,L,Round,R,lever,2NL-1,MZS0232,Z,Square,S,,,,
2,N,L,Round,R,,,,L,Round,R,lever,2NL-1,MGR1132,G,Round,R,,,,
2,N,L,Round,R,,,,L,Round,R,lever,2NL-1,MGR0132,G,Round,R,,,,
2,N,L,Round,R,,,,L,Round,R,lever,2NL-1,MGR0332,G,Round,R,,,,
2,N,L,Round,R,,,,L,Round,R,lever,2NL-1,MGS0732,G,Square,S,,,,
2,N,L,Round,R,,,,L,Round,R,lever,2NL-1,MGS0832,G,Square,S,,,,
2,N,L,Round,R,,,,L,Round,R,lever,2NL-1,MGS0932,G,Square,S,,,,
2,N,L,Round,R,,,,L,Round,R,lever,2NL-1,MGS1032,G,Square,S,,,,
2,N,L,Round,R,,,,L,Round,R,lever,2NL-1,MGS0432,G,Square,S,,,,
2,N,L,Round,R,,,,L,Round,R,lever,2NL-1,MGS0232,G,Square,S,,,,
2,N,L,Round,R,,,,L,Round,R,lever,2NL-1,MLR0132,L,Round,R,,,◯,
2,N,L,Round,R,,,,L,Round,R,lever,2NL-1,MLR0232,L,Round,R,,,◯,
2,N,L,Round,R,,,,L,Round,R,lever,2NL-1,MLR0332,L,Round,R,,,◯,
2,N,L,Round,R,,,,L,Round,R,lever,2NL-1,MLR0432,L,Round,R,,,◯,
2,N,L,Round,R,,,,L,Round,R,lever,2NL-2,MZS0231,Z,Square,S,VGS02,,,
2,N,L,Round,R,,,,L,Round,R,lever,2NL-2,MGR1131,G,Round,R,VGR02,,,
2,N,L,Round,R,,,,L,Round,R,lever,2NL-2,MGR0131,G,Round,R,VGR02,,,
2,N,L,Round,R,,,,L,Round,R,lever,2NL-2,MGR0331,G,Round,R,VGR02,,,
2,N,L,Round,R,,,,L,Round,R,lever,2NL-2,MGS0731,G,Square,S,VGS02,,,
2,N,L,Round,R,,,,L,Round,R,lever,2NL-2,MGS0831,G,Square,S,VGS02,,,
2,N,L,Round,R,,,,L,Round,R,lever,2NL-2,MGS0931,G,Square,S,VGS02,,,
2,N,L,Round,R,,,,L,Round,R,lever,2NL-2,MGS1031,G,Square,S,VGS02,,,
2,N,L,Round,R,,,,L,Round,R,lever,2NL-2,MGS0431,G,Square,S,VGS02,,,
2,N,L,Round,R,,,,L,Round,R,lever,2NL-2,MGS0231,G,Square,S,VGS02,,,
2,N,L,Round,R,,,,L,Round,R,lever,2NL-2,MLR0131,L,Round,R,VGR02,,,
2,N,L,Round,R,,,,L,Round,R,lever,2NL-2,MLR0231,L,Round,R,VGR02,,,
2,N,L,Round,R,,,,L,Round,R,lever,2NL-2,MLR0331,L,Round,R,VGR02,,,
2,N,L,Round,R,,,,L,Round,R,lever,2NL-2,MLR0431,L,Round,R,VGR02,,,
2,N,,,,G,Round,R,Z,Square,S,handle,2NH-1,MGR9942,G,Round,R,,,,
2,N,,,,G,Round,R,Z,Square,S,handle,2NH-1,MGS9942,G,Square,S,,,◯,
2,N,,,,G,Round,R,Z,Square,S,handle,2NH-2,MGR9940,G,Round,R,VGR01,VGR01,,
2,N,,,,G,Round,R,Z,Square,S,handle,2NH-2,MGS9940,G,Square,S,VGS01,VGS01,,
2,N,,,,G,Round,R,Z,Square,S,handle,2NH-3,MGR9940,G,Round,R,VGR01,VGR02,,
2,N,,,,G,Round,R,Z,Square,S,handle,2NH-3,MGS9940,G,Square,S,VGS01,VGS02,,
2,N,,,,G,Round,R,Z,Square,S,switch,2NS-1,MGS9942B,G,Square,S,,,◯,
2,N,,,,G,Round,R,Z,Square,S,switch,2NS-2,MGS9941B,G,Square,S,VGS02,,,
2,N,,,,G,Round,R,Z,Square,S,lever,2NL-1,MZS0232,Z,Square,S,,,◯,
2,N,,,,G,Round,R,Z,Square,S,lever,2NL-1,MGR1132,G,Round,R,,,,
2,N,,,,G,Round,R,Z,Square,S,lever,2NL-1,MGR0132,G,Round,R,,,,
2,N,,,,G,Round,R,Z,Square,S,lever,2NL-1,MGR0332,G,Round,R,,,,
2,N,,,,G,Round,R,Z,Square,S,lever,2NL-1,MGS0732,G,Square,S,,,,
2,N,,,,G,Round,R,Z,Square,S,lever,2NL-1,MGS0832,G,Square,S,,,,
2,N,,,,G,Round,R,Z,Square,S,lever,2NL-1,MGS0932,G,Square,S,,,,
2,N,,,,G,Round,R,Z,Square,S,lever,2NL-1,MGS1032,G,Square,S,,,,
2,N,,,,G,Round,R,Z,Square,S,lever,2NL-1,MGS0432,G,Square,S,,,,
2,N,,,,G,Round,R,Z,Square,S,lever,2NL-1,MGS0232,G,Square,S,,,,
2,N,,,,G,Round,R,Z,Square,S,lever,2NL-1,MLR0132,L,Round,R,,,,
2,N,,,,G,Round,R,Z,Square,S,lever,2NL-1,MLR0232,L,Round,R,,,,
2,N,,,,G,Round,R,Z,Square,S,lever,2NL-1,MLR0332,L,Round,R,,,,
2,N,,,,G,Round,R,Z,Square,S,lever,2NL-1,MLR0432,L,Round,R,,,,
2,N,,,,G,Round,R,Z,Square,S,lever,2NL-2,MZS0231,Z,Square,S,VGS02,,,
2,N,,,,G,Round,R,Z,Square,S,lever,2NL-2,MGR1131,G,Round,R,VGR02,,,
2,N,,,,G,Round,R,Z,Square,S,lever,2NL-2,MGR0131,G,Round,R,VGR02,,,
2,N,,,,G,Round,R,Z,Square,S,lever,2NL-2,MGR0331,G,Round,R,VGR02,,,
2,N,,,,G,Round,R,Z,Square,S,lever,2NL-2,MGS0731,G,Square,S,VGS02,,,
2,N,,,,G,Round,R,Z,Square,S,lever,2NL-2,MGS0831,G,Square,S,VGS02,,,
2,N,,,,G,Round,R,Z,Square,S,lever,2NL-2,MGS0931,G,Square,S,VGS02,,,
2,N,,,,G,Round,R,Z,Square,S,lever,2NL-2,MGS1031,G,Square,S,VGS02,,,
2,N,,,,G,Round,R,Z,Square,S,lever,2NL-2,MGS0431,G,Square,S,VGS02,,,
2,N,,,,G,Round,R,Z,Square,S,lever,2NL-2,MGS0231,G,Square,S,VGS02,,,
2,N,,,,G,Round,R,Z,Square,S,lever,2NL-2,MLR0131,L,Round,R,VGR02,,,
2,N,,,,G,Round,R,Z,Square,S,lever,2NL-2,MLR0231,L,Round,R,VGR02,,,
2,N,,,,G,Round,R,Z,Square,S,lever,2NL-2,MLR0331,L,Round,R,VGR02,,,
2,N,,,,G,Round,R,Z,Square,S,lever,2NL-2,MLR0431,L,Round,R,VGR02,,,
2,N,,,,G,Round,R,G,Square,S,handle,2NH-1,MGR9942,G,Round,R,,,,
2,N,,,,G,Round,R,G,Square,S,handle,2NH-1,MGS9942,G,Square,S,,,◯,
2,N,,,,G,Round,R,G,Square,S,handle,2NH-2,MGR9940,G,Round,R,VGR01,VGR01,,
2,N,,,,G,Round,R,G,Square,S,handle,2NH-2,MGS9940,G,Square,S,VGS01,VGS01,,
2,N,,,,G,Round,R,G,Square,S,handle,2NH-3,MGR9940,G,Round,R,VGR01,VGR02,,
2,N,,,,G,Round,R,G,Square,S,handle,2NH-3,MGS9940,G,Square,S,VGS01,VGS02,,
2,N,,,,G,Round,R,G,Square,S,switch,2NS-1,MGS9942B,G,Square,S,,,◯,
2,N,,,,G,Round,R,G,Square,S,switch,2NS-2,MGS9941B,G,Square,S,VGS02,,,
2,N,,,,G,Round,R,G,Square,S,lever,2NL-1,MZS0232,Z,Square,S,,,,
2,N,,,,G,Round,R,G,Square,S,lever,2NL-1,MGR1132,G,Round,R,,,,
2,N,,,,G,Round,R,G,Square,S,lever,2NL-1,MGR0132,G,Round,R,,,,
2,N,,,,G,Round,R,G,Square,S,lever,2NL-1,MGR0332,G,Round,R,,,,
2,N,,,,G,Round,R,G,Square,S,lever,2NL-1,MGS0732,G,Square,S,,,◯,
2,N,,,,G,Round,R,G,Square,S,lever,2NL-1,MGS0832,G,Square,S,,,◯,
2,N,,,,G,Round,R,G,Square,S,lever,2NL-1,MGS0932,G,Square,S,,,◯,
2,N,,,,G,Round,R,G,Square,S,lever,2NL-1,MGS1032,G,Square,S,,,◯,
2,N,,,,G,Round,R,G,Square,S,lever,2NL-1,MGS0432,G,Square,S,,,◯,
2,N,,,,G,Round,R,G,Square,S,lever,2NL-1,MGS0232,G,Square,S,,,◯,
2,N,,,,G,Round,R,G,Square,S,lever,2NL-1,MLR0132,L,Round,R,,,,
2,N,,,,G,Round,R,G,Square,S,lever,2NL-1,MLR0232,L,Round,R,,,,
2,N,,,,G,Round,R,G,Square,S,lever,2NL-1,MLR0332,L,Round,R,,,,
2,N,,,,G,Round,R,G,Square,S,lever,2NL-1,MLR0432,L,Round,R,,,,
2,N,,,,G,Round,R,G,Square,S,lever,2NL-2,MZS0231,Z,Square,S,VGS02,,,
2,N,,,,G,Round,R,G,Square,S,lever,2NL-2,MGR1131,G,Round,R,VGR02,,,
2,N,,,,G,Round,R,G,Square,S,lever,2NL-2,MGR0131,G,Round,R,VGR02,,,
2,N,,,,G,Round,R,G,Square,S,lever,2NL-2,MGR0331,G,Round,R,VGR02,,,
2,N,,,,G,Round,R,G,Square,S,lever,2NL-2,MGS0731,G,Square,S,VGS02,,,
2,N,,,,G,Round,R,G,Square,S,lever,2NL-2,MGS0831,G,Square,S,VGS02,,,
2,N,,,,G,Round,R,G,Square,S,lever,2NL-2,MGS0931,G,Square,S,VGS02,,,
2,N,,,,G,Round,R,G,Square,S,lever,2NL-2,MGS1031,G,Square,S,VGS02,,,
2,N,,,,G,Round,R,G,Square,S,lever,2NL-2,MGS0431,G,Square,S,VGS02,,,
2,N,,,,G,Round,R,G,Square,S,lever,2NL-2,MGS0231,G,Square,S,VGS02,,,
2,N,,,,G,Round,R,G,Square,S,lever,2NL-2,MLR0131,L,Round,R,VGR02,,,
2,N,,,,G,Round,R,G,Square,S,lever,2NL-2,MLR0231,L,Round,R,VGR02,,,
2,N,,,,G,Round,R,G,Square,S,lever,2NL-2,MLR0331,L,Round,R,VGR02,,,
2,N,,,,G,Round,R,G,Square,S,lever,2NL-2,MLR0431,L,Round,R,VGR02,,,
2,N,,,,G,Round,R,G,Round,R,handle,2NH-1,MGR9942,G,Round,R,,,◯,
2,N,,,,G,Round,R,G,Round,R,handle,2NH-1,MGS9942,G,Square,S,,,,
2,N,,,,G,Round,R,G,Round,R,handle,2NH-2,MGR9940,G,Round,R,VGR01,VGR01,,
2,N,,,,G,Round,R,G,Round,R,handle,2NH-2,MGS9940,G,Square,S,VGS01,VGS01,,
2,N,,,,G,Round,R,G,Round,R,handle,2NH-3,MGR9940,G,Round,R,VGR01,VGR02,,
2,N,,,,G,Round,R,G,Round,R,handle,2NH-3,MGS9940,G,Square,S,VGS01,VGS02,,
2,N,,,,G,Round,R,G,Round,R,switch,2NS-1,MGS9942B,G,Square,S,,,◯,
2,N,,,,G,Round,R,G,Round,R,switch,2NS-2,MGS9941B,G,Square,S,VGS02,,,
2,N,,,,G,Round,R,G,Round,R,lever,2NL-1,MZS0232,Z,Square,S,,,,
2,N,,,,G,Round,R,G,Round,R,lever,2NL-1,MGR1132,G,Round,R,,,◯,
2,N,,,,G,Round,R,G,Round,R,lever,2NL-1,MGR0132,G,Round,R,,,◯,
2,N,,,,G,Round,R,G,Round,R,lever,2NL-1,MGR0332,G,Round,R,,,◯,
2,N,,,,G,Round,R,G,Round,R,lever,2NL-1,MGS0732,G,Square,S,,,,
2,N,,,,G,Round,R,G,Round,R,lever,2NL-1,MGS0832,G,Square,S,,,,
2,N,,,,G,Round,R,G,Round,R,lever,2NL-1,MGS0932,G,Square,S,,,,
2,N,,,,G,Round,R,G,Round,R,lever,2NL-1,MGS1032,G,Square,S,,,,
2,N,,,,G,Round,R,G,Round,R,lever,2NL-1,MGS0432,G,Square,S,,,,
2,N,,,,G,Round,R,G,Round,R,lever,2NL-1,MGS0232,G,Square,S,,,,
2,N,,,,G,Round,R,G,Round,R,lever,2NL-1,MLR0132,L,Round,R,,,,
2,N,,,,G,Round,R,G,Round,R,lever,2NL-1,MLR0232,L,Round,R,,,,
2,N,,,,G,Round,R,G,Round,R,lever,2NL-1,MLR0332,L,Round,R,,,,
2,N,,,,G,Round,R,G,Round,R,lever,2NL-1,MLR0432,L,Round,R,,,,
2,N,,,,G,Round,R,G,Round,R,lever,2NL-2,MZS0231,Z,Square,S,VGS02,,,
2,N,,,,G,Round,R,G,Round,R,lever,2NL-2,MGR1131,G,Round,R,VGR02,,,
2,N,,,,G,Round,R,G,Round,R,lever,2NL-2,MGR0131,G,Round,R,VGR02,,,
2,N,,,,G,Round,R,G,Round,R,lever,2NL-2,MGR0331,G,Round,R,VGR02,,,
2,N,,,,G,Round,R,G,Round,R,lever,2NL-2,MGS0731,G,Square,S,VGS02,,,
2,N,,,,G,Round,R,G,Round,R,lever,2NL-2,MGS0831,G,Square,S,VGS02,,,
2,N,,,,G,Round,R,G,Round,R,lever,2NL-2,MGS0931,G,Square,S,VGS02,,,
2,N,,,,G,Round,R,G,Round,R,lever,2NL-2,MGS1031,G,Square,S,VGS02,,,
2,N,,,,G,Round,R,G,Round,R,lever,2NL-2,MGS0431,G,Square,S,VGS02,,,
2,N,,,,G,Round,R,G,Round,R,lever,2NL-2,MGS0231,G,Square,S,VGS02,,,
2,N,,,,G,Round,R,G,Round,R,lever,2NL-2,MLR0131,L,Round,R,VGR02,,,
2,N,,,,G,Round,R,G,Round,R,lever,2NL-2,MLR0231,L,Round,R,VGR02,,,
2,N,,,,G,Round,R,G,Round,R,lever,2NL-2,MLR0331,L,Round,R,VGR02,,,
2,N,,,,G,Round,R,G,Round,R,lever,2NL-2,MLR0431,L,Round,R,VGR02,,,
2,N,,,,G,Round,R,L,Round,R,handle,2NH-1,MGR9942,G,Round,R,,,◯,
2,N,,,,G,Round,R,L,Round,R,handle,2NH-1,MGS9942,G,Square,S,,,,
2,N,,,,G,Round,R,L,Round,R,handle,2NH-2,MGR9940,G,Round,R,VGR01,VGR01,,
2,N,,,,G,Round,R,L,Round,R,handle,2NH-2,MGS9940,G,Square,S,VGS01,VGS01,,
2,N,,,,G,Round,R,L,Round,R,handle,2NH-3,MGR9940,G,Round,R,VGR01,VGR02,,
2,N,,,,G,Round,R,L,Round,R,handle,2NH-3,MGS9940,G,Square,S,VGS01,VGS02,,
2,N,,,,G,Round,R,L,Round,R,switch,2NS-1,MGS9942B,G,Square,S,,,◯,
2,N,,,,G,Round,R,L,Round,R,switch,2NS-2,MGS9941B,G,Square,S,VGS02,,,
2,N,,,,G,Round,R,L,Round,R,lever,2NL-1,MZS0232,Z,Square,S,,,,
2,N,,,,G,Round,R,L,Round,R,lever,2NL-1,MGR1132,G,Round,R,,,,
2,N,,,,G,Round,R,L,Round,R,lever,2NL-1,MGR0132,G,Round,R,,,,
2,N,,,,G,Round,R,L,Round,R,lever,2NL-1,MGR0332,G,Round,R,,,,
2,N,,,,G,Round,R,L,Round,R,lever,2NL-1,MGS0732,G,Square,S,,,,
2,N,,,,G,Round,R,L,Round,R,lever,2NL-1,MGS0832,G,Square,S,,,,
2,N,,,,G,Round,R,L,Round,R,lever,2NL-1,MGS0932,G,Square,S,,,,
2,N,,,,G,Round,R,L,Round,R,lever,2NL-1,MGS1032,G,Square,S,,,,
2,N,,,,G,Round,R,L,Round,R,lever,2NL-1,MGS0432,G,Square,S,,,,
2,N,,,,G,Round,R,L,Round,R,lever,2NL-1,MGS0232,G,Square,S,,,,
2,N,,,,G,Round,R,L,Round,R,lever,2NL-1,MLR0132,L,Round,R,,,◯,
2,N,,,,G,Round,R,L,Round,R,lever,2NL-1,MLR0232,L,Round,R,,,◯,
2,N,,,,G,Round,R,L,Round,R,lever,2NL-1,MLR0332,L,Round,R,,,◯,
2,N,,,,G,Round,R,L,Round,R,lever,2NL-1,MLR0432,L,Round,R,,,◯,
2,N,,,,G,Round,R,L,Round,R,lever,2NL-2,MZS0231,Z,Square,S,VGS02,,,
2,N,,,,G,Round,R,L,Round,R,lever,2NL-2,MGR1131,G,Round,R,VGR02,,,
2,N,,,,G,Round,R,L,Round,R,lever,2NL-2,MGR0131,G,Round,R,VGR02,,,
2,N,,,,G,Round,R,L,Round,R,lever,2NL-2,MGR0331,G,Round,R,VGR02,,,
2,N,,,,G,Round,R,L,Round,R,lever,2NL-2,MGS0731,G,Square,S,VGS02,,,
2,N,,,,G,Round,R,L,Round,R,lever,2NL-2,MGS0831,G,Square,S,VGS02,,,
2,N,,,,G,Round,R,L,Round,R,lever,2NL-2,MGS0931,G,Square,S,VGS02,,,
2,N,,,,G,Round,R,L,Round,R,lever,2NL-2,MGS1031,G,Square,S,VGS02,,,
2,N,,,,G,Round,R,L,Round,R,lever,2NL-2,MGS0431,G,Square,S,VGS02,,,
2,N,,,,G,Round,R,L,Round,R,lever,2NL-2,MGS0231,G,Square,S,VGS02,,,
2,N,,,,G,Round,R,L,Round,R,lever,2NL-2,MLR0131,L,Round,R,VGR02,,,
2,N,,,,G,Round,R,L,Round,R,lever,2NL-2,MLR0231,L,Round,R,VGR02,,,
2,N,,,,G,Round,R,L,Round,R,lever,2NL-2,MLR0331,L,Round,R,VGR02,,,
2,N,,,,G,Round,R,L,Round,R,lever,2NL-2,MLR0431,L,Round,R,VGR02,,,
2,N,,,,L,Round,R,Z,Square,S,handle,2NH-1,MGR9942,G,Round,R,,,◯,
2,N,,,,L,Round,R,Z,Square,S,handle,2NH-1,MGS9942,G,Square,S,,,,
2,N,,,,L,Round,R,Z,Square,S,handle,2NH-2,MGR9940,G,Round,R,VGR01,VGR01,,
2,N,,,,L,Round,R,Z,Square,S,handle,2NH-2,MGS9940,G,Square,S,VGS01,VGS01,,
2,N,,,,L,Round,R,Z,Square,S,handle,2NH-3,MGR9940,G,Round,R,VGR01,VGR02,,
2,N,,,,L,Round,R,Z,Square,S,handle,2NH-3,MGS9940,G,Square,S,VGS01,VGS02,,
2,N,,,,L,Round,R,Z,Square,S,switch,2NS-1,MGS9942B,G,Square,S,,,◯,
2,N,,,,L,Round,R,Z,Square,S,switch,2NS-2,MGS9941B,G,Square,S,VGS02,,,
2,N,,,,L,Round,R,Z,Square,S,lever,2NL-1,MZS0232,Z,Square,S,,,◯,
2,N,,,,L,Round,R,Z,Square,S,lever,2NL-1,MGR1132,G,Round,R,,,,
2,N,,,,L,Round,R,Z,Square,S,lever,2NL-1,MGR0132,G,Round,R,,,,
2,N,,,,L,Round,R,Z,Square,S,lever,2NL-1,MGR0332,G,Round,R,,,,
2,N,,,,L,Round,R,Z,Square,S,lever,2NL-1,MGS0732,G,Square,S,,,,
2,N,,,,L,Round,R,Z,Square,S,lever,2NL-1,MGS0832,G,Square,S,,,,
2,N,,,,L,Round,R,Z,Square,S,lever,2NL-1,MGS0932,G,Square,S,,,,
2,N,,,,L,Round,R,Z,Square,S,lever,2NL-1,MGS1032,G,Square,S,,,,
2,N,,,,L,Round,R,Z,Square,S,lever,2NL-1,MGS0432,G,Square,S,,,,
2,N,,,,L,Round,R,Z,Square,S,lever,2NL-1,MGS0232,G,Square,S,,,,
2,N,,,,L,Round,R,Z,Square,S,lever,2NL-1,MLR0132,L,Round,R,,,,
2,N,,,,L,Round,R,Z,Square,S,lever,2NL-1,MLR0232,L,Round,R,,,,
2,N,,,,L,Round,R,Z,Square,S,lever,2NL-1,MLR0332,L,Round,R,,,,
2,N,,,,L,Round,R,Z,Square,S,lever,2NL-1,MLR0432,L,Round,R,,,,
2,N,,,,L,Round,R,Z,Square,S,lever,2NL-2,MZS0231,Z,Square,S,VGS02,,,
2,N,,,,L,Round,R,Z,Square,S,lever,2NL-2,MGR1131,G,Round,R,VGR02,,,
2,N,,,,L,Round,R,Z,Square,S,lever,2NL-2,MGR0131,G,Round,R,VGR02,,,
2,N,,,,L,Round,R,Z,Square,S,lever,2NL-2,MGR0331,G,Round,R,VGR02,,,
2,N,,,,L,Round,R,Z,Square,S,lever,2NL-2,MGS0731,G,Square,S,VGS02,,,
2,N,,,,L,Round,R,Z,Square,S,lever,2NL-2,MGS0831,G,Square,S,VGS02,,,
2,N,,,,L,Round,R,Z,Square,S,lever,2NL-2,MGS0931,G,Square,S,VGS02,,,
2,N,,,,L,Round,R,Z,Square,S,lever,2NL-2,MGS1031,G,Square,S,VGS02,,,
2,N,,,,L,Round,R,Z,Square,S,lever,2NL-2,MGS0431,G,Square,S,VGS02,,,
2,N,,,,L,Round,R,Z,Square,S,lever,2NL-2,MGS0231,G,Square,S,VGS02,,,
2,N,,,,L,Round,R,Z,Square,S,lever,2NL-2,MLR0131,L,Round,R,VGR02,,,
2,N,,,,L,Round,R,Z,Square,S,lever,2NL-2,MLR0231,L,Round,R,VGR02,,,
2,N,,,,L,Round,R,Z,Square,S,lever,2NL-2,MLR0331,L,Round,R,VGR02,,,
2,N,,,,L,Round,R,Z,Square,S,lever,2NL-2,MLR0431,L,Round,R,VGR02,,,
2,N,,,,L,Round,R,G,Square,S,handle,2NH-1,MGR9942,G,Round,R,,,◯,
2,N,,,,L,Round,R,G,Square,S,handle,2NH-1,MGS9942,G,Square,S,,,,
2,N,,,,L,Round,R,G,Square,S,handle,2NH-2,MGR9940,G,Round,R,VGR01,VGR01,,
2,N,,,,L,Round,R,G,Square,S,handle,2NH-2,MGS9940,G,Square,S,VGS01,VGS01,,
2,N,,,,L,Round,R,G,Square,S,handle,2NH-3,MGR9940,G,Round,R,VGR01,VGR02,,
2,N,,,,L,Round,R,G,Square,S,handle,2NH-3,MGS9940,G,Square,S,VGS01,VGS02,,
2,N,,,,L,Round,R,G,Square,S,switch,2NS-1,MGS9942B,G,Square,S,,,◯,
2,N,,,,L,Round,R,G,Square,S,switch,2NS-2,MGS9941B,G,Square,S,VGS02,,,
2,N,,,,L,Round,R,G,Square,S,lever,2NL-1,MZS0232,Z,Square,S,,,,
2,N,,,,L,Round,R,G,Square,S,lever,2NL-1,MGR1132,G,Round,R,,,,
2,N,,,,L,Round,R,G,Square,S,lever,2NL-1,MGR0132,G,Round,R,,,,
2,N,,,,L,Round,R,G,Square,S,lever,2NL-1,MGR0332,G,Round,R,,,,
2,N,,,,L,Round,R,G,Square,S,lever,2NL-1,MGS0732,G,Square,S,,,◯,
2,N,,,,L,Round,R,G,Square,S,lever,2NL-1,MGS0832,G,Square,S,,,◯,
2,N,,,,L,Round,R,G,Square,S,lever,2NL-1,MGS0932,G,Square,S,,,◯,
2,N,,,,L,Round,R,G,Square,S,lever,2NL-1,MGS1032,G,Square,S,,,◯,
2,N,,,,L,Round,R,G,Square,S,lever,2NL-1,MGS0432,G,Square,S,,,◯,
2,N,,,,L,Round,R,G,Square,S,lever,2NL-1,MGS0232,G,Square,S,,,◯,
2,N,,,,L,Round,R,G,Square,S,lever,2NL-1,MLR0132,L,Round,R,,,,
2,N,,,,L,Round,R,G,Square,S,lever,2NL-1,MLR0232,L,Round,R,,,,
2,N,,,,L,Round,R,G,Square,S,lever,2NL-1,MLR0332,L,Round,R,,,,
2,N,,,,L,Round,R,G,Square,S,lever,2NL-1,MLR0432,L,Round,R,,,,
2,N,,,,L,Round,R,G,Square,S,lever,2NL-2,MZS0231,Z,Square,S,VGS02,,,
2,N,,,,L,Round,R,G,Square,S,lever,2NL-2,MGR1131,G,Round,R,VGR02,,,
2,N,,,,L,Round,R,G,Square,S,lever,2NL-2,MGR0131,G,Round,R,VGR02,,,
2,N,,,,L,Round,R,G,Square,S,lever,2NL-2,MGR0331,G,Round,R,VGR02,,,
2,N,,,,L,Round,R,G,Square,S,lever,2NL-2,MGS0731,G,Square,S,VGS02,,,
2,N,,,,L,Round,R,G,Square,S,lever,2NL-2,MGS0831,G,Square,S,VGS02,,,
2,N,,,,L,Round,R,G,Square,S,lever,2NL-2,MGS0931,G,Square,S,VGS02,,,
2,N,,,,L,Round,R,G,Square,S,lever,2NL-2,MGS1031,G,Square,S,VGS02,,,
2,N,,,,L,Round,R,G,Square,S,lever,2NL-2,MGS0431,G,Square,S,VGS02,,,
2,N,,,,L,Round,R,G,Square,S,lever,2NL-2,MGS0231,G,Square,S,VGS02,,,
2,N,,,,L,Round,R,G,Square,S,lever,2NL-2,MLR0131,L,Round,R,VGR02,,,
2,N,,,,L,Round,R,G,Square,S,lever,2NL-2,MLR0231,L,Round,R,VGR02,,,
2,N,,,,L,Round,R,G,Square,S,lever,2NL-2,MLR0331,L,Round,R,VGR02,,,
2,N,,,,L,Round,R,G,Square,S,lever,2NL-2,MLR0431,L,Round,R,VGR02,,,
2,N,,,,L,Round,R,G,Round,R,handle,2NH-1,MGR9942,G,Round,R,,,◯,
2,N,,,,L,Round,R,G,Round,R,handle,2NH-1,MGS9942,G,Square,S,,,,
2,N,,,,L,Round,R,G,Round,R,handle,2NH-2,MGR9940,G,Round,R,VGR01,VGR01,,
2,N,,,,L,Round,R,G,Round,R,handle,2NH-2,MGS9940,G,Square,S,VGS01,VGS01,,
2,N,,,,L,Round,R,G,Round,R,handle,2NH-3,MGR9940,G,Round,R,VGR01,VGR02,,
2,N,,,,L,Round,R,G,Round,R,handle,2NH-3,MGS9940,G,Square,S,VGS01,VGS02,,
2,N,,,,L,Round,R,G,Round,R,switch,2NS-1,MGS9942B,G,Square,S,,,◯,
2,N,,,,L,Round,R,G,Round,R,switch,2NS-2,MGS9941B,G,Square,S,VGS02,,,
2,N,,,,L,Round,R,G,Round,R,lever,2NL-1,MZS0232,Z,Square,S,,,,
2,N,,,,L,Round,R,G,Round,R,lever,2NL-1,MGR1132,G,Round,R,,,◯,
2,N,,,,L,Round,R,G,Round,R,lever,2NL-1,MGR0132,G,Round,R,,,◯,
2,N,,,,L,Round,R,G,Round,R,lever,2NL-1,MGR0332,G,Round,R,,,◯,
2,N,,,,L,Round,R,G,Round,R,lever,2NL-1,MGS0732,G,Square,S,,,,
2,N,,,,L,Round,R,G,Round,R,lever,2NL-1,MGS0832,G,Square,S,,,,
2,N,,,,L,Round,R,G,Round,R,lever,2NL-1,MGS0932,G,Square,S,,,,
2,N,,,,L,Round,R,G,Round,R,lever,2NL-1,MGS1032,G,Square,S,,,,
2,N,,,,L,Round,R,G,Round,R,lever,2NL-1,MGS0432,G,Square,S,,,,
2,N,,,,L,Round,R,G,Round,R,lever,2NL-1,MGS0232,G,Square,S,,,,
2,N,,,,L,Round,R,G,Round,R,lever,2NL-1,MLR0132,L,Round,R,,,,
2,N,,,,L,Round,R,G,Round,R,lever,2NL-1,MLR0232,L,Round,R,,,,
2,N,,,,L,Round,R,G,Round,R,lever,2NL-1,MLR0332,L,Round,R,,,,
2,N,,,,L,Round,R,G,Round,R,lever,2NL-1,MLR0432,L,Round,R,,,,
2,N,,,,L,Round,R,G,Round,R,lever,2NL-2,MZS0231,Z,Square,S,VGS02,,,
2,N,,,,L,Round,R,G,Round,R,lever,2NL-2,MGR1131,G,Round,R,VGR02,,,
2,N,,,,L,Round,R,G,Round,R,lever,2NL-2,MGR0131,G,Round,R,VGR02,,,
2,N,,,,L,Round,R,G,Round,R,lever,2NL-2,MGR0331,G,Round,R,VGR02,,,
2,N,,,,L,Round,R,G,Round,R,lever,2NL-2,MGS0731,G,Square,S,VGS02,,,
2,N,,,,L,Round,R,G,Round,R,lever,2NL-2,MGS0831,G,Square,S,VGS02,,,
2,N,,,,L,Round,R,G,Round,R,lever,2NL-2,MGS0931,G,Square,S,VGS02,,,
2,N,,,,L,Round,R,G,Round,R,lever,2NL-2,MGS1031,G,Square,S,VGS02,,,
2,N,,,,L,Round,R,G,Round,R,lever,2NL-2,MGS0431,G,Square,S,VGS02,,,
2,N,,,,L,Round,R,G,Round,R,lever,2NL-2,MGS0231,G,Square,S,VGS02,,,
2,N,,,,L,Round,R,G,Round,R,lever,2NL-2,MLR0131,L,Round,R,VGR02,,,
2,N,,,,L,Round,R,G,Round,R,lever,2NL-2,MLR0231,L,Round,R,VGR02,,,
2,N,,,,L,Round,R,G,Round,R,lever,2NL-2,MLR0331,L,Round,R,VGR02,,,
2,N,,,,L,Round,R,G,Round,R,lever,2NL-2,MLR0431,L,Round,R,VGR02,,,
2,N,,,,L,Round,R,L,Round,R,handle,2NH-1,MGR9942,G,Round,R,,,◯,
2,N,,,,L,Round,R,L,Round,R,handle,2NH-1,MGS9942,G,Square,S,,,,
2,N,,,,L,Round,R,L,Round,R,handle,2NH-2,MGR9940,G,Round,R,VGR01,VGR01,,
2,N,,,,L,Round,R,L,Round,R,handle,2NH-2,MGS9940,G,Square,S,VGS01,VGS01,,
2,N,,,,L,Round,R,L,Round,R,handle,2NH-3,MGR9940,G,Round,R,VGR01,VGR02,,
2,N,,,,L,Round,R,L,Round,R,handle,2NH-3,MGS9940,G,Square,S,VGS01,VGS02,,
2,N,,,,L,Round,R,L,Round,R,switch,2NS-1,MGS9942B,G,Square,S,,,◯,
2,N,,,,L,Round,R,L,Round,R,switch,2NS-2,MGS9941B,G,Square,S,VGS02,,,
2,N,,,,L,Round,R,L,Round,R,lever,2NL-1,MZS0232,Z,Square,S,,,,
2,N,,,,L,Round,R,L,Round,R,lever,2NL-1,MGR1132,G,Round,R,,,,
2,N,,,,L,Round,R,L,Round,R,lever,2NL-1,MGR0132,G,Round,R,,,,
2,N,,,,L,Round,R,L,Round,R,lever,2NL-1,MGR0332,G,Round,R,,,,
2,N,,,,L,Round,R,L,Round,R,lever,2NL-1,MGS0732,G,Square,S,,,,
2,N,,,,L,Round,R,L,Round,R,lever,2NL-1,MGS0832,G,Square,S,,,,
2,N,,,,L,Round,R,L,Round,R,lever,2NL-1,MGS0932,G,Square,S,,,,
2,N,,,,L,Round,R,L,Round,R,lever,2NL-1,MGS1032,G,Square,S,,,,
2,N,,,,L,Round,R,L,Round,R,lever,2NL-1,MGS0432,G,Square,S,,,,
2,N,,,,L,Round,R,L,Round,R,lever,2NL-1,MGS0232,G,Square,S,,,,
2,N,,,,L,Round,R,L,Round,R,lever,2NL-1,MLR0132,L,Round,R,,,◯,
2,N,,,,L,Round,R,L,Round,R,lever,2NL-1,MLR0232,L,Round,R,,,◯,
2,N,,,,L,Round,R,L,Round,R,lever,2NL-1,MLR0332,L,Round,R,,,◯,
2,N,,,,L,Round,R,L,Round,R,lever,2NL-1,MLR0432,L,Round,R,,,◯,
2,N,,,,L,Round,R,L,Round,R,lever,2NL-2,MZS0231,Z,Square,S,VGS02,,,
2,N,,,,L,Round,R,L,Round,R,lever,2NL-2,MGR1131,G,Round,R,VGR02,,,
2,N,,,,L,Round,R,L,Round,R,lever,2NL-2,MGR0131,G,Round,R,VGR02,,,
2,N,,,,L,Round,R,L,Round,R,lever,2NL-2,MGR0331,G,Round,R,VGR02,,,
2,N,,,,L,Round,R,L,Round,R,lever,2NL-2,MGS0731,G,Square,S,VGS02,,,
2,N,,,,L,Round,R,L,Round,R,lever,2NL-2,MGS0831,G,Square,S,VGS02,,,
2,N,,,,L,Round,R,L,Round,R,lever,2NL-2,MGS0931,G,Square,S,VGS02,,,
2,N,,,,L,Round,R,L,Round,R,lever,2NL-2,MGS1031,G,Square,S,VGS02,,,
2,N,,,,L,Round,R,L,Round,R,lever,2NL-2,MGS0431,G,Square,S,VGS02,,,
2,N,,,,L,Round,R,L,Round,R,lever,2NL-2,MGS0231,G,Square,S,VGS02,,,
2,N,,,,L,Round,R,L,Round,R,lever,2NL-2,MLR0131,L,Round,R,VGR02,,,
2,N,,,,L,Round,R,L,Round,R,lever,2NL-2,MLR0231,L,Round,R,VGR02,,,
2,N,,,,L,Round,R,L,Round,R,lever,2NL-2,MLR0331,L,Round,R,VGR02,,,
2,N,,,,L,Round,R,L,Round,R,lever,2NL-2,MLR0431,L,Round,R,VGR02,,,
2,N,G,Square,S,,,,Z,Square,S,handle,2NH-1,MGR9942,G,Round,R,,,,
2,N,G,Square,S,,,,Z,Square,S,handle,2NH-1,MGS9942,G,Square,S,,,◯,
2,N,G,Square,S,,,,Z,Square,S,handle,2NH-2,MGR9940,G,Round,R,VGR01,VGR01,,
2,N,G,Square,S,,,,Z,Square,S,handle,2NH-2,MGS9940,G,Square,S,VGS01,VGS01,,
2,N,G,Square,S,,,,Z,Square,S,handle,2NH-3,MGR9940,G,Round,R,VGR01,VGR02,,
2,N,G,Square,S,,,,Z,Square,S,handle,2NH-3,MGS9940,G,Square,S,VGS01,VGS02,,
2,N,G,Square,S,,,,Z,Square,S,switch,2NS-1,MGS9942B,G,Square,S,,,◯,
2,N,G,Square,S,,,,Z,Square,S,switch,2NS-2,MGS9941B,G,Square,S,VGS02,,,
2,N,G,Square,S,,,,Z,Square,S,lever,2NL-1,MZS0232,Z,Square,S,,,◯,
2,N,G,Square,S,,,,Z,Square,S,lever,2NL-1,MGR1132,G,Round,R,,,,
2,N,G,Square,S,,,,Z,Square,S,lever,2NL-1,MGR0132,G,Round,R,,,,
2,N,G,Square,S,,,,Z,Square,S,lever,2NL-1,MGR0332,G,Round,R,,,,
2,N,G,Square,S,,,,Z,Square,S,lever,2NL-1,MGS0732,G,Square,S,,,,
2,N,G,Square,S,,,,Z,Square,S,lever,2NL-1,MGS0832,G,Square,S,,,,
2,N,G,Square,S,,,,Z,Square,S,lever,2NL-1,MGS0932,G,Square,S,,,,
2,N,G,Square,S,,,,Z,Square,S,lever,2NL-1,MGS1032,G,Square,S,,,,
2,N,G,Square,S,,,,Z,Square,S,lever,2NL-1,MGS0432,G,Square,S,,,,
2,N,G,Square,S,,,,Z,Square,S,lever,2NL-1,MGS0232,G,Square,S,,,,
2,N,G,Square,S,,,,Z,Square,S,lever,2NL-1,MLR0132,L,Round,R,,,,
2,N,G,Square,S,,,,Z,Square,S,lever,2NL-1,MLR0232,L,Round,R,,,,
2,N,G,Square,S,,,,Z,Square,S,lever,2NL-1,MLR0332,L,Round,R,,,,
2,N,G,Square,S,,,,Z,Square,S,lever,2NL-1,MLR0432,L,Round,R,,,,
2,N,G,Square,S,,,,Z,Square,S,lever,2NL-2,MZS0231,Z,Square,S,VGS02,,,
2,N,G,Square,S,,,,Z,Square,S,lever,2NL-2,MGR1131,G,Round,R,VGR02,,,
2,N,G,Square,S,,,,Z,Square,S,lever,2NL-2,MGR0131,G,Round,R,VGR02,,,
2,N,G,Square,S,,,,Z,Square,S,lever,2NL-2,MGR0331,G,Round,R,VGR02,,,
2,N,G,Square,S,,,,Z,Square,S,lever,2NL-2,MGS0731,G,Square,S,VGS02,,,
2,N,G,Square,S,,,,Z,Square,S,lever,2NL-2,MGS0831,G,Square,S,VGS02,,,
2,N,G,Square,S,,,,Z,Square,S,lever,2NL-2,MGS0931,G,Square,S,VGS02,,,
2,N,G,Square,S,,,,Z,Square,S,lever,2NL-2,MGS1031,G,Square,S,VGS02,,,
2,N,G,Square,S,,,,Z,Square,S,lever,2NL-2,MGS0431,G,Square,S,VGS02,,,
2,N,G,Square,S,,,,Z,Square,S,lever,2NL-2,MGS0231,G,Square,S,VGS02,,,
2,N,G,Square,S,,,,Z,Square,S,lever,2NL-2,MLR0131,L,Round,R,VGR02,,,
2,N,G,Square,S,,,,Z,Square,S,lever,2NL-2,MLR0231,L,Round,R,VGR02,,,
2,N,G,Square,S,,,,Z,Square,S,lever,2NL-2,MLR0331,L,Round,R,VGR02,,,
2,N,G,Square,S,,,,Z,Square,S,lever,2NL-2,MLR0431,L,Round,R,VGR02,,,
2,N,G,Square,S,,,,G,Square,S,handle,2NH-1,MGR9942,G,Round,R,,,,
2,N,G,Square,S,,,,G,Square,S,handle,2NH-1,MGS9942,G,Square,S,,,◯,
2,N,G,Square,S,,,,G,Square,S,handle,2NH-2,MGR9940,G,Round,R,VGR01,VGR01,,
2,N,G,Square,S,,,,G,Square,S,handle,2NH-2,MGS9940,G,Square,S,VGS01,VGS01,,
2,N,G,Square,S,,,,G,Square,S,handle,2NH-3,MGR9940,G,Round,R,VGR01,VGR02,,
2,N,G,Square,S,,,,G,Square,S,handle,2NH-3,MGS9940,G,Square,S,VGS01,VGS02,,
2,N,G,Square,S,,,,G,Square,S,switch,2NS-1,MGS9942B,G,Square,S,,,◯,
2,N,G,Square,S,,,,G,Square,S,switch,2NS-2,MGS9941B,G,Square,S,VGS02,,,
2,N,G,Square,S,,,,G,Square,S,lever,2NL-1,MZS0232,Z,Square,S,,,,
2,N,G,Square,S,,,,G,Square,S,lever,2NL-1,MGR1132,G,Round,R,,,,
2,N,G,Square,S,,,,G,Square,S,lever,2NL-1,MGR0132,G,Round,R,,,,
2,N,G,Square,S,,,,G,Square,S,lever,2NL-1,MGR0332,G,Round,R,,,,
2,N,G,Square,S,,,,G,Square,S,lever,2NL-1,MGS0732,G,Square,S,,,◯,
2,N,G,Square,S,,,,G,Square,S,lever,2NL-1,MGS0832,G,Square,S,,,◯,
2,N,G,Square,S,,,,G,Square,S,lever,2NL-1,MGS0932,G,Square,S,,,◯,
2,N,G,Square,S,,,,G,Square,S,lever,2NL-1,MGS1032,G,Square,S,,,◯,
2,N,G,Square,S,,,,G,Square,S,lever,2NL-1,MGS0432,G,Square,S,,,◯,
2,N,G,Square,S,,,,G,Square,S,lever,2NL-1,MGS0232,G,Square,S,,,◯,
2,N,G,Square,S,,,,G,Square,S,lever,2NL-1,MLR0132,L,Round,R,,,,
2,N,G,Square,S,,,,G,Square,S,lever,2NL-1,MLR0232,L,Round,R,,,,
2,N,G,Square,S,,,,G,Square,S,lever,2NL-1,MLR0332,L,Round,R,,,,
2,N,G,Square,S,,,,G,Square,S,lever,2NL-1,MLR0432,L,Round,R,,,,
2,N,G,Square,S,,,,G,Square,S,lever,2NL-2,MZS0231,Z,Square,S,VGS02,,,
2,N,G,Square,S,,,,G,Square,S,lever,2NL-2,MGR1131,G,Round,R,VGR02,,,
2,N,G,Square,S,,,,G,Square,S,lever,2NL-2,MGR0131,G,Round,R,VGR02,,,
2,N,G,Square,S,,,,G,Square,S,lever,2NL-2,MGR0331,G,Round,R,VGR02,,,
2,N,G,Square,S,,,,G,Square,S,lever,2NL-2,MGS0731,G,Square,S,VGS02,,,
2,N,G,Square,S,,,,G,Square,S,lever,2NL-2,MGS0831,G,Square,S,VGS02,,,
2,N,G,Square,S,,,,G,Square,S,lever,2NL-2,MGS0931,G,Square,S,VGS02,,,
2,N,G,Square,S,,,,G,Square,S,lever,2NL-2,MGS1031,G,Square,S,VGS02,,,
2,N,G,Square,S,,,,G,Square,S,lever,2NL-2,MGS0431,G,Square,S,VGS02,,,
2,N,G,Square,S,,,,G,Square,S,lever,2NL-2,MGS0231,G,Square,S,VGS02,,,
2,N,G,Square,S,,,,G,Square,S,lever,2NL-2,MLR0131,L,Round,R,VGR02,,,
2,N,G,Square,S,,,,G,Square,S,lever,2NL-2,MLR0231,L,Round,R,VGR02,,,
2,N,G,Square,S,,,,G,Square,S,lever,2NL-2,MLR0331,L,Round,R,VGR02,,,
2,N,G,Square,S,,,,G,Square,S,lever,2NL-2,MLR0431,L,Round,R,VGR02,,,
2,N,G,Square,S,,,,G,Round,R,handle,2NH-1,MGR9942,G,Round,R,,,,
2,N,G,Square,S,,,,G,Round,R,handle,2NH-1,MGS9942,G,Square,S,,,◯,
2,N,G,Square,S,,,,G,Round,R,handle,2NH-2,MGR9940,G,Round,R,VGR01,VGR01,,
2,N,G,Square,S,,,,G,Round,R,handle,2NH-2,MGS9940,G,Square,S,VGS01,VGS01,,
2,N,G,Square,S,,,,G,Round,R,handle,2NH-3,MGR9940,G,Round,R,VGR01,VGR02,,
2,N,G,Square,S,,,,G,Round,R,handle,2NH-3,MGS9940,G,Square,S,VGS01,VGS02,,
2,N,G,Square,S,,,,G,Round,R,switch,2NS-1,MGS9942B,G,Square,S,,,◯,
2,N,G,Square,S,,,,G,Round,R,switch,2NS-2,MGS9941B,G,Square,S,VGS02,,,
2,N,G,Square,S,,,,G,Round,R,lever,2NL-1,MZS0232,Z,Square,S,,,,
2,N,G,Square,S,,,,G,Round,R,lever,2NL-1,MGR1132,G,Round,R,,,◯,
2,N,G,Square,S,,,,G,Round,R,lever,2NL-1,MGR0132,G,Round,R,,,◯,
2,N,G,Square,S,,,,G,Round,R,lever,2NL-1,MGR0332,G,Round,R,,,◯,
2,N,G,Square,S,,,,G,Round,R,lever,2NL-1,MGS0732,G,Square,S,,,,
2,N,G,Square,S,,,,G,Round,R,lever,2NL-1,MGS0832,G,Square,S,,,,
2,N,G,Square,S,,,,G,Round,R,lever,2NL-1,MGS0932,G,Square,S,,,,
2,N,G,Square,S,,,,G,Round,R,lever,2NL-1,MGS1032,G,Square,S,,,,
2,N,G,Square,S,,,,G,Round,R,lever,2NL-1,MGS0432,G,Square,S,,,,
2,N,G,Square,S,,,,G,Round,R,lever,2NL-1,MGS0232,G,Square,S,,,,
2,N,G,Square,S,,,,G,Round,R,lever,2NL-1,MLR0132,L,Round,R,,,,
2,N,G,Square,S,,,,G,Round,R,lever,2NL-1,MLR0232,L,Round,R,,,,
2,N,G,Square,S,,,,G,Round,R,lever,2NL-1,MLR0332,L,Round,R,,,,
2,N,G,Square,S,,,,G,Round,R,lever,2NL-1,MLR0432,L,Round,R,,,,
2,N,G,Square,S,,,,G,Round,R,lever,2NL-2,MZS0231,Z,Square,S,VGS02,,,
2,N,G,Square,S,,,,G,Round,R,lever,2NL-2,MGR1131,G,Round,R,VGR02,,,
2,N,G,Square,S,,,,G,Round,R,lever,2NL-2,MGR0131,G,Round,R,VGR02,,,
2,N,G,Square,S,,,,G,Round,R,lever,2NL-2,MGR0331,G,Round,R,VGR02,,,
2,N,G,Square,S,,,,G,Round,R,lever,2NL-2,MGS0731,G,Square,S,VGS02,,,
2,N,G,Square,S,,,,G,Round,R,lever,2NL-2,MGS0831,G,Square,S,VGS02,,,
2,N,G,Square,S,,,,G,Round,R,lever,2NL-2,MGS0931,G,Square,S,VGS02,,,
2,N,G,Square,S,,,,G,Round,R,lever,2NL-2,MGS1031,G,Square,S,VGS02,,,
2,N,G,Square,S,,,,G,Round,R,lever,2NL-2,MGS0431,G,Square,S,VGS02,,,
2,N,G,Square,S,,,,G,Round,R,lever,2NL-2,MGS0231,G,Square,S,VGS02,,,
2,N,G,Square,S,,,,G,Round,R,lever,2NL-2,MLR0131,L,Round,R,VGR02,,,
2,N,G,Square,S,,,,G,Round,R,lever,2NL-2,MLR0231,L,Round,R,VGR02,,,
2,N,G,Square,S,,,,G,Round,R,lever,2NL-2,MLR0331,L,Round,R,VGR02,,,
2,N,G,Square,S,,,,G,Round,R,lever,2NL-2,MLR0431,L,Round,R,VGR02,,,
2,N,G,Square,S,,,,L,Round,R,handle,2NH-1,MGR9942,G,Round,R,,,◯,
2,N,G,Square,S,,,,L,Round,R,handle,2NH-1,MGS9942,G,Square,S,,,,
2,N,G,Square,S,,,,L,Round,R,handle,2NH-2,MGR9940,G,Round,R,VGR01,VGR01,,
2,N,G,Square,S,,,,L,Round,R,handle,2NH-2,MGS9940,G,Square,S,VGS01,VGS01,,
2,N,G,Square,S,,,,L,Round,R,handle,2NH-3,MGR9940,G,Round,R,VGR01,VGR02,,
2,N,G,Square,S,,,,L,Round,R,handle,2NH-3,MGS9940,G,Square,S,VGS01,VGS02,,
2,N,G,Square,S,,,,L,Round,R,switch,2NS-1,MGS9942B,G,Square,S,,,◯,
2,N,G,Square,S,,,,L,Round,R,switch,2NS-2,MGS9941B,G,Square,S,VGS02,,,
2,N,G,Square,S,,,,L,Round,R,lever,2NL-1,MZS0232,Z,Square,S,,,,
2,N,G,Square,S,,,,L,Round,R,lever,2NL-1,MGR1132,G,Round,R,,,,
2,N,G,Square,S,,,,L,Round,R,lever,2NL-1,MGR0132,G,Round,R,,,,
2,N,G,Square,S,,,,L,Round,R,lever,2NL-1,MGR0332,G,Round,R,,,,
2,N,G,Square,S,,,,L,Round,R,lever,2NL-1,MGS0732,G,Square,S,,,,
2,N,G,Square,S,,,,L,Round,R,lever,2NL-1,MGS0832,G,Square,S,,,,
2,N,G,Square,S,,,,L,Round,R,lever,2NL-1,MGS0932,G,Square,S,,,,
2,N,G,Square,S,,,,L,Round,R,lever,2NL-1,MGS1032,G,Square,S,,,,
2,N,G,Square,S,,,,L,Round,R,lever,2NL-1,MGS0432,G,Square,S,,,,
2,N,G,Square,S,,,,L,Round,R,lever,2NL-1,MGS0232,G,Square,S,,,,
2,N,G,Square,S,,,,L,Round,R,lever,2NL-1,MLR0132,L,Round,R,,,◯,
2,N,G,Square,S,,,,L,Round,R,lever,2NL-1,MLR0232,L,Round,R,,,◯,
2,N,G,Square,S,,,,L,Round,R,lever,2NL-1,MLR0332,L,Round,R,,,◯,
2,N,G,Square,S,,,,L,Round,R,lever,2NL-1,MLR0432,L,Round,R,,,◯,
2,N,G,Square,S,,,,L,Round,R,lever,2NL-2,MZS0231,Z,Square,S,VGS02,,,
2,N,G,Square,S,,,,L,Round,R,lever,2NL-2,MGR1131,G,Round,R,VGR02,,,
2,N,G,Square,S,,,,L,Round,R,lever,2NL-2,MGR0131,G,Round,R,VGR02,,,
2,N,G,Square,S,,,,L,Round,R,lever,2NL-2,MGR0331,G,Round,R,VGR02,,,
2,N,G,Square,S,,,,L,Round,R,lever,2NL-2,MGS0731,G,Square,S,VGS02,,,
2,N,G,Square,S,,,,L,Round,R,lever,2NL-2,MGS0831,G,Square,S,VGS02,,,
2,N,G,Square,S,,,,L,Round,R,lever,2NL-2,MGS0931,G,Square,S,VGS02,,,
2,N,G,Square,S,,,,L,Round,R,lever,2NL-2,MGS1031,G,Square,S,VGS02,,,
2,N,G,Square,S,,,,L,Round,R,lever,2NL-2,MGS0431,G,Square,S,VGS02,,,
2,N,G,Square,S,,,,L,Round,R,lever,2NL-2,MGS0231,G,Square,S,VGS02,,,
2,N,G,Square,S,,,,L,Round,R,lever,2NL-2,MLR0131,L,Round,R,VGR02,,,
2,N,G,Square,S,,,,L,Round,R,lever,2NL-2,MLR0231,L,Round,R,VGR02,,,
2,N,G,Square,S,,,,L,Round,R,lever,2NL-2,MLR0331,L,Round,R,VGR02,,,
2,N,G,Square,S,,,,L,Round,R,lever,2NL-2,MLR0431,L,Round,R,VGR02,,,
2,N,,,,G,Square,S,Z,Square,S,handle,2NH-1,MGR9942,G,Round,R,,,,
2,N,,,,G,Square,S,Z,Square,S,handle,2NH-1,MGS9942,G,Square,S,,,◯,
2,N,,,,G,Square,S,Z,Square,S,handle,2NH-2,MGR9940,G,Round,R,VGR01,VGR01,,
2,N,,,,G,Square,S,Z,Square,S,handle,2NH-2,MGS9940,G,Square,S,VGS01,VGS01,,
2,N,,,,G,Square,S,Z,Square,S,handle,2NH-3,MGR9940,G,Round,R,VGR01,VGR02,,
2,N,,,,G,Square,S,Z,Square,S,handle,2NH-3,MGS9940,G,Square,S,VGS01,VGS02,,
2,N,,,,G,Square,S,Z,Square,S,switch,2NS-1,MGS9942B,G,Square,S,,,◯,
2,N,,,,G,Square,S,Z,Square,S,switch,2NS-2,MGS9941B,G,Square,S,VGS02,,,
2,N,,,,G,Square,S,Z,Square,S,lever,2NL-1,MZS0232,Z,Square,S,,,◯,
2,N,,,,G,Square,S,Z,Square,S,lever,2NL-1,MGR1132,G,Round,R,,,,
2,N,,,,G,Square,S,Z,Square,S,lever,2NL-1,MGR0132,G,Round,R,,,,
2,N,,,,G,Square,S,Z,Square,S,lever,2NL-1,MGR0332,G,Round,R,,,,
2,N,,,,G,Square,S,Z,Square,S,lever,2NL-1,MGS0732,G,Square,S,,,,
2,N,,,,G,Square,S,Z,Square,S,lever,2NL-1,MGS0832,G,Square,S,,,,
2,N,,,,G,Square,S,Z,Square,S,lever,2NL-1,MGS0932,G,Square,S,,,,
2,N,,,,G,Square,S,Z,Square,S,lever,2NL-1,MGS1032,G,Square,S,,,,
2,N,,,,G,Square,S,Z,Square,S,lever,2NL-1,MGS0432,G,Square,S,,,,
2,N,,,,G,Square,S,Z,Square,S,lever,2NL-1,MGS0232,G,Square,S,,,,
2,N,,,,G,Square,S,Z,Square,S,lever,2NL-1,MLR0132,L,Round,R,,,,
2,N,,,,G,Square,S,Z,Square,S,lever,2NL-1,MLR0232,L,Round,R,,,,
2,N,,,,G,Square,S,Z,Square,S,lever,2NL-1,MLR0332,L,Round,R,,,,
2,N,,,,G,Square,S,Z,Square,S,lever,2NL-1,MLR0432,L,Round,R,,,,
2,N,,,,G,Square,S,Z,Square,S,lever,2NL-2,MZS0231,Z,Square,S,VGS02,,,
2,N,,,,G,Square,S,Z,Square,S,lever,2NL-2,MGR1131,G,Round,R,VGR02,,,
2,N,,,,G,Square,S,Z,Square,S,lever,2NL-2,MGR0131,G,Round,R,VGR02,,,
2,N,,,,G,Square,S,Z,Square,S,lever,2NL-2,MGR0331,G,Round,R,VGR02,,,
2,N,,,,G,Square,S,Z,Square,S,lever,2NL-2,MGS0731,G,Square,S,VGS02,,,
2,N,,,,G,Square,S,Z,Square,S,lever,2NL-2,MGS0831,G,Square,S,VGS02,,,
2,N,,,,G,Square,S,Z,Square,S,lever,2NL-2,MGS0931,G,Square,S,VGS02,,,
2,N,,,,G,Square,S,Z,Square,S,lever,2NL-2,MGS1031,G,Square,S,VGS02,,,
2,N,,,,G,Square,S,Z,Square,S,lever,2NL-2,MGS0431,G,Square,S,VGS02,,,
2,N,,,,G,Square,S,Z,Square,S,lever,2NL-2,MGS0231,G,Square,S,VGS02,,,
2,N,,,,G,Square,S,Z,Square,S,lever,2NL-2,MLR0131,L,Round,R,VGR02,,,
2,N,,,,G,Square,S,Z,Square,S,lever,2NL-2,MLR0231,L,Round,R,VGR02,,,
2,N,,,,G,Square,S,Z,Square,S,lever,2NL-2,MLR0331,L,Round,R,VGR02,,,
2,N,,,,G,Square,S,Z,Square,S,lever,2NL-2,MLR0431,L,Round,R,VGR02,,,
2,N,,,,G,Square,S,G,Square,S,handle,2NH-1,MGR9942,G,Round,R,,,,
2,N,,,,G,Square,S,G,Square,S,handle,2NH-1,MGS9942,G,Square,S,,,◯,
2,N,,,,G,Square,S,G,Square,S,handle,2NH-2,MGR9940,G,Round,R,VGR01,VGR01,,
2,N,,,,G,Square,S,G,Square,S,handle,2NH-2,MGS9940,G,Square,S,VGS01,VGS01,,
2,N,,,,G,Square,S,G,Square,S,handle,2NH-3,MGR9940,G,Round,R,VGR01,VGR02,,
2,N,,,,G,Square,S,G,Square,S,handle,2NH-3,MGS9940,G,Square,S,VGS01,VGS02,,
2,N,,,,G,Square,S,G,Square,S,switch,2NS-1,MGS9942B,G,Square,S,,,◯,
2,N,,,,G,Square,S,G,Square,S,switch,2NS-2,MGS9941B,G,Square,S,VGS02,,,
2,N,,,,G,Square,S,G,Square,S,lever,2NL-1,MZS0232,Z,Square,S,,,,
2,N,,,,G,Square,S,G,Square,S,lever,2NL-1,MGR1132,G,Round,R,,,,
2,N,,,,G,Square,S,G,Square,S,lever,2NL-1,MGR0132,G,Round,R,,,,
2,N,,,,G,Square,S,G,Square,S,lever,2NL-1,MGR0332,G,Round,R,,,,
2,N,,,,G,Square,S,G,Square,S,lever,2NL-1,MGS0732,G,Square,S,,,◯,
2,N,,,,G,Square,S,G,Square,S,lever,2NL-1,MGS0832,G,Square,S,,,◯,
2,N,,,,G,Square,S,G,Square,S,lever,2NL-1,MGS0932,G,Square,S,,,◯,
2,N,,,,G,Square,S,G,Square,S,lever,2NL-1,MGS1032,G,Square,S,,,◯,
2,N,,,,G,Square,S,G,Square,S,lever,2NL-1,MGS0432,G,Square,S,,,◯,
2,N,,,,G,Square,S,G,Square,S,lever,2NL-1,MGS0232,G,Square,S,,,◯,
2,N,,,,G,Square,S,G,Square,S,lever,2NL-1,MLR0132,L,Round,R,,,,
2,N,,,,G,Square,S,G,Square,S,lever,2NL-1,MLR0232,L,Round,R,,,,
2,N,,,,G,Square,S,G,Square,S,lever,2NL-1,MLR0332,L,Round,R,,,,
2,N,,,,G,Square,S,G,Square,S,lever,2NL-1,MLR0432,L,Round,R,,,,
2,N,,,,G,Square,S,G,Square,S,lever,2NL-2,MZS0231,Z,Square,S,VGS02,,,
2,N,,,,G,Square,S,G,Square,S,lever,2NL-2,MGR1131,G,Round,R,VGR02,,,
2,N,,,,G,Square,S,G,Square,S,lever,2NL-2,MGR0131,G,Round,R,VGR02,,,
2,N,,,,G,Square,S,G,Square,S,lever,2NL-2,MGR0331,G,Round,R,VGR02,,,
2,N,,,,G,Square,S,G,Square,S,lever,2NL-2,MGS0731,G,Square,S,VGS02,,,
2,N,,,,G,Square,S,G,Square,S,lever,2NL-2,MGS0831,G,Square,S,VGS02,,,
2,N,,,,G,Square,S,G,Square,S,lever,2NL-2,MGS0931,G,Square,S,VGS02,,,
2,N,,,,G,Square,S,G,Square,S,lever,2NL-2,MGS1031,G,Square,S,VGS02,,,
2,N,,,,G,Square,S,G,Square,S,lever,2NL-2,MGS0431,G,Square,S,VGS02,,,
2,N,,,,G,Square,S,G,Square,S,lever,2NL-2,MGS0231,G,Square,S,VGS02,,,
2,N,,,,G,Square,S,G,Square,S,lever,2NL-2,MLR0131,L,Round,R,VGR02,,,
2,N,,,,G,Square,S,G,Square,S,lever,2NL-2,MLR0231,L,Round,R,VGR02,,,
2,N,,,,G,Square,S,G,Square,S,lever,2NL-2,MLR0331,L,Round,R,VGR02,,,
2,N,,,,G,Square,S,G,Square,S,lever,2NL-2,MLR0431,L,Round,R,VGR02,,,
2,N,,,,G,Square,S,G,Round,R,handle,2NH-1,MGR9942,G,Round,R,,,◯,
2,N,,,,G,Square,S,G,Round,R,handle,2NH-1,MGS9942,G,Square,S,,,,
2,N,,,,G,Square,S,G,Round,R,handle,2NH-2,MGR9940,G,Round,R,VGR01,VGR01,,
2,N,,,,G,Square,S,G,Round,R,handle,2NH-2,MGS9940,G,Square,S,VGS01,VGS01,,
2,N,,,,G,Square,S,G,Round,R,handle,2NH-3,MGR9940,G,Round,R,VGR01,VGR02,,
2,N,,,,G,Square,S,G,Round,R,handle,2NH-3,MGS9940,G,Square,S,VGS01,VGS02,,
2,N,,,,G,Square,S,G,Round,R,switch,2NS-1,MGS9942B,G,Square,S,,,◯,
2,N,,,,G,Square,S,G,Round,R,switch,2NS-2,MGS9941B,G,Square,S,VGS02,,,
2,N,,,,G,Square,S,G,Round,R,lever,2NL-1,MZS0232,Z,Square,S,,,,
2,N,,,,G,Square,S,G,Round,R,lever,2NL-1,MGR1132,G,Round,R,,,◯,
2,N,,,,G,Square,S,G,Round,R,lever,2NL-1,MGR0132,G,Round,R,,,◯,
2,N,,,,G,Square,S,G,Round,R,lever,2NL-1,MGR0332,G,Round,R,,,◯,
2,N,,,,G,Square,S,G,Round,R,lever,2NL-1,MGS0732,G,Square,S,,,,
2,N,,,,G,Square,S,G,Round,R,lever,2NL-1,MGS0832,G,Square,S,,,,
2,N,,,,G,Square,S,G,Round,R,lever,2NL-1,MGS0932,G,Square,S,,,,
2,N,,,,G,Square,S,G,Round,R,lever,2NL-1,MGS1032,G,Square,S,,,,
2,N,,,,G,Square,S,G,Round,R,lever,2NL-1,MGS0432,G,Square,S,,,,
2,N,,,,G,Square,S,G,Round,R,lever,2NL-1,MGS0232,G,Square,S,,,,
2,N,,,,G,Square,S,G,Round,R,lever,2NL-1,MLR0132,L,Round,R,,,,
2,N,,,,G,Square,S,G,Round,R,lever,2NL-1,MLR0232,L,Round,R,,,,
2,N,,,,G,Square,S,G,Round,R,lever,2NL-1,MLR0332,L,Round,R,,,,
2,N,,,,G,Square,S,G,Round,R,lever,2NL-1,MLR0432,L,Round,R,,,,
2,N,,,,G,Square,S,G,Round,R,lever,2NL-2,MZS0231,Z,Square,S,VGS02,,,
2,N,,,,G,Square,S,G,Round,R,lever,2NL-2,MGR1131,G,Round,R,VGR02,,,
2,N,,,,G,Square,S,G,Round,R,lever,2NL-2,MGR0131,G,Round,R,VGR02,,,
2,N,,,,G,Square,S,G,Round,R,lever,2NL-2,MGR0331,G,Round,R,VGR02,,,
2,N,,,,G,Square,S,G,Round,R,lever,2NL-2,MGS0731,G,Square,S,VGS02,,,
2,N,,,,G,Square,S,G,Round,R,lever,2NL-2,MGS0831,G,Square,S,VGS02,,,
2,N,,,,G,Square,S,G,Round,R,lever,2NL-2,MGS0931,G,Square,S,VGS02,,,
2,N,,,,G,Square,S,G,Round,R,lever,2NL-2,MGS1031,G,Square,S,VGS02,,,
2,N,,,,G,Square,S,G,Round,R,lever,2NL-2,MGS0431,G,Square,S,VGS02,,,
2,N,,,,G,Square,S,G,Round,R,lever,2NL-2,MGS0231,G,Square,S,VGS02,,,
2,N,,,,G,Square,S,G,Round,R,lever,2NL-2,MLR0131,L,Round,R,VGR02,,,
2,N,,,,G,Square,S,G,Round,R,lever,2NL-2,MLR0231,L,Round,R,VGR02,,,
2,N,,,,G,Square,S,G,Round,R,lever,2NL-2,MLR0331,L,Round,R,VGR02,,,
2,N,,,,G,Square,S,G,Round,R,lever,2NL-2,MLR0431,L,Round,R,VGR02,,,
2,N,,,,G,Square,S,L,Round,R,handle,2NH-1,MGR9942,G,Round,R,,,◯,
2,N,,,,G,Square,S,L,Round,R,handle,2NH-1,MGS9942,G,Square,S,,,,
2,N,,,,G,Square,S,L,Round,R,handle,2NH-2,MGR9940,G,Round,R,VGR01,VGR01,,
2,N,,,,G,Square,S,L,Round,R,handle,2NH-2,MGS9940,G,Square,S,VGS01,VGS01,,
2,N,,,,G,Square,S,L,Round,R,handle,2NH-3,MGR9940,G,Round,R,VGR01,VGR02,,
2,N,,,,G,Square,S,L,Round,R,handle,2NH-3,MGS9940,G,Square,S,VGS01,VGS02,,
2,N,,,,G,Square,S,L,Round,R,switch,2NS-1,MGS9942B,G,Square,S,,,◯,
2,N,,,,G,Square,S,L,Round,R,switch,2NS-2,MGS9941B,G,Square,S,VGS02,,,
2,N,,,,G,Square,S,L,Round,R,lever,2NL-1,MZS0232,Z,Square,S,,,,
2,N,,,,G,Square,S,L,Round,R,lever,2NL-1,MGR1132,G,Round,R,,,,
2,N,,,,G,Square,S,L,Round,R,lever,2NL-1,MGR0132,G,Round,R,,,,
2,N,,,,G,Square,S,L,Round,R,lever,2NL-1,MGR0332,G,Round,R,,,,
2,N,,,,G,Square,S,L,Round,R,lever,2NL-1,MGS0732,G,Square,S,,,,
2,N,,,,G,Square,S,L,Round,R,lever,2NL-1,MGS0832,G,Square,S,,,,
2,N,,,,G,Square,S,L,Round,R,lever,2NL-1,MGS0932,G,Square,S,,,,
2,N,,,,G,Square,S,L,Round,R,lever,2NL-1,MGS1032,G,Square,S,,,,
2,N,,,,G,Square,S,L,Round,R,lever,2NL-1,MGS0432,G,Square,S,,,,
2,N,,,,G,Square,S,L,Round,R,lever,2NL-1,MGS0232,G,Square,S,,,,
2,N,,,,G,Square,S,L,Round,R,lever,2NL-1,MLR0132,L,Round,R,,,◯,
2,N,,,,G,Square,S,L,Round,R,lever,2NL-1,MLR0232,L,Round,R,,,◯,
2,N,,,,G,Square,S,L,Round,R,lever,2NL-1,MLR0332,L,Round,R,,,◯,
2,N,,,,G,Square,S,L,Round,R,lever,2NL-1,MLR0432,L,Round,R,,,◯,
2,N,,,,G,Square,S,L,Round,R,lever,2NL-2,MZS0231,Z,Square,S,VGS02,,,
2,N,,,,G,Square,S,L,Round,R,lever,2NL-2,MGR1131,G,Round,R,VGR02,,,
2,N,,,,G,Square,S,L,Round,R,lever,2NL-2,MGR0131,G,Round,R,VGR02,,,
2,N,,,,G,Square,S,L,Round,R,lever,2NL-2,MGR0331,G,Round,R,VGR02,,,
2,N,,,,G,Square,S,L,Round,R,lever,2NL-2,MGS0731,G,Square,S,VGS02,,,
2,N,,,,G,Square,S,L,Round,R,lever,2NL-2,MGS0831,G,Square,S,VGS02,,,
2,N,,,,G,Square,S,L,Round,R,lever,2NL-2,MGS0931,G,Square,S,VGS02,,,
2,N,,,,G,Square,S,L,Round,R,lever,2NL-2,MGS1031,G,Square,S,VGS02,,,
2,N,,,,G,Square,S,L,Round,R,lever,2NL-2,MGS0431,G,Square,S,VGS02,,,
2,N,,,,G,Square,S,L,Round,R,lever,2NL-2,MGS0231,G,Square,S,VGS02,,,
2,N,,,,G,Square,S,L,Round,R,lever,2NL-2,MLR0131,L,Round,R,VGR02,,,
2,N,,,,G,Square,S,L,Round,R,lever,2NL-2,MLR0231,L,Round,R,VGR02,,,
2,N,,,,G,Square,S,L,Round,R,lever,2NL-2,MLR0331,L,Round,R,VGR02,,,
2,N,,,,G,Square,S,L,Round,R,lever,2NL-2,MLR0431,L,Round,R,VGR02,,,
3,Y,Z,Round,R,G,Round,R,Z,Square,S,handle,3YH-1,MGR9942,G,Round,R,VGR03,,,
3,Y,Z,Round,R,G,Round,R,Z,Square,S,handle,3YH-1,MGS9942,G,Square,S,VGS03,,◯,
3,Y,Z,Round,R,G,Round,R,G,Round,R,handle,3YH-1,MGR9942,G,Round,R,VGR03,,◯,
3,Y,Z,Round,R,G,Round,R,G,Round,R,handle,3YH-1,MGS9942,G,Square,S,VGS03,,,
3,Y,Z,Round,R,G,Round,R,G,Square,S,handle,3YH-1,MGR9942,G,Square,S,VGR03,,,
3,Y,Z,Round,R,G,Round,R,G,Square,S,handle,3YH-1,MGS9942,G,Square,S,VGS03,,◯,
3,Y,Z,Round,R,G,Round,R,L,Round,R,handle,3YH-1,MGR9942,G,Round,R,VGR03,,◯,
3,Y,Z,Round,R,G,Round,R,L,Round,R,handle,3YH-1,MGS9942,G,Square,S,VGS03,,,
3,Y,Z,Round,R,G,Round,R,Z,Square,S,handle,3YH-2,MGR9940,G,Round,R,VGR01,VGR13,,
3,Y,Z,Round,R,G,Round,R,Z,Square,S,handle,3YH-2,MGS9940,G,Square,S,VGS01,VGS13,,
3,Y,Z,Round,R,G,Round,R,G,Round,R,handle,3YH-2,MGR9940,G,Round,R,VGR01,VGR13,,
3,Y,Z,Round,R,G,Round,R,G,Round,R,handle,3YH-2,MGS9940,G,Square,S,VGS01,VGS13,,
3,Y,Z,Round,R,G,Round,R,G,Square,S,handle,3YH-2,MGR9940,G,Round,R,VGR01,VGR13,,
3,Y,Z,Round,R,G,Round,R,G,Square,S,handle,3YH-2,MGS9940,G,Square,S,VGS01,VGS13,,
3,Y,Z,Round,R,G,Round,R,L,Round,R,handle,3YH-2,MGR9940,G,Round,R,VGR01,VGR13,,
3,Y,Z,Round,R,G,Round,R,L,Round,R,handle,3YH-2,MGS9940,G,Square,S,VGS01,VGS13,,
3,Y,Z,Round,R,G,Round,R,Z,Square,S,handle,3YH-3,MGR9942,G,Round,R,VGR02,VGR02,,
3,Y,Z,Round,R,G,Round,R,Z,Square,S,handle,3YH-3,MGS9942,G,Square,S,VGS02,VGS02,,
3,Y,Z,Round,R,G,Round,R,G,Round,R,handle,3YH-3,MGR9942,G,Round,R,VGR02,VGR02,,
3,Y,Z,Round,R,G,Round,R,G,Round,R,handle,3YH-3,MGS9942,G,Square,S,VGS02,VGS02,,
3,Y,Z,Round,R,G,Round,R,G,Square,S,handle,3YH-3,MGR9942,G,Round,R,VGR02,VGR02,,
3,Y,Z,Round,R,G,Round,R,G,Square,S,handle,3YH-3,MGS9942,G,Square,S,VGS02,VGS02,,
3,Y,Z,Round,R,G,Round,R,L,Round,R,handle,3YH-3,MGR9942,G,Round,R,VGR02,VGR02,,
3,Y,Z,Round,R,G,Round,R,L,Round,R,handle,3YH-3,MGS9942,G,Square,S,VGS02,VGS02,,
3,Y,Z,Round,R,G,Round,R,Z,Square,S,switch,3YS-1,MGS9942B,G,Square,S,VGS03,,◯,
3,Y,Z,Round,R,G,Round,R,G,Round,R,switch,3YS-1,MGS9942B,G,Square,S,VGS03,,◯,
3,Y,Z,Round,R,G,Round,R,G,Square,S,switch,3YS-1,MGS9942B,G,Square,S,VGS03,,◯,
3,Y,Z,Round,R,G,Round,R,L,Round,R,switch,3YS-1,MGS9942B,G,Square,S,VGS03,,◯,
3,Y,Z,Round,R,G,Round,R,Z,Square,S,switch,3YS-2,MGS9943,G,Square,S,VGS01,VGS23,,
3,Y,Z,Round,R,G,Round,R,G,Round,R,switch,3YS-2,MGS9943,G,Square,S,VGS01,VGS23,,
3,Y,Z,Round,R,G,Round,R,G,Square,S,switch,3YS-2,MGS9943,G,Square,S,VGS01,VGS23,,
3,Y,Z,Round,R,G,Round,R,L,Round,R,switch,3YS-2,MGS9943,G,Square,S,VGS01,VGS23,,
3,Y,Z,Round,R,G,Round,R,Z,Square,S,switch,3YS-3,MGS9942B,G,Square,S,VGS02,VGS02,,
3,Y,Z,Round,R,G,Round,R,G,Round,R,switch,3YS-3,MGS9942B,G,Square,S,VGS02,VGS02,,
3,Y,Z,Round,R,G,Round,R,G,Square,S,switch,3YS-3,MGS9942B,G,Square,S,VGS02,VGS02,,
3,Y,Z,Round,R,G,Round,R,L,Round,R,switch,3YS-3,MGS9942B,G,Square,S,VGS02,VGS02,,
3,Y,Z,Round,R,G,Round,R,Z,Square,S,lever,3YL-1,MZS0232,Z,Square,S,VGS03,,◯,
3,Y,Z,Round,R,G,Round,R,Z,Square,S,lever,3YL-1,MGR1132,G,Round,R,VGR03,,,
3,Y,Z,Round,R,G,Round,R,Z,Square,S,lever,3YL-1,MGR0132,G,Round,R,VGR03,,,
3,Y,Z,Round,R,G,Round,R,Z,Square,S,lever,3YL-1,MGR0332,G,Round,R,VGR03,,,
3,Y,Z,Round,R,G,Round,R,Z,Square,S,lever,3YL-1,MGS0732,G,Square,S,VGS03,,,
3,Y,Z,Round,R,G,Round,R,Z,Square,S,lever,3YL-1,MGS0832,G,Square,S,VGS03,,,
3,Y,Z,Round,R,G,Round,R,Z,Square,S,lever,3YL-1,MGS0932,G,Square,S,VGS03,,,
3,Y,Z,Round,R,G,Round,R,Z,Square,S,lever,3YL-1,MGS1032,G,Square,S,VGS03,,,
3,Y,Z,Round,R,G,Round,R,Z,Square,S,lever,3YL-1,MGS0432,G,Square,S,VGS03,,,
3,Y,Z,Round,R,G,Round,R,Z,Square,S,lever,3YL-1,MGS0232,G,Square,S,VGS03,,,
3,Y,Z,Round,R,G,Round,R,Z,Square,S,lever,3YL-1,MLR0132,L,Round,R,VGR03,,,
3,Y,Z,Round,R,G,Round,R,Z,Square,S,lever,3YL-1,MLR0232,L,Round,R,VGR03,,,
3,Y,Z,Round,R,G,Round,R,Z,Square,S,lever,3YL-1,MLR0332,L,Round,R,VGR03,,,
3,Y,Z,Round,R,G,Round,R,Z,Square,S,lever,3YL-1,MLR0432,L,Round,R,VGR03,,,
3,Y,Z,Round,R,G,Round,R,G,Round,R,lever,3YL-1,MZS0232,Z,Square,S,VGS03,,,
3,Y,Z,Round,R,G,Round,R,G,Round,R,lever,3YL-1,MGR1132,G,Round,R,VGR03,,◯,
3,Y,Z,Round,R,G,Round,R,G,Round,R,lever,3YL-1,MGR0132,G,Round,R,VGR03,,◯,
3,Y,Z,Round,R,G,Round,R,G,Round,R,lever,3YL-1,MGR0332,G,Round,R,VGR03,,◯,
3,Y,Z,Round,R,G,Round,R,G,Round,R,lever,3YL-1,MGS0732,G,Square,S,VGS03,,,
3,Y,Z,Round,R,G,Round,R,G,Round,R,lever,3YL-1,MGS0832,G,Square,S,VGS03,,,
3,Y,Z,Round,R,G,Round,R,G,Round,R,lever,3YL-1,MGS0932,G,Square,S,VGS03,,,
3,Y,Z,Round,R,G,Round,R,G,Round,R,lever,3YL-1,MGS1032,G,Square,S,VGS03,,,
3,Y,Z,Round,R,G,Round,R,G,Round,R,lever,3YL-1,MGS0432,G,Square,S,VGS03,,,
3,Y,Z,Round,R,G,Round,R,G,Round,R,lever,3YL-1,MGS0232,G,Square,S,VGS03,,,
3,Y,Z,Round,R,G,Round,R,G,Round,R,lever,3YL-1,MLR0132,L,Round,R,VGR03,,,
3,Y,Z,Round,R,G,Round,R,G,Round,R,lever,3YL-1,MLR0232,L,Round,R,VGR03,,,
3,Y,Z,Round,R,G,Round,R,G,Round,R,lever,3YL-1,MLR0332,L,Round,R,VGR03,,,
3,Y,Z,Round,R,G,Round,R,G,Round,R,lever,3YL-1,MLR0432,L,Round,R,VGR03,,,
3,Y,Z,Round,R,G,Round,R,G,Square,S,lever,3YL-1,MZS0232,Z,Square,S,VGS03,,,
3,Y,Z,Round,R,G,Round,R,G,Square,S,lever,3YL-1,MGR1132,G,Round,R,VGR03,,,
3,Y,Z,Round,R,G,Round,R,G,Square,S,lever,3YL-1,MGR0132,G,Round,R,VGR03,,,
3,Y,Z,Round,R,G,Round,R,G,Square,S,lever,3YL-1,MGR0332,G,Round,R,VGR03,,,
3,Y,Z,Round,R,G,Round,R,G,Square,S,lever,3YL-1,MGS0732,G,Square,S,VGS03,,◯,
3,Y,Z,Round,R,G,Round,R,G,Square,S,lever,3YL-1,MGS0832,G,Square,S,VGS03,,◯,
3,Y,Z,Round,R,G,Round,R,G,Square,S,lever,3YL-1,MGS0932,G,Square,S,VGS03,,◯,
3,Y,Z,Round,R,G,Round,R,G,Square,S,lever,3YL-1,MGS1032,G,Square,S,VGS03,,◯,
3,Y,Z,Round,R,G,Round,R,G,Square,S,lever,3YL-1,MGS0432,G,Square,S,VGS03,,◯,
3,Y,Z,Round,R,G,Round,R,G,Square,S,lever,3YL-1,MGS0232,G,Square,S,VGS03,,◯,
3,Y,Z,Round,R,G,Round,R,G,Square,S,lever,3YL-1,MLR0132,L,Round,R,VGR03,,,
3,Y,Z,Round,R,G,Round,R,G,Square,S,lever,3YL-1,MLR0232,L,Round,R,VGR03,,,
3,Y,Z,Round,R,G,Round,R,G,Square,S,lever,3YL-1,MLR0332,L,Round,R,VGR03,,,
3,Y,Z,Round,R,G,Round,R,G,Square,S,lever,3YL-1,MLR0432,L,Round,R,VGR03,,,
3,Y,Z,Round,R,G,Round,R,L,Round,R,lever,3YL-1,MZS0232,Z,Square,S,VGS03,,,
3,Y,Z,Round,R,G,Round,R,L,Round,R,lever,3YL-1,MGR1132,G,Round,R,VGR03,,,
3,Y,Z,Round,R,G,Round,R,L,Round,R,lever,3YL-1,MGR0132,G,Round,R,VGR03,,,
3,Y,Z,Round,R,G,Round,R,L,Round,R,lever,3YL-1,MGR0332,G,Round,R,VGR03,,,
3,Y,Z,Round,R,G,Round,R,L,Round,R,lever,3YL-1,MGS0732,G,Square,S,VGS03,,,
3,Y,Z,Round,R,G,Round,R,L,Round,R,lever,3YL-1,MGS0832,G,Square,S,VGS03,,,
3,Y,Z,Round,R,G,Round,R,L,Round,R,lever,3YL-1,MGS0932,G,Square,S,VGS03,,,
3,Y,Z,Round,R,G,Round,R,L,Round,R,lever,3YL-1,MGS1032,G,Square,S,VGS03,,,
3,Y,Z,Round,R,G,Round,R,L,Round,R,lever,3YL-1,MGS0432,G,Square,S,VGS03,,,
3,Y,Z,Round,R,G,Round,R,L,Round,R,lever,3YL-1,MGS0232,G,Square,S,VGS03,,,
3,Y,Z,Round,R,G,Round,R,L,Round,R,lever,3YL-1,MLR0132,L,Round,R,VGR03,,◯,
3,Y,Z,Round,R,G,Round,R,L,Round,R,lever,3YL-1,MLR0232,L,Round,R,VGR03,,◯,
3,Y,Z,Round,R,G,Round,R,L,Round,R,lever,3YL-1,MLR0332,L,Round,R,VGR03,,◯,
3,Y,Z,Round,R,G,Round,R,L,Round,R,lever,3YL-1,MLR0432,L,Round,R,VGR03,,◯,
3,Y,Z,Round,R,G,Round,R,Z,Square,S,lever,3YL-2,MZS0231,Z,Square,S,VGS03,VGS02,,
3,Y,Z,Round,R,G,Round,R,Z,Square,S,lever,3YL-2,MGR1131,G,Round,R,VGR03,VGR02,,
3,Y,Z,Round,R,G,Round,R,Z,Square,S,lever,3YL-2,MGR0131,G,Round,R,VGR03,VGR02,,
3,Y,Z,Round,R,G,Round,R,Z,Square,S,lever,3YL-2,MGR0331,G,Round,R,VGR03,VGR02,,
3,Y,Z,Round,R,G,Round,R,Z,Square,S,lever,3YL-2,MGS0731,G,Square,S,VGS03,VGS02,,
3,Y,Z,Round,R,G,Round,R,Z,Square,S,lever,3YL-2,MGS0831,G,Square,S,VGS03,VGS02,,
3,Y,Z,Round,R,G,Round,R,Z,Square,S,lever,3YL-2,MGS0931,G,Square,S,VGS03,VGS02,,
3,Y,Z,Round,R,G,Round,R,Z,Square,S,lever,3YL-2,MGS1031,G,Square,S,VGS03,VGS02,,
3,Y,Z,Round,R,G,Round,R,Z,Square,S,lever,3YL-2,MGS0431,G,Square,S,VGS03,VGS02,,
3,Y,Z,Round,R,G,Round,R,Z,Square,S,lever,3YL-2,MGS0231,G,Square,S,VGS03,VGS02,,
3,Y,Z,Round,R,G,Round,R,Z,Square,S,lever,3YL-2,MLR0131,L,Round,R,VGR03,VGR02,,
3,Y,Z,Round,R,G,Round,R,Z,Square,S,lever,3YL-2,MLR0231,L,Round,R,VGR03,VGR02,,
3,Y,Z,Round,R,G,Round,R,Z,Square,S,lever,3YL-2,MLR0331,L,Round,R,VGR03,VGR02,,
3,Y,Z,Round,R,G,Round,R,Z,Square,S,lever,3YL-2,MLR0431,L,Round,R,VGR03,VGR02,,
3,Y,Z,Round,R,G,Round,R,G,Round,R,lever,3YL-2,MZS0231,Z,Square,S,VGS03,VGS02,,
3,Y,Z,Round,R,G,Round,R,G,Round,R,lever,3YL-2,MGR1131,G,Round,R,VGR03,VGR02,,
3,Y,Z,Round,R,G,Round,R,G,Round,R,lever,3YL-2,MGR0131,G,Round,R,VGR03,VGR02,,
3,Y,Z,Round,R,G,Round,R,G,Round,R,lever,3YL-2,MGR0331,G,Round,R,VGR03,VGR02,,
3,Y,Z,Round,R,G,Round,R,G,Round,R,lever,3YL-2,MGS0731,G,Square,S,VGS03,VGS02,,
3,Y,Z,Round,R,G,Round,R,G,Round,R,lever,3YL-2,MGS0831,G,Square,S,VGS03,VGS02,,
3,Y,Z,Round,R,G,Round,R,G,Round,R,lever,3YL-2,MGS0931,G,Square,S,VGS03,VGS02,,
3,Y,Z,Round,R,G,Round,R,G,Round,R,lever,3YL-2,MGS1031,G,Square,S,VGS03,VGS02,,
3,Y,Z,Round,R,G,Round,R,G,Round,R,lever,3YL-2,MGS0431,G,Square,S,VGS03,VGS02,,
3,Y,Z,Round,R,G,Round,R,G,Round,R,lever,3YL-2,MGS0231,G,Square,S,VGS03,VGS02,,
3,Y,Z,Round,R,G,Round,R,G,Round,R,lever,3YL-2,MLR0131,L,Round,R,VGR03,VGR02,,
3,Y,Z,Round,R,G,Round,R,G,Round,R,lever,3YL-2,MLR0231,L,Round,R,VGR03,VGR02,,
3,Y,Z,Round,R,G,Round,R,G,Round,R,lever,3YL-2,MLR0331,L,Round,R,VGR03,VGR02,,
3,Y,Z,Round,R,G,Round,R,G,Round,R,lever,3YL-2,MLR0431,L,Round,R,VGR03,VGR02,,
3,Y,Z,Round,R,G,Round,R,G,Square,S,lever,3YL-2,MZS0231,Z,Square,S,VGS03,VGS02,,
3,Y,Z,Round,R,G,Round,R,G,Square,S,lever,3YL-2,MGR1131,G,Round,R,VGR03,VGR02,,
3,Y,Z,Round,R,G,Round,R,G,Square,S,lever,3YL-2,MGR0131,G,Round,R,VGR03,VGR02,,
3,Y,Z,Round,R,G,Round,R,G,Square,S,lever,3YL-2,MGR0331,G,Round,R,VGR03,VGR02,,
3,Y,Z,Round,R,G,Round,R,G,Square,S,lever,3YL-2,MGS0731,G,Square,S,VGS03,VGS02,,
3,Y,Z,Round,R,G,Round,R,G,Square,S,lever,3YL-2,MGS0831,G,Square,S,VGS03,VGS02,,
3,Y,Z,Round,R,G,Round,R,G,Square,S,lever,3YL-2,MGS0931,G,Square,S,VGS03,VGS02,,
3,Y,Z,Round,R,G,Round,R,G,Square,S,lever,3YL-2,MGS1031,G,Square,S,VGS03,VGS02,,
3,Y,Z,Round,R,G,Round,R,G,Square,S,lever,3YL-2,MGS0431,G,Square,S,VGS03,VGS02,,
3,Y,Z,Round,R,G,Round,R,G,Square,S,lever,3YL-2,MGS0231,G,Square,S,VGS03,VGS02,,
3,Y,Z,Round,R,G,Round,R,G,Square,S,lever,3YL-2,MLR0131,L,Round,R,VGR03,VGR02,,
3,Y,Z,Round,R,G,Round,R,G,Square,S,lever,3YL-2,MLR0231,L,Round,R,VGR03,VGR02,,
3,Y,Z,Round,R,G,Round,R,G,Square,S,lever,3YL-2,MLR0331,L,Round,R,VGR03,VGR02,,
3,Y,Z,Round,R,G,Round,R,G,Square,S,lever,3YL-2,MLR0431,L,Round,R,VGR03,VGR02,,
3,Y,Z,Round,R,G,Round,R,L,Round,R,lever,3YL-2,MZS0231,Z,Square,S,VGS03,VGS02,,
3,Y,Z,Round,R,G,Round,R,L,Round,R,lever,3YL-2,MGR1131,G,Round,R,VGR03,VGR02,,
3,Y,Z,Round,R,G,Round,R,L,Round,R,lever,3YL-2,MGR0131,G,Round,R,VGR03,VGR02,,
3,Y,Z,Round,R,G,Round,R,L,Round,R,lever,3YL-2,MGR0331,G,Round,R,VGR03,VGR02,,
3,Y,Z,Round,R,G,Round,R,L,Round,R,lever,3YL-2,MGS0731,G,Square,S,VGS03,VGS02,,
3,Y,Z,Round,R,G,Round,R,L,Round,R,lever,3YL-2,MGS0831,G,Square,S,VGS03,VGS02,,
3,Y,Z,Round,R,G,Round,R,L,Round,R,lever,3YL-2,MGS0931,G,Square,S,VGS03,VGS02,,
3,Y,Z,Round,R,G,Round,R,L,Round,R,lever,3YL-2,MGS1031,G,Square,S,VGS03,VGS02,,
3,Y,Z,Round,R,G,Round,R,L,Round,R,lever,3YL-2,MGS0431,G,Square,S,VGS03,VGS02,,
3,Y,Z,Round,R,G,Round,R,L,Round,R,lever,3YL-2,MGS0231,G,Square,S,VGS03,VGS02,,
3,Y,Z,Round,R,G,Round,R,L,Round,R,lever,3YL-2,MLR0131,L,Round,R,VGR03,VGR02,,
3,Y,Z,Round,R,G,Round,R,L,Round,R,lever,3YL-2,MLR0231,L,Round,R,VGR03,VGR02,,
3,Y,Z,Round,R,G,Round,R,L,Round,R,lever,3YL-2,MLR0331,L,Round,R,VGR03,VGR02,,
3,Y,Z,Round,R,G,Round,R,L,Round,R,lever,3YL-2,MLR0431,L,Round,R,VGR03,VGR02,,
3,Y,Z,Round,R,L,Round,R,Z,Square,S,handle,3YH-1,MGR9942,G,Round,R,VGR03,,,
3,Y,Z,Round,R,L,Round,R,Z,Square,S,handle,3YH-1,MGS9942,G,Square,S,VGS03,,◯,
3,Y,Z,Round,R,L,Round,R,G,Round,R,handle,3YH-1,MGR9942,G,Round,R,VGR03,,◯,
3,Y,Z,Round,R,L,Round,R,G,Round,R,handle,3YH-1,MGS9942,G,Square,S,VGS03,,,
3,Y,Z,Round,R,L,Round,R,G,Square,S,handle,3YH-1,MGR9942,G,Square,S,VGR03,,,
3,Y,Z,Round,R,L,Round,R,G,Square,S,handle,3YH-1,MGS9942,G,Square,S,VGS03,,◯,
3,Y,Z,Round,R,L,Round,R,L,Round,R,handle,3YH-1,MGR9942,G,Round,R,VGR03,,◯,
3,Y,Z,Round,R,L,Round,R,L,Round,R,handle,3YH-1,MGS9942,G,Square,S,VGS03,,,
3,Y,Z,Round,R,L,Round,R,Z,Square,S,handle,3YH-2,MGR9940,G,Round,R,VGR01,VGR13,,
3,Y,Z,Round,R,L,Round,R,Z,Square,S,handle,3YH-2,MGS9940,G,Square,S,VGS01,VGS13,,
3,Y,Z,Round,R,L,Round,R,G,Round,R,handle,3YH-2,MGR9940,G,Round,R,VGR01,VGR13,,
3,Y,Z,Round,R,L,Round,R,G,Round,R,handle,3YH-2,MGS9940,G,Square,S,VGS01,VGS13,,
3,Y,Z,Round,R,L,Round,R,G,Square,S,handle,3YH-2,MGR9940,G,Round,R,VGR01,VGR13,,
3,Y,Z,Round,R,L,Round,R,G,Square,S,handle,3YH-2,MGS9940,G,Square,S,VGS01,VGS13,,
3,Y,Z,Round,R,L,Round,R,L,Round,R,handle,3YH-2,MGR9940,G,Round,R,VGR01,VGR13,,
3,Y,Z,Round,R,L,Round,R,L,Round,R,handle,3YH-2,MGS9940,G,Square,S,VGS01,VGS13,,
3,Y,Z,Round,R,L,Round,R,Z,Square,S,handle,3YH-3,MGR9942,G,Round,R,VGR02,VGR02,,
3,Y,Z,Round,R,L,Round,R,Z,Square,S,handle,3YH-3,MGS9942,G,Square,S,VGS02,VGS02,,
3,Y,Z,Round,R,L,Round,R,G,Round,R,handle,3YH-3,MGR9942,G,Round,R,VGR02,VGR02,,
3,Y,Z,Round,R,L,Round,R,G,Round,R,handle,3YH-3,MGS9942,G,Square,S,VGS02,VGS02,,
3,Y,Z,Round,R,L,Round,R,G,Square,S,handle,3YH-3,MGR9942,G,Round,R,VGR02,VGR02,,
3,Y,Z,Round,R,L,Round,R,G,Square,S,handle,3YH-3,MGS9942,G,Square,S,VGS02,VGS02,,
3,Y,Z,Round,R,L,Round,R,L,Round,R,handle,3YH-3,MGR9942,G,Round,R,VGR02,VGR02,,
3,Y,Z,Round,R,L,Round,R,L,Round,R,handle,3YH-3,MGS9942,G,Square,S,VGS02,VGS02,,
3,Y,Z,Round,R,L,Round,R,Z,Square,S,switch,3YS-1,MGS9942B,G,Square,S,VGS03,,◯,
3,Y,Z,Round,R,L,Round,R,G,Round,R,switch,3YS-1,MGS9942B,G,Square,S,VGS03,,◯,
3,Y,Z,Round,R,L,Round,R,G,Square,S,switch,3YS-1,MGS9942B,G,Square,S,VGS03,,◯,
3,Y,Z,Round,R,L,Round,R,L,Round,R,switch,3YS-1,MGS9942B,G,Square,S,VGS03,,◯,
3,Y,Z,Round,R,L,Round,R,Z,Square,S,switch,3YS-2,MGS9943,G,Square,S,VGS01,VGS23,,
3,Y,Z,Round,R,L,Round,R,G,Round,R,switch,3YS-2,MGS9943,G,Square,S,VGS01,VGS23,,
3,Y,Z,Round,R,L,Round,R,G,Square,S,switch,3YS-2,MGS9943,G,Square,S,VGS01,VGS23,,
3,Y,Z,Round,R,L,Round,R,L,Round,R,switch,3YS-2,MGS9943,G,Square,S,VGS01,VGS23,,
3,Y,Z,Round,R,L,Round,R,Z,Square,S,switch,3YS-3,MGS9942B,G,Square,S,VGS02,VGS02,,
3,Y,Z,Round,R,L,Round,R,G,Round,R,switch,3YS-3,MGS9942B,G,Square,S,VGS02,VGS02,,
3,Y,Z,Round,R,L,Round,R,G,Square,S,switch,3YS-3,MGS9942B,G,Square,S,VGS02,VGS02,,
3,Y,Z,Round,R,L,Round,R,L,Round,R,switch,3YS-3,MGS9942B,G,Square,S,VGS02,VGS02,,
3,Y,Z,Round,R,L,Round,R,Z,Square,S,lever,3YL-1,MZS0232,Z,Square,S,VGS03,,◯,
3,Y,Z,Round,R,L,Round,R,Z,Square,S,lever,3YL-1,MGR1132,G,Round,R,VGR03,,,
3,Y,Z,Round,R,L,Round,R,Z,Square,S,lever,3YL-1,MGR0132,G,Round,R,VGR03,,,
3,Y,Z,Round,R,L,Round,R,Z,Square,S,lever,3YL-1,MGR0332,G,Round,R,VGR03,,,
3,Y,Z,Round,R,L,Round,R,Z,Square,S,lever,3YL-1,MGS0732,G,Square,S,VGS03,,,
3,Y,Z,Round,R,L,Round,R,Z,Square,S,lever,3YL-1,MGS0832,G,Square,S,VGS03,,,
3,Y,Z,Round,R,L,Round,R,Z,Square,S,lever,3YL-1,MGS0932,G,Square,S,VGS03,,,
3,Y,Z,Round,R,L,Round,R,Z,Square,S,lever,3YL-1,MGS1032,G,Square,S,VGS03,,,
3,Y,Z,Round,R,L,Round,R,Z,Square,S,lever,3YL-1,MGS0432,G,Square,S,VGS03,,,
3,Y,Z,Round,R,L,Round,R,Z,Square,S,lever,3YL-1,MGS0232,G,Square,S,VGS03,,,
3,Y,Z,Round,R,L,Round,R,Z,Square,S,lever,3YL-1,MLR0132,L,Round,R,VGR03,,,
3,Y,Z,Round,R,L,Round,R,Z,Square,S,lever,3YL-1,MLR0232,L,Round,R,VGR03,,,
3,Y,Z,Round,R,L,Round,R,Z,Square,S,lever,3YL-1,MLR0332,L,Round,R,VGR03,,,
3,Y,Z,Round,R,L,Round,R,Z,Square,S,lever,3YL-1,MLR0432,L,Round,R,VGR03,,,
3,Y,Z,Round,R,L,Round,R,G,Round,R,lever,3YL-1,MZS0232,Z,Square,S,VGS03,,,
3,Y,Z,Round,R,L,Round,R,G,Round,R,lever,3YL-1,MGR1132,G,Round,R,VGR03,,◯,
3,Y,Z,Round,R,L,Round,R,G,Round,R,lever,3YL-1,MGR0132,G,Round,R,VGR03,,◯,
3,Y,Z,Round,R,L,Round,R,G,Round,R,lever,3YL-1,MGR0332,G,Round,R,VGR03,,◯,
3,Y,Z,Round,R,L,Round,R,G,Round,R,lever,3YL-1,MGS0732,G,Square,S,VGS03,,,
3,Y,Z,Round,R,L,Round,R,G,Round,R,lever,3YL-1,MGS0832,G,Square,S,VGS03,,,
3,Y,Z,Round,R,L,Round,R,G,Round,R,lever,3YL-1,MGS0932,G,Square,S,VGS03,,,
3,Y,Z,Round,R,L,Round,R,G,Round,R,lever,3YL-1,MGS1032,G,Square,S,VGS03,,,
3,Y,Z,Round,R,L,Round,R,G,Round,R,lever,3YL-1,MGS0432,G,Square,S,VGS03,,,
3,Y,Z,Round,R,L,Round,R,G,Round,R,lever,3YL-1,MGS0232,G,Square,S,VGS03,,,
3,Y,Z,Round,R,L,Round,R,G,Round,R,lever,3YL-1,MLR0132,L,Round,R,VGR03,,,
3,Y,Z,Round,R,L,Round,R,G,Round,R,lever,3YL-1,MLR0232,L,Round,R,VGR03,,,
3,Y,Z,Round,R,L,Round,R,G,Round,R,lever,3YL-1,MLR0332,L,Round,R,VGR03,,,
3,Y,Z,Round,R,L,Round,R,G,Round,R,lever,3YL-1,MLR0432,L,Round,R,VGR03,,,
3,Y,Z,Round,R,L,Round,R,G,Square,S,lever,3YL-1,MZS0232,Z,Square,S,VGS03,,,
3,Y,Z,Round,R,L,Round,R,G,Square,S,lever,3YL-1,MGR1132,G,Round,R,VGR03,,,
3,Y,Z,Round,R,L,Round,R,G,Square,S,lever,3YL-1,MGR0132,G,Round,R,VGR03,,,
3,Y,Z,Round,R,L,Round,R,G,Square,S,lever,3YL-1,MGR0332,G,Round,R,VGR03,,,
3,Y,Z,Round,R,L,Round,R,G,Square,S,lever,3YL-1,MGS0732,G,Square,S,VGS03,,◯,
3,Y,Z,Round,R,L,Round,R,G,Square,S,lever,3YL-1,MGS0832,G,Square,S,VGS03,,◯,
3,Y,Z,Round,R,L,Round,R,G,Square,S,lever,3YL-1,MGS0932,G,Square,S,VGS03,,◯,
3,Y,Z,Round,R,L,Round,R,G,Square,S,lever,3YL-1,MGS1032,G,Square,S,VGS03,,◯,
3,Y,Z,Round,R,L,Round,R,G,Square,S,lever,3YL-1,MGS0432,G,Square,S,VGS03,,◯,
3,Y,Z,Round,R,L,Round,R,G,Square,S,lever,3YL-1,MGS0232,G,Square,S,VGS03,,◯,
3,Y,Z,Round,R,L,Round,R,G,Square,S,lever,3YL-1,MLR0132,L,Round,R,VGR03,,,
3,Y,Z,Round,R,L,Round,R,G,Square,S,lever,3YL-1,MLR0232,L,Round,R,VGR03,,,
3,Y,Z,Round,R,L,Round,R,G,Square,S,lever,3YL-1,MLR0332,L,Round,R,VGR03,,,
3,Y,Z,Round,R,L,Round,R,G,Square,S,lever,3YL-1,MLR0432,L,Round,R,VGR03,,,
3,Y,Z,Round,R,L,Round,R,L,Round,R,lever,3YL-1,MZS0232,Z,Square,S,VGS03,,,
3,Y,Z,Round,R,L,Round,R,L,Round,R,lever,3YL-1,MGR1132,G,Round,R,VGR03,,,
3,Y,Z,Round,R,L,Round,R,L,Round,R,lever,3YL-1,MGR0132,G,Round,R,VGR03,,,
3,Y,Z,Round,R,L,Round,R,L,Round,R,lever,3YL-1,MGR0332,G,Round,R,VGR03,,,
3,Y,Z,Round,R,L,Round,R,L,Round,R,lever,3YL-1,MGS0732,G,Square,S,VGS03,,,
3,Y,Z,Round,R,L,Round,R,L,Round,R,lever,3YL-1,MGS0832,G,Square,S,VGS03,,,
3,Y,Z,Round,R,L,Round,R,L,Round,R,lever,3YL-1,MGS0932,G,Square,S,VGS03,,,
3,Y,Z,Round,R,L,Round,R,L,Round,R,lever,3YL-1,MGS1032,G,Square,S,VGS03,,,
3,Y,Z,Round,R,L,Round,R,L,Round,R,lever,3YL-1,MGS0432,G,Square,S,VGS03,,,
3,Y,Z,Round,R,L,Round,R,L,Round,R,lever,3YL-1,MGS0232,G,Square,S,VGS03,,,
3,Y,Z,Round,R,L,Round,R,L,Round,R,lever,3YL-1,MLR0132,L,Round,R,VGR03,,◯,
3,Y,Z,Round,R,L,Round,R,L,Round,R,lever,3YL-1,MLR0232,L,Round,R,VGR03,,◯,
3,Y,Z,Round,R,L,Round,R,L,Round,R,lever,3YL-1,MLR0332,L,Round,R,VGR03,,◯,
3,Y,Z,Round,R,L,Round,R,L,Round,R,lever,3YL-1,MLR0432,L,Round,R,VGR03,,◯,
3,Y,Z,Round,R,L,Round,R,Z,Square,S,lever,3YL-2,MZS0231,Z,Square,S,VGS03,VGS02,,
3,Y,Z,Round,R,L,Round,R,Z,Square,S,lever,3YL-2,MGR1131,G,Round,R,VGR03,VGR02,,
3,Y,Z,Round,R,L,Round,R,Z,Square,S,lever,3YL-2,MGR0131,G,Round,R,VGR03,VGR02,,
3,Y,Z,Round,R,L,Round,R,Z,Square,S,lever,3YL-2,MGR0331,G,Round,R,VGR03,VGR02,,
3,Y,Z,Round,R,L,Round,R,Z,Square,S,lever,3YL-2,MGS0731,G,Square,S,VGS03,VGS02,,
3,Y,Z,Round,R,L,Round,R,Z,Square,S,lever,3YL-2,MGS0831,G,Square,S,VGS03,VGS02,,
3,Y,Z,Round,R,L,Round,R,Z,Square,S,lever,3YL-2,MGS0931,G,Square,S,VGS03,VGS02,,
3,Y,Z,Round,R,L,Round,R,Z,Square,S,lever,3YL-2,MGS1031,G,Square,S,VGS03,VGS02,,
3,Y,Z,Round,R,L,Round,R,Z,Square,S,lever,3YL-2,MGS0431,G,Square,S,VGS03,VGS02,,
3,Y,Z,Round,R,L,Round,R,Z,Square,S,lever,3YL-2,MGS0231,G,Square,S,VGS03,VGS02,,
3,Y,Z,Round,R,L,Round,R,Z,Square,S,lever,3YL-2,MLR0131,L,Round,R,VGR03,VGR02,,
3,Y,Z,Round,R,L,Round,R,Z,Square,S,lever,3YL-2,MLR0231,L,Round,R,VGR03,VGR02,,
3,Y,Z,Round,R,L,Round,R,Z,Square,S,lever,3YL-2,MLR0331,L,Round,R,VGR03,VGR02,,
3,Y,Z,Round,R,L,Round,R,Z,Square,S,lever,3YL-2,MLR0431,L,Round,R,VGR03,VGR02,,
3,Y,Z,Round,R,L,Round,R,G,Round,R,lever,3YL-2,MZS0231,Z,Square,S,VGS03,VGS02,,
3,Y,Z,Round,R,L,Round,R,G,Round,R,lever,3YL-2,MGR1131,G,Round,R,VGR03,VGR02,,
3,Y,Z,Round,R,L,Round,R,G,Round,R,lever,3YL-2,MGR0131,G,Round,R,VGR03,VGR02,,
3,Y,Z,Round,R,L,Round,R,G,Round,R,lever,3YL-2,MGR0331,G,Round,R,VGR03,VGR02,,
3,Y,Z,Round,R,L,Round,R,G,Round,R,lever,3YL-2,MGS0731,G,Square,S,VGS03,VGS02,,
3,Y,Z,Round,R,L,Round,R,G,Round,R,lever,3YL-2,MGS0831,G,Square,S,VGS03,VGS02,,
3,Y,Z,Round,R,L,Round,R,G,Round,R,lever,3YL-2,MGS0931,G,Square,S,VGS03,VGS02,,
3,Y,Z,Round,R,L,Round,R,G,Round,R,lever,3YL-2,MGS1031,G,Square,S,VGS03,VGS02,,
3,Y,Z,Round,R,L,Round,R,G,Round,R,lever,3YL-2,MGS0431,G,Square,S,VGS03,VGS02,,
3,Y,Z,Round,R,L,Round,R,G,Round,R,lever,3YL-2,MGS0231,G,Square,S,VGS03,VGS02,,
3,Y,Z,Round,R,L,Round,R,G,Round,R,lever,3YL-2,MLR0131,L,Round,R,VGR03,VGR02,,
3,Y,Z,Round,R,L,Round,R,G,Round,R,lever,3YL-2,MLR0231,L,Round,R,VGR03,VGR02,,
3,Y,Z,Round,R,L,Round,R,G,Round,R,lever,3YL-2,MLR0331,L,Round,R,VGR03,VGR02,,
3,Y,Z,Round,R,L,Round,R,G,Round,R,lever,3YL-2,MLR0431,L,Round,R,VGR03,VGR02,,
3,Y,Z,Round,R,L,Round,R,G,Square,S,lever,3YL-2,MZS0231,Z,Square,S,VGS03,VGS02,,
3,Y,Z,Round,R,L,Round,R,G,Square,S,lever,3YL-2,MGR1131,G,Round,R,VGR03,VGR02,,
3,Y,Z,Round,R,L,Round,R,G,Square,S,lever,3YL-2,MGR0131,G,Round,R,VGR03,VGR02,,
3,Y,Z,Round,R,L,Round,R,G,Square,S,lever,3YL-2,MGR0331,G,Round,R,VGR03,VGR02,,
3,Y,Z,Round,R,L,Round,R,G,Square,S,lever,3YL-2,MGS0731,G,Square,S,VGS03,VGS02,,
3,Y,Z,Round,R,L,Round,R,G,Square,S,lever,3YL-2,MGS0831,G,Square,S,VGS03,VGS02,,
3,Y,Z,Round,R,L,Round,R,G,Square,S,lever,3YL-2,MGS0931,G,Square,S,VGS03,VGS02,,
3,Y,Z,Round,R,L,Round,R,G,Square,S,lever,3YL-2,MGS1031,G,Square,S,VGS03,VGS02,,
3,Y,Z,Round,R,L,Round,R,G,Square,S,lever,3YL-2,MGS0431,G,Square,S,VGS03,VGS02,,
3,Y,Z,Round,R,L,Round,R,G,Square,S,lever,3YL-2,MGS0231,G,Square,S,VGS03,VGS02,,
3,Y,Z,Round,R,L,Round,R,G,Square,S,lever,3YL-2,MLR0131,L,Round,R,VGR03,VGR02,,
3,Y,Z,Round,R,L,Round,R,G,Square,S,lever,3YL-2,MLR0231,L,Round,R,VGR03,VGR02,,
3,Y,Z,Round,R,L,Round,R,G,Square,S,lever,3YL-2,MLR0331,L,Round,R,VGR03,VGR02,,
3,Y,Z,Round,R,L,Round,R,G,Square,S,lever,3YL-2,MLR0431,L,Round,R,VGR03,VGR02,,
3,Y,Z,Round,R,L,Round,R,L,Round,R,lever,3YL-2,MZS0231,Z,Square,S,VGS03,VGS02,,
3,Y,Z,Round,R,L,Round,R,L,Round,R,lever,3YL-2,MGR1131,G,Round,R,VGR03,VGR02,,
3,Y,Z,Round,R,L,Round,R,L,Round,R,lever,3YL-2,MGR0131,G,Round,R,VGR03,VGR02,,
3,Y,Z,Round,R,L,Round,R,L,Round,R,lever,3YL-2,MGR0331,G,Round,R,VGR03,VGR02,,
3,Y,Z,Round,R,L,Round,R,L,Round,R,lever,3YL-2,MGS0731,G,Square,S,VGS03,VGS02,,
3,Y,Z,Round,R,L,Round,R,L,Round,R,lever,3YL-2,MGS0831,G,Square,S,VGS03,VGS02,,
3,Y,Z,Round,R,L,Round,R,L,Round,R,lever,3YL-2,MGS0931,G,Square,S,VGS03,VGS02,,
3,Y,Z,Round,R,L,Round,R,L,Round,R,lever,3YL-2,MGS1031,G,Square,S,VGS03,VGS02,,
3,Y,Z,Round,R,L,Round,R,L,Round,R,lever,3YL-2,MGS0431,G,Square,S,VGS03,VGS02,,
3,Y,Z,Round,R,L,Round,R,L,Round,R,lever,3YL-2,MGS0231,G,Square,S,VGS03,VGS02,,
3,Y,Z,Round,R,L,Round,R,L,Round,R,lever,3YL-2,MLR0131,L,Round,R,VGR03,VGR02,,
3,Y,Z,Round,R,L,Round,R,L,Round,R,lever,3YL-2,MLR0231,L,Round,R,VGR03,VGR02,,
3,Y,Z,Round,R,L,Round,R,L,Round,R,lever,3YL-2,MLR0331,L,Round,R,VGR03,VGR02,,
3,Y,Z,Round,R,L,Round,R,L,Round,R,lever,3YL-2,MLR0431,L,Round,R,VGR03,VGR02,,
3,Y,Z,Round,R,G,Square,S,Z,Square,S,handle,3YH-1,MGR9942,G,Round,R,VGR03,,,
3,Y,Z,Round,R,G,Square,S,Z,Square,S,handle,3YH-1,MGS9942,G,Square,S,VGS03,,◯,
3,Y,Z,Round,R,G,Square,S,G,Round,R,handle,3YH-1,MGR9942,G,Round,R,VGR03,,◯,
3,Y,Z,Round,R,G,Square,S,G,Round,R,handle,3YH-1,MGS9942,G,Square,S,VGS03,,,
3,Y,Z,Round,R,G,Square,S,G,Square,S,handle,3YH-1,MGR9942,G,Square,S,VGR03,,,
3,Y,Z,Round,R,G,Square,S,G,Square,S,handle,3YH-1,MGS9942,G,Square,S,VGS03,,◯,
3,Y,Z,Round,R,G,Square,S,L,Round,R,handle,3YH-1,MGR9942,G,Round,R,VGR03,,◯,
3,Y,Z,Round,R,G,Square,S,L,Round,R,handle,3YH-1,MGS9942,G,Square,S,VGS03,,,
3,Y,Z,Round,R,G,Square,S,Z,Square,S,handle,3YH-2,MGR9940,G,Round,R,VGR01,VGR13,,
3,Y,Z,Round,R,G,Square,S,Z,Square,S,handle,3YH-2,MGS9940,G,Square,S,VGS01,VGS13,,
3,Y,Z,Round,R,G,Square,S,G,Round,R,handle,3YH-2,MGR9940,G,Round,R,VGR01,VGR13,,
3,Y,Z,Round,R,G,Square,S,G,Round,R,handle,3YH-2,MGS9940,G,Square,S,VGS01,VGS13,,
3,Y,Z,Round,R,G,Square,S,G,Square,S,handle,3YH-2,MGR9940,G,Round,R,VGR01,VGR13,,
3,Y,Z,Round,R,G,Square,S,G,Square,S,handle,3YH-2,MGS9940,G,Square,S,VGS01,VGS13,,
3,Y,Z,Round,R,G,Square,S,L,Round,R,handle,3YH-2,MGR9940,G,Round,R,VGR01,VGR13,,
3,Y,Z,Round,R,G,Square,S,L,Round,R,handle,3YH-2,MGS9940,G,Square,S,VGS01,VGS13,,
3,Y,Z,Round,R,G,Square,S,Z,Square,S,handle,3YH-3,MGR9942,G,Round,R,VGR02,VGR02,,
3,Y,Z,Round,R,G,Square,S,Z,Square,S,handle,3YH-3,MGS9942,G,Square,S,VGS02,VGS02,,
3,Y,Z,Round,R,G,Square,S,G,Round,R,handle,3YH-3,MGR9942,G,Round,R,VGR02,VGR02,,
3,Y,Z,Round,R,G,Square,S,G,Round,R,handle,3YH-3,MGS9942,G,Square,S,VGS02,VGS02,,
3,Y,Z,Round,R,G,Square,S,G,Square,S,handle,3YH-3,MGR9942,G,Round,R,VGR02,VGR02,,
3,Y,Z,Round,R,G,Square,S,G,Square,S,handle,3YH-3,MGS9942,G,Square,S,VGS02,VGS02,,
3,Y,Z,Round,R,G,Square,S,L,Round,R,handle,3YH-3,MGR9942,G,Round,R,VGR02,VGR02,,
3,Y,Z,Round,R,G,Square,S,L,Round,R,handle,3YH-3,MGS9942,G,Square,S,VGS02,VGS02,,
3,Y,Z,Round,R,G,Square,S,Z,Square,S,switch,3YS-1,MGS9942B,G,Square,S,VGS03,,◯,
3,Y,Z,Round,R,G,Square,S,G,Round,R,switch,3YS-1,MGS9942B,G,Square,S,VGS03,,◯,
3,Y,Z,Round,R,G,Square,S,G,Square,S,switch,3YS-1,MGS9942B,G,Square,S,VGS03,,◯,
3,Y,Z,Round,R,G,Square,S,L,Round,R,switch,3YS-1,MGS9942B,G,Square,S,VGS03,,◯,
3,Y,Z,Round,R,G,Square,S,Z,Square,S,switch,3YS-2,MGS9943,G,Square,S,VGS01,VGS23,,
3,Y,Z,Round,R,G,Square,S,G,Round,R,switch,3YS-2,MGS9943,G,Square,S,VGS01,VGS23,,
3,Y,Z,Round,R,G,Square,S,G,Square,S,switch,3YS-2,MGS9943,G,Square,S,VGS01,VGS23,,
3,Y,Z,Round,R,G,Square,S,L,Round,R,switch,3YS-2,MGS9943,G,Square,S,VGS01,VGS23,,
3,Y,Z,Round,R,G,Square,S,Z,Square,S,switch,3YS-3,MGS9942B,G,Square,S,VGS02,VGS02,,
3,Y,Z,Round,R,G,Square,S,G,Round,R,switch,3YS-3,MGS9942B,G,Square,S,VGS02,VGS02,,
3,Y,Z,Round,R,G,Square,S,G,Square,S,switch,3YS-3,MGS9942B,G,Square,S,VGS02,VGS02,,
3,Y,Z,Round,R,G,Square,S,L,Round,R,switch,3YS-3,MGS9942B,G,Square,S,VGS02,VGS02,,
3,Y,Z,Round,R,G,Square,S,Z,Square,S,lever,3YL-1,MZS0232,Z,Square,S,VGS03,,◯,
3,Y,Z,Round,R,G,Square,S,Z,Square,S,lever,3YL-1,MGR1132,G,Round,R,VGR03,,,
3,Y,Z,Round,R,G,Square,S,Z,Square,S,lever,3YL-1,MGR0132,G,Round,R,VGR03,,,
3,Y,Z,Round,R,G,Square,S,Z,Square,S,lever,3YL-1,MGR0332,G,Round,R,VGR03,,,
3,Y,Z,Round,R,G,Square,S,Z,Square,S,lever,3YL-1,MGS0732,G,Square,S,VGS03,,,
3,Y,Z,Round,R,G,Square,S,Z,Square,S,lever,3YL-1,MGS0832,G,Square,S,VGS03,,,
3,Y,Z,Round,R,G,Square,S,Z,Square,S,lever,3YL-1,MGS0932,G,Square,S,VGS03,,,
3,Y,Z,Round,R,G,Square,S,Z,Square,S,lever,3YL-1,MGS1032,G,Square,S,VGS03,,,
3,Y,Z,Round,R,G,Square,S,Z,Square,S,lever,3YL-1,MGS0432,G,Square,S,VGS03,,,
3,Y,Z,Round,R,G,Square,S,Z,Square,S,lever,3YL-1,MGS0232,G,Square,S,VGS03,,,
3,Y,Z,Round,R,G,Square,S,Z,Square,S,lever,3YL-1,MLR0132,L,Round,R,VGR03,,,
3,Y,Z,Round,R,G,Square,S,Z,Square,S,lever,3YL-1,MLR0232,L,Round,R,VGR03,,,
3,Y,Z,Round,R,G,Square,S,Z,Square,S,lever,3YL-1,MLR0332,L,Round,R,VGR03,,,
3,Y,Z,Round,R,G,Square,S,Z,Square,S,lever,3YL-1,MLR0432,L,Round,R,VGR03,,,
3,Y,Z,Round,R,G,Square,S,G,Round,R,lever,3YL-1,MZS0232,Z,Square,S,VGS03,,,
3,Y,Z,Round,R,G,Square,S,G,Round,R,lever,3YL-1,MGR1132,G,Round,R,VGR03,,◯,
3,Y,Z,Round,R,G,Square,S,G,Round,R,lever,3YL-1,MGR0132,G,Round,R,VGR03,,◯,
3,Y,Z,Round,R,G,Square,S,G,Round,R,lever,3YL-1,MGR0332,G,Round,R,VGR03,,◯,
3,Y,Z,Round,R,G,Square,S,G,Round,R,lever,3YL-1,MGS0732,G,Square,S,VGS03,,,
3,Y,Z,Round,R,G,Square,S,G,Round,R,lever,3YL-1,MGS0832,G,Square,S,VGS03,,,
3,Y,Z,Round,R,G,Square,S,G,Round,R,lever,3YL-1,MGS0932,G,Square,S,VGS03,,,
3,Y,Z,Round,R,G,Square,S,G,Round,R,lever,3YL-1,MGS1032,G,Square,S,VGS03,,,
3,Y,Z,Round,R,G,Square,S,G,Round,R,lever,3YL-1,MGS0432,G,Square,S,VGS03,,,
3,Y,Z,Round,R,G,Square,S,G,Round,R,lever,3YL-1,MGS0232,G,Square,S,VGS03,,,
3,Y,Z,Round,R,G,Square,S,G,Round,R,lever,3YL-1,MLR0132,L,Round,R,VGR03,,,
3,Y,Z,Round,R,G,Square,S,G,Round,R,lever,3YL-1,MLR0232,L,Round,R,VGR03,,,
3,Y,Z,Round,R,G,Square,S,G,Round,R,lever,3YL-1,MLR0332,L,Round,R,VGR03,,,
3,Y,Z,Round,R,G,Square,S,G,Round,R,lever,3YL-1,MLR0432,L,Round,R,VGR03,,,
3,Y,Z,Round,R,G,Square,S,G,Square,S,lever,3YL-1,MZS0232,Z,Square,S,VGS03,,,
3,Y,Z,Round,R,G,Square,S,G,Square,S,lever,3YL-1,MGR1132,G,Round,R,VGR03,,,
3,Y,Z,Round,R,G,Square,S,G,Square,S,lever,3YL-1,MGR0132,G,Round,R,VGR03,,,
3,Y,Z,Round,R,G,Square,S,G,Square,S,lever,3YL-1,MGR0332,G,Round,R,VGR03,,,
3,Y,Z,Round,R,G,Square,S,G,Square,S,lever,3YL-1,MGS0732,G,Square,S,VGS03,,◯,
3,Y,Z,Round,R,G,Square,S,G,Square,S,lever,3YL-1,MGS0832,G,Square,S,VGS03,,◯,
3,Y,Z,Round,R,G,Square,S,G,Square,S,lever,3YL-1,MGS0932,G,Square,S,VGS03,,◯,
3,Y,Z,Round,R,G,Square,S,G,Square,S,lever,3YL-1,MGS1032,G,Square,S,VGS03,,◯,
3,Y,Z,Round,R,G,Square,S,G,Square,S,lever,3YL-1,MGS0432,G,Square,S,VGS03,,◯,
3,Y,Z,Round,R,G,Square,S,G,Square,S,lever,3YL-1,MGS0232,G,Square,S,VGS03,,◯,
3,Y,Z,Round,R,G,Square,S,G,Square,S,lever,3YL-1,MLR0132,L,Round,R,VGR03,,,
3,Y,Z,Round,R,G,Square,S,G,Square,S,lever,3YL-1,MLR0232,L,Round,R,VGR03,,,
3,Y,Z,Round,R,G,Square,S,G,Square,S,lever,3YL-1,MLR0332,L,Round,R,VGR03,,,
3,Y,Z,Round,R,G,Square,S,G,Square,S,lever,3YL-1,MLR0432,L,Round,R,VGR03,,,
3,Y,Z,Round,R,G,Square,S,L,Round,R,lever,3YL-1,MZS0232,Z,Square,S,VGS03,,,
3,Y,Z,Round,R,G,Square,S,L,Round,R,lever,3YL-1,MGR1132,G,Round,R,VGR03,,,
3,Y,Z,Round,R,G,Square,S,L,Round,R,lever,3YL-1,MGR0132,G,Round,R,VGR03,,,
3,Y,Z,Round,R,G,Square,S,L,Round,R,lever,3YL-1,MGR0332,G,Round,R,VGR03,,,
3,Y,Z,Round,R,G,Square,S,L,Round,R,lever,3YL-1,MGS0732,G,Square,S,VGS03,,,
3,Y,Z,Round,R,G,Square,S,L,Round,R,lever,3YL-1,MGS0832,G,Square,S,VGS03,,,
3,Y,Z,Round,R,G,Square,S,L,Round,R,lever,3YL-1,MGS0932,G,Square,S,VGS03,,,
3,Y,Z,Round,R,G,Square,S,L,Round,R,lever,3YL-1,MGS1032,G,Square,S,VGS03,,,
3,Y,Z,Round,R,G,Square,S,L,Round,R,lever,3YL-1,MGS0432,G,Square,S,VGS03,,,
3,Y,Z,Round,R,G,Square,S,L,Round,R,lever,3YL-1,MGS0232,G,Square,S,VGS03,,,
3,Y,Z,Round,R,G,Square,S,L,Round,R,lever,3YL-1,MLR0132,L,Round,R,VGR03,,◯,
3,Y,Z,Round,R,G,Square,S,L,Round,R,lever,3YL-1,MLR0232,L,Round,R,VGR03,,◯,
3,Y,Z,Round,R,G,Square,S,L,Round,R,lever,3YL-1,MLR0332,L,Round,R,VGR03,,◯,
3,Y,Z,Round,R,G,Square,S,L,Round,R,lever,3YL-1,MLR0432,L,Round,R,VGR03,,◯,
3,Y,Z,Round,R,G,Square,S,Z,Square,S,lever,3YL-2,MZS0231,Z,Square,S,VGS03,VGS02,,
3,Y,Z,Round,R,G,Square,S,Z,Square,S,lever,3YL-2,MGR1131,G,Round,R,VGR03,VGR02,,
3,Y,Z,Round,R,G,Square,S,Z,Square,S,lever,3YL-2,MGR0131,G,Round,R,VGR03,VGR02,,
3,Y,Z,Round,R,G,Square,S,Z,Square,S,lever,3YL-2,MGR0331,G,Round,R,VGR03,VGR02,,
3,Y,Z,Round,R,G,Square,S,Z,Square,S,lever,3YL-2,MGS0731,G,Square,S,VGS03,VGS02,,
3,Y,Z,Round,R,G,Square,S,Z,Square,S,lever,3YL-2,MGS0831,G,Square,S,VGS03,VGS02,,
3,Y,Z,Round,R,G,Square,S,Z,Square,S,lever,3YL-2,MGS0931,G,Square,S,VGS03,VGS02,,
3,Y,Z,Round,R,G,Square,S,Z,Square,S,lever,3YL-2,MGS1031,G,Square,S,VGS03,VGS02,,
3,Y,Z,Round,R,G,Square,S,Z,Square,S,lever,3YL-2,MGS0431,G,Square,S,VGS03,VGS02,,
3,Y,Z,Round,R,G,Square,S,Z,Square,S,lever,3YL-2,MGS0231,G,Square,S,VGS03,VGS02,,
3,Y,Z,Round,R,G,Square,S,Z,Square,S,lever,3YL-2,MLR0131,L,Round,R,VGR03,VGR02,,
3,Y,Z,Round,R,G,Square,S,Z,Square,S,lever,3YL-2,MLR0231,L,Round,R,VGR03,VGR02,,
3,Y,Z,Round,R,G,Square,S,Z,Square,S,lever,3YL-2,MLR0331,L,Round,R,VGR03,VGR02,,
3,Y,Z,Round,R,G,Square,S,Z,Square,S,lever,3YL-2,MLR0431,L,Round,R,VGR03,VGR02,,
3,Y,Z,Round,R,G,Square,S,G,Round,R,lever,3YL-2,MZS0231,Z,Square,S,VGS03,VGS02,,
3,Y,Z,Round,R,G,Square,S,G,Round,R,lever,3YL-2,MGR1131,G,Round,R,VGR03,VGR02,,
3,Y,Z,Round,R,G,Square,S,G,Round,R,lever,3YL-2,MGR0131,G,Round,R,VGR03,VGR02,,
3,Y,Z,Round,R,G,Square,S,G,Round,R,lever,3YL-2,MGR0331,G,Round,R,VGR03,VGR02,,
3,Y,Z,Round,R,G,Square,S,G,Round,R,lever,3YL-2,MGS0731,G,Square,S,VGS03,VGS02,,
3,Y,Z,Round,R,G,Square,S,G,Round,R,lever,3YL-2,MGS0831,G,Square,S,VGS03,VGS02,,
3,Y,Z,Round,R,G,Square,S,G,Round,R,lever,3YL-2,MGS0931,G,Square,S,VGS03,VGS02,,
3,Y,Z,Round,R,G,Square,S,G,Round,R,lever,3YL-2,MGS1031,G,Square,S,VGS03,VGS02,,
3,Y,Z,Round,R,G,Square,S,G,Round,R,lever,3YL-2,MGS0431,G,Square,S,VGS03,VGS02,,
3,Y,Z,Round,R,G,Square,S,G,Round,R,lever,3YL-2,MGS0231,G,Square,S,VGS03,VGS02,,
3,Y,Z,Round,R,G,Square,S,G,Round,R,lever,3YL-2,MLR0131,L,Round,R,VGR03,VGR02,,
3,Y,Z,Round,R,G,Square,S,G,Round,R,lever,3YL-2,MLR0231,L,Round,R,VGR03,VGR02,,
3,Y,Z,Round,R,G,Square,S,G,Round,R,lever,3YL-2,MLR0331,L,Round,R,VGR03,VGR02,,
3,Y,Z,Round,R,G,Square,S,G,Round,R,lever,3YL-2,MLR0431,L,Round,R,VGR03,VGR02,,
3,Y,Z,Round,R,G,Square,S,G,Square,S,lever,3YL-2,MZS0231,Z,Square,S,VGS03,VGS02,,
3,Y,Z,Round,R,G,Square,S,G,Square,S,lever,3YL-2,MGR1131,G,Round,R,VGR03,VGR02,,
3,Y,Z,Round,R,G,Square,S,G,Square,S,lever,3YL-2,MGR0131,G,Round,R,VGR03,VGR02,,
3,Y,Z,Round,R,G,Square,S,G,Square,S,lever,3YL-2,MGR0331,G,Round,R,VGR03,VGR02,,
3,Y,Z,Round,R,G,Square,S,G,Square,S,lever,3YL-2,MGS0731,G,Square,S,VGS03,VGS02,,
3,Y,Z,Round,R,G,Square,S,G,Square,S,lever,3YL-2,MGS0831,G,Square,S,VGS03,VGS02,,
3,Y,Z,Round,R,G,Square,S,G,Square,S,lever,3YL-2,MGS0931,G,Square,S,VGS03,VGS02,,
3,Y,Z,Round,R,G,Square,S,G,Square,S,lever,3YL-2,MGS1031,G,Square,S,VGS03,VGS02,,
3,Y,Z,Round,R,G,Square,S,G,Square,S,lever,3YL-2,MGS0431,G,Square,S,VGS03,VGS02,,
3,Y,Z,Round,R,G,Square,S,G,Square,S,lever,3YL-2,MGS0231,G,Square,S,VGS03,VGS02,,
3,Y,Z,Round,R,G,Square,S,G,Square,S,lever,3YL-2,MLR0131,L,Round,R,VGR03,VGR02,,
3,Y,Z,Round,R,G,Square,S,G,Square,S,lever,3YL-2,MLR0231,L,Round,R,VGR03,VGR02,,
3,Y,Z,Round,R,G,Square,S,G,Square,S,lever,3YL-2,MLR0331,L,Round,R,VGR03,VGR02,,
3,Y,Z,Round,R,G,Square,S,G,Square,S,lever,3YL-2,MLR0431,L,Round,R,VGR03,VGR02,,
3,Y,Z,Round,R,G,Square,S,L,Round,R,lever,3YL-2,MZS0231,Z,Square,S,VGS03,VGS02,,
3,Y,Z,Round,R,G,Square,S,L,Round,R,lever,3YL-2,MGR1131,G,Round,R,VGR03,VGR02,,
3,Y,Z,Round,R,G,Square,S,L,Round,R,lever,3YL-2,MGR0131,G,Round,R,VGR03,VGR02,,
3,Y,Z,Round,R,G,Square,S,L,Round,R,lever,3YL-2,MGR0331,G,Round,R,VGR03,VGR02,,
3,Y,Z,Round,R,G,Square,S,L,Round,R,lever,3YL-2,MGS0731,G,Square,S,VGS03,VGS02,,
3,Y,Z,Round,R,G,Square,S,L,Round,R,lever,3YL-2,MGS0831,G,Square,S,VGS03,VGS02,,
3,Y,Z,Round,R,G,Square,S,L,Round,R,lever,3YL-2,MGS0931,G,Square,S,VGS03,VGS02,,
3,Y,Z,Round,R,G,Square,S,L,Round,R,lever,3YL-2,MGS1031,G,Square,S,VGS03,VGS02,,
3,Y,Z,Round,R,G,Square,S,L,Round,R,lever,3YL-2,MGS0431,G,Square,S,VGS03,VGS02,,
3,Y,Z,Round,R,G,Square,S,L,Round,R,lever,3YL-2,MGS0231,G,Square,S,VGS03,VGS02,,
3,Y,Z,Round,R,G,Square,S,L,Round,R,lever,3YL-2,MLR0132,L,Round,R,VGR03,VGR02,,
3,Y,Z,Round,R,G,Square,S,L,Round,R,lever,3YL-2,MLR0231,L,Round,R,VGR03,VGR02,,
3,Y,Z,Round,R,G,Square,S,L,Round,R,lever,3YL-2,MLR0331,L,Round,R,VGR03,VGR02,,
3,Y,Z,Round,R,G,Square,S,L,Round,R,lever,3YL-2,MLR0431,L,Round,R,VGR03,VGR02,,
3,Y,Z,Square,S,G,Round,R,Z,Square,S,handle,3YH-1,MGR9942,G,Round,R,VGR03,,,
3,Y,Z,Square,S,G,Round,R,Z,Square,S,handle,3YH-1,MGS9942,G,Square,S,VGS03,,◯,
3,Y,Z,Square,S,G,Round,R,G,Round,R,handle,3YH-1,MGR9942,G,Round,R,VGR03,,◯,
3,Y,Z,Square,S,G,Round,R,G,Round,R,handle,3YH-1,MGS9942,G,Square,S,VGS03,,,
3,Y,Z,Square,S,G,Round,R,G,Square,S,handle,3YH-1,MGR9942,G,Square,S,VGR03,,,
3,Y,Z,Square,S,G,Round,R,G,Square,S,handle,3YH-1,MGS9942,G,Square,S,VGS03,,◯,
3,Y,Z,Square,S,G,Round,R,L,Round,R,handle,3YH-1,MGR9942,G,Round,R,VGR03,,◯,
3,Y,Z,Square,S,G,Round,R,L,Round,R,handle,3YH-1,MGS9942,G,Square,S,VGS03,,,
3,Y,Z,Square,S,G,Round,R,Z,Square,S,handle,3YH-2,MGR9940,G,Round,R,VGR01,VGR13,,
3,Y,Z,Square,S,G,Round,R,Z,Square,S,handle,3YH-2,MGS9940,G,Square,S,VGS01,VGS13,,
3,Y,Z,Square,S,G,Round,R,G,Round,R,handle,3YH-2,MGR9940,G,Round,R,VGR01,VGR13,,
3,Y,Z,Square,S,G,Round,R,G,Round,R,handle,3YH-2,MGS9940,G,Square,S,VGS01,VGS13,,
3,Y,Z,Square,S,G,Round,R,G,Square,S,handle,3YH-2,MGR9940,G,Round,R,VGR01,VGR13,,
3,Y,Z,Square,S,G,Round,R,G,Square,S,handle,3YH-2,MGS9940,G,Square,S,VGS01,VGS13,,
3,Y,Z,Square,S,G,Round,R,L,Round,R,handle,3YH-2,MGR9940,G,Round,R,VGR01,VGR13,,
3,Y,Z,Square,S,G,Round,R,L,Round,R,handle,3YH-2,MGS9940,G,Square,S,VGS01,VGS13,,
3,Y,Z,Square,S,G,Round,R,Z,Square,S,handle,3YH-3,MGR9942,G,Round,R,VGR02,VGR02,,
3,Y,Z,Square,S,G,Round,R,Z,Square,S,handle,3YH-3,MGS9942,G,Square,S,VGS02,VGS02,,
3,Y,Z,Square,S,G,Round,R,G,Round,R,handle,3YH-3,MGR9942,G,Round,R,VGR02,VGR02,,
3,Y,Z,Square,S,G,Round,R,G,Round,R,handle,3YH-3,MGS9942,G,Square,S,VGS02,VGS02,,
3,Y,Z,Square,S,G,Round,R,G,Square,S,handle,3YH-3,MGR9942,G,Round,R,VGR02,VGR02,,
3,Y,Z,Square,S,G,Round,R,G,Square,S,handle,3YH-3,MGS9942,G,Square,S,VGS02,VGS02,,
3,Y,Z,Square,S,G,Round,R,L,Round,R,handle,3YH-3,MGR9942,G,Round,R,VGR02,VGR02,,
3,Y,Z,Square,S,G,Round,R,L,Round,R,handle,3YH-3,MGS9942,G,Square,S,VGS02,VGS02,,
3,Y,Z,Square,S,G,Round,R,Z,Square,S,switch,3YS-1,MGS9942B,G,Square,S,VGS03,,◯,
3,Y,Z,Square,S,G,Round,R,G,Round,R,switch,3YS-1,MGS9942B,G,Square,S,VGS03,,◯,
3,Y,Z,Square,S,G,Round,R,G,Square,S,switch,3YS-1,MGS9942B,G,Square,S,VGS03,,◯,
3,Y,Z,Square,S,G,Round,R,L,Round,R,switch,3YS-1,MGS9942B,G,Square,S,VGS03,,◯,
3,Y,Z,Square,S,G,Round,R,Z,Square,S,switch,3YS-2,MGS9943,G,Square,S,VGS01,VGS23,,
3,Y,Z,Square,S,G,Round,R,G,Round,R,switch,3YS-2,MGS9943,G,Square,S,VGS01,VGS23,,
3,Y,Z,Square,S,G,Round,R,G,Square,S,switch,3YS-2,MGS9943,G,Square,S,VGS01,VGS23,,
3,Y,Z,Square,S,G,Round,R,L,Round,R,switch,3YS-2,MGS9943,G,Square,S,VGS01,VGS23,,
3,Y,Z,Square,S,G,Round,R,Z,Square,S,switch,3YS-3,MGS9942B,G,Square,S,VGS02,VGS02,,
3,Y,Z,Square,S,G,Round,R,G,Round,R,switch,3YS-3,MGS9942B,G,Square,S,VGS02,VGS02,,
3,Y,Z,Square,S,G,Round,R,G,Square,S,switch,3YS-3,MGS9942B,G,Square,S,VGS02,VGS02,,
3,Y,Z,Square,S,G,Round,R,L,Round,R,switch,3YS-3,MGS9942B,G,Square,S,VGS02,VGS02,,
3,Y,Z,Square,S,G,Round,R,Z,Square,S,lever,3YL-1,MZS0232,Z,Square,S,VGS03,,◯,
3,Y,Z,Square,S,G,Round,R,Z,Square,S,lever,3YL-1,MGR1132,G,Round,R,VGR03,,,
3,Y,Z,Square,S,G,Round,R,Z,Square,S,lever,3YL-1,MGR0132,G,Round,R,VGR03,,,
3,Y,Z,Square,S,G,Round,R,Z,Square,S,lever,3YL-1,MGR0332,G,Round,R,VGR03,,,
3,Y,Z,Square,S,G,Round,R,Z,Square,S,lever,3YL-1,MGS0732,G,Square,S,VGS03,,,
3,Y,Z,Square,S,G,Round,R,Z,Square,S,lever,3YL-1,MGS0832,G,Square,S,VGS03,,,
3,Y,Z,Square,S,G,Round,R,Z,Square,S,lever,3YL-1,MGS0932,G,Square,S,VGS03,,,
3,Y,Z,Square,S,G,Round,R,Z,Square,S,lever,3YL-1,MGS1032,G,Square,S,VGS03,,,
3,Y,Z,Square,S,G,Round,R,Z,Square,S,lever,3YL-1,MGS0432,G,Square,S,VGS03,,,
3,Y,Z,Square,S,G,Round,R,Z,Square,S,lever,3YL-1,MGS0232,G,Square,S,VGS03,,,
3,Y,Z,Square,S,G,Round,R,Z,Square,S,lever,3YL-1,MLR0132,L,Round,R,VGR03,,,
3,Y,Z,Square,S,G,Round,R,Z,Square,S,lever,3YL-1,MLR0232,L,Round,R,VGR03,,,
3,Y,Z,Square,S,G,Round,R,Z,Square,S,lever,3YL-1,MLR0332,L,Round,R,VGR03,,,
3,Y,Z,Square,S,G,Round,R,Z,Square,S,lever,3YL-1,MLR0432,L,Round,R,VGR03,,,
3,Y,Z,Square,S,G,Round,R,G,Round,R,lever,3YL-1,MZS0232,Z,Square,S,VGS03,,,
3,Y,Z,Square,S,G,Round,R,G,Round,R,lever,3YL-1,MGR1132,G,Round,R,VGR03,,◯,
3,Y,Z,Square,S,G,Round,R,G,Round,R,lever,3YL-1,MGR0132,G,Round,R,VGR03,,◯,
3,Y,Z,Square,S,G,Round,R,G,Round,R,lever,3YL-1,MGR0332,G,Round,R,VGR03,,◯,
3,Y,Z,Square,S,G,Round,R,G,Round,R,lever,3YL-1,MGS0732,G,Square,S,VGS03,,,
3,Y,Z,Square,S,G,Round,R,G,Round,R,lever,3YL-1,MGS0832,G,Square,S,VGS03,,,
3,Y,Z,Square,S,G,Round,R,G,Round,R,lever,3YL-1,MGS0932,G,Square,S,VGS03,,,
3,Y,Z,Square,S,G,Round,R,G,Round,R,lever,3YL-1,MGS1032,G,Square,S,VGS03,,,
3,Y,Z,Square,S,G,Round,R,G,Round,R,lever,3YL-1,MGS0432,G,Square,S,VGS03,,,
3,Y,Z,Square,S,G,Round,R,G,Round,R,lever,3YL-1,MGS0232,G,Square,S,VGS03,,,
3,Y,Z,Square,S,G,Round,R,G,Round,R,lever,3YL-1,MLR0132,L,Round,R,VGR03,,,
3,Y,Z,Square,S,G,Round,R,G,Round,R,lever,3YL-1,MLR0232,L,Round,R,VGR03,,,
3,Y,Z,Square,S,G,Round,R,G,Round,R,lever,3YL-1,MLR0332,L,Round,R,VGR03,,,
3,Y,Z,Square,S,G,Round,R,G,Round,R,lever,3YL-1,MLR0432,L,Round,R,VGR03,,,
3,Y,Z,Square,S,G,Round,R,G,Square,S,lever,3YL-1,MZS0232,Z,Square,S,VGS03,,,
3,Y,Z,Square,S,G,Round,R,G,Square,S,lever,3YL-1,MGR1132,G,Round,R,VGR03,,,
3,Y,Z,Square,S,G,Round,R,G,Square,S,lever,3YL-1,MGR0132,G,Round,R,VGR03,,,
3,Y,Z,Square,S,G,Round,R,G,Square,S,lever,3YL-1,MGR0332,G,Round,R,VGR03,,,
3,Y,Z,Square,S,G,Round,R,G,Square,S,lever,3YL-1,MGS0732,G,Square,S,VGS03,,◯,⇒OHSがZのため、バルブをZで選定すべきか？
3,Y,Z,Square,S,G,Round,R,G,Square,S,lever,3YL-1,MGS0832,G,Square,S,VGS03,,◯,⇒OHSがZのため、バルブをZで選定すべきか？
3,Y,Z,Square,S,G,Round,R,G,Square,S,lever,3YL-1,MGS0932,G,Square,S,VGS03,,◯,⇒OHSがZのため、バルブをZで選定すべきか？
3,Y,Z,Square,S,G,Round,R,G,Square,S,lever,3YL-1,MGS1032,G,Square,S,VGS03,,◯,⇒OHSがZのため、バルブをZで選定すべきか？
3,Y,Z,Square,S,G,Round,R,G,Square,S,lever,3YL-1,MGS0432,G,Square,S,VGS03,,◯,⇒OHSがZのため、バルブをZで選定すべきか？
3,Y,Z,Square,S,G,Round,R,G,Square,S,lever,3YL-1,MGS0232,G,Square,S,VGS03,,◯,⇒OHSがZのため、バルブをZで選定すべきか？
3,Y,Z,Square,S,G,Round,R,G,Square,S,lever,3YL-1,MLR0132,L,Round,R,VGR03,,,
3,Y,Z,Square,S,G,Round,R,G,Square,S,lever,3YL-1,MLR0232,L,Round,R,VGR03,,,
3,Y,Z,Square,S,G,Round,R,G,Square,S,lever,3YL-1,MLR0332,L,Round,R,VGR03,,,
3,Y,Z,Square,S,G,Round,R,G,Square,S,lever,3YL-1,MLR0432,L,Round,R,VGR03,,,
3,Y,Z,Square,S,G,Round,R,L,Round,R,lever,3YL-1,MZS0232,Z,Square,S,VGS03,,,
3,Y,Z,Square,S,G,Round,R,L,Round,R,lever,3YL-1,MGR1132,G,Round,R,VGR03,,,
3,Y,Z,Square,S,G,Round,R,L,Round,R,lever,3YL-1,MGR0132,G,Round,R,VGR03,,,
3,Y,Z,Square,S,G,Round,R,L,Round,R,lever,3YL-1,MGR0332,G,Round,R,VGR03,,,
3,Y,Z,Square,S,G,Round,R,L,Round,R,lever,3YL-1,MGS0732,G,Square,S,VGS03,,,
3,Y,Z,Square,S,G,Round,R,L,Round,R,lever,3YL-1,MGS0832,G,Square,S,VGS03,,,
3,Y,Z,Square,S,G,Round,R,L,Round,R,lever,3YL-1,MGS0932,G,Square,S,VGS03,,,
3,Y,Z,Square,S,G,Round,R,L,Round,R,lever,3YL-1,MGS1032,G,Square,S,VGS03,,,
3,Y,Z,Square,S,G,Round,R,L,Round,R,lever,3YL-1,MGS0432,G,Square,S,VGS03,,,
3,Y,Z,Square,S,G,Round,R,L,Round,R,lever,3YL-1,MGS0232,G,Square,S,VGS03,,,
3,Y,Z,Square,S,G,Round,R,L,Round,R,lever,3YL-1,MLR0132,L,Round,R,VGR03,,◯,
3,Y,Z,Square,S,G,Round,R,L,Round,R,lever,3YL-1,MLR0232,L,Round,R,VGR03,,◯,
3,Y,Z,Square,S,G,Round,R,L,Round,R,lever,3YL-1,MLR0332,L,Round,R,VGR03,,◯,
3,Y,Z,Square,S,G,Round,R,L,Round,R,lever,3YL-1,MLR0432,L,Round,R,VGR03,,◯,
3,Y,Z,Square,S,G,Round,R,Z,Square,S,lever,3YL-2,MZS0231,Z,Square,S,VGS03,VGS02,,
3,Y,Z,Square,S,G,Round,R,Z,Square,S,lever,3YL-2,MGR1131,G,Round,R,VGR03,VGR02,,
3,Y,Z,Square,S,G,Round,R,Z,Square,S,lever,3YL-2,MGR0131,G,Round,R,VGR03,VGR02,,
3,Y,Z,Square,S,G,Round,R,Z,Square,S,lever,3YL-2,MGR0331,G,Round,R,VGR03,VGR02,,
3,Y,Z,Square,S,G,Round,R,Z,Square,S,lever,3YL-2,MGS0731,G,Square,S,VGS03,VGS02,,
3,Y,Z,Square,S,G,Round,R,Z,Square,S,lever,3YL-2,MGS0831,G,Square,S,VGS03,VGS02,,
3,Y,Z,Square,S,G,Round,R,Z,Square,S,lever,3YL-2,MGS0931,G,Square,S,VGS03,VGS02,,
3,Y,Z,Square,S,G,Round,R,Z,Square,S,lever,3YL-2,MGS1031,G,Square,S,VGS03,VGS02,,
3,Y,Z,Square,S,G,Round,R,Z,Square,S,lever,3YL-2,MGS0431,G,Square,S,VGS03,VGS02,,
3,Y,Z,Square,S,G,Round,R,Z,Square,S,lever,3YL-2,MGS0231,G,Square,S,VGS03,VGS02,,
3,Y,Z,Square,S,G,Round,R,Z,Square,S,lever,3YL-2,MLR0131,L,Round,R,VGR03,VGR02,,
3,Y,Z,Square,S,G,Round,R,Z,Square,S,lever,3YL-2,MLR0231,L,Round,R,VGR03,VGR02,,
3,Y,Z,Square,S,G,Round,R,Z,Square,S,lever,3YL-2,MLR0331,L,Round,R,VGR03,VGR02,,
3,Y,Z,Square,S,G,Round,R,Z,Square,S,lever,3YL-2,MLR0431,L,Round,R,VGR03,VGR02,,
3,Y,Z,Square,S,G,Round,R,G,Round,R,lever,3YL-2,MZS0231,Z,Square,S,VGS03,VGS02,,
3,Y,Z,Square,S,G,Round,R,G,Round,R,lever,3YL-2,MGR1131,G,Round,R,VGR03,VGR02,,
3,Y,Z,Square,S,G,Round,R,G,Round,R,lever,3YL-2,MGR0131,G,Round,R,VGR03,VGR02,,
3,Y,Z,Square,S,G,Round,R,G,Round,R,lever,3YL-2,MGR0331,G,Round,R,VGR03,VGR02,,
3,Y,Z,Square,S,G,Round,R,G,Round,R,lever,3YL-2,MGS0731,G,Square,S,VGS03,VGS02,,
3,Y,Z,Square,S,G,Round,R,G,Round,R,lever,3YL-2,MGS0831,G,Square,S,VGS03,VGS02,,
3,Y,Z,Square,S,G,Round,R,G,Round,R,lever,3YL-2,MGS0931,G,Square,S,VGS03,VGS02,,
3,Y,Z,Square,S,G,Round,R,G,Round,R,lever,3YL-2,MGS1031,G,Square,S,VGS03,VGS02,,
3,Y,Z,Square,S,G,Round,R,G,Round,R,lever,3YL-2,MGS0431,G,Square,S,VGS03,VGS02,,
3,Y,Z,Square,S,G,Round,R,G,Round,R,lever,3YL-2,MGS0231,G,Square,S,VGS03,VGS02,,
3,Y,Z,Square,S,G,Round,R,G,Round,R,lever,3YL-2,MLR0131,L,Round,R,VGR03,VGR02,,
3,Y,Z,Square,S,G,Round,R,G,Round,R,lever,3YL-2,MLR0231,L,Round,R,VGR03,VGR02,,
3,Y,Z,Square,S,G,Round,R,G,Round,R,lever,3YL-2,MLR0331,L,Round,R,VGR03,VGR02,,
3,Y,Z,Square,S,G,Round,R,G,Round,R,lever,3YL-2,MLR0431,L,Round,R,VGR03,VGR02,,
3,Y,Z,Square,S,G,Round,R,G,Square,S,lever,3YL-2,MZS0231,Z,Square,S,VGS03,VGS02,,
3,Y,Z,Square,S,G,Round,R,G,Square,S,lever,3YL-2,MGR1131,G,Round,R,VGR03,VGR02,,
3,Y,Z,Square,S,G,Round,R,G,Square,S,lever,3YL-2,MGR0131,G,Round,R,VGR03,VGR02,,
3,Y,Z,Square,S,G,Round,R,G,Square,S,lever,3YL-2,MGR0331,G,Round,R,VGR03,VGR02,,
3,Y,Z,Square,S,G,Round,R,G,Square,S,lever,3YL-2,MGS0731,G,Square,S,VGS03,VGS02,,
3,Y,Z,Square,S,G,Round,R,G,Square,S,lever,3YL-2,MGS0831,G,Square,S,VGS03,VGS02,,
3,Y,Z,Square,S,G,Round,R,G,Square,S,lever,3YL-2,MGS0931,G,Square,S,VGS03,VGS02,,
3,Y,Z,Square,S,G,Round,R,G,Square,S,lever,3YL-2,MGS1031,G,Square,S,VGS03,VGS02,,
3,Y,Z,Square,S,G,Round,R,G,Square,S,lever,3YL-2,MGS0431,G,Square,S,VGS03,VGS02,,
3,Y,Z,Square,S,G,Round,R,G,Square,S,lever,3YL-2,MGS0231,G,Square,S,VGS03,VGS02,,
3,Y,Z,Square,S,G,Round,R,G,Square,S,lever,3YL-2,MLR0131,L,Round,R,VGR03,VGR02,,
3,Y,Z,Square,S,G,Round,R,G,Square,S,lever,3YL-2,MLR0231,L,Round,R,VGR03,VGR02,,
3,Y,Z,Square,S,G,Round,R,G,Square,S,lever,3YL-2,MLR0331,L,Round,R,VGR03,VGR02,,
3,Y,Z,Square,S,G,Round,R,G,Square,S,lever,3YL-2,MLR0431,L,Round,R,VGR03,VGR02,,
3,Y,Z,Square,S,G,Round,R,L,Round,R,lever,3YL-2,MZS0231,Z,Square,S,VGS03,VGS02,,
3,Y,Z,Square,S,G,Round,R,L,Round,R,lever,3YL-2,MGR1131,G,Round,R,VGR03,VGR02,,
3,Y,Z,Square,S,G,Round,R,L,Round,R,lever,3YL-2,MGR0131,G,Round,R,VGR03,VGR02,,
3,Y,Z,Square,S,G,Round,R,L,Round,R,lever,3YL-2,MGR0331,G,Round,R,VGR03,VGR02,,
3,Y,Z,Square,S,G,Round,R,L,Round,R,lever,3YL-2,MGS0731,G,Square,S,VGS03,VGS02,,
3,Y,Z,Square,S,G,Round,R,L,Round,R,lever,3YL-2,MGS0831,G,Square,S,VGS03,VGS02,,
3,Y,Z,Square,S,G,Round,R,L,Round,R,lever,3YL-2,MGS0931,G,Square,S,VGS03,VGS02,,
3,Y,Z,Square,S,G,Round,R,L,Round,R,lever,3YL-2,MGS1031,G,Square,S,VGS03,VGS02,,
3,Y,Z,Square,S,G,Round,R,L,Round,R,lever,3YL-2,MGS0431,G,Square,S,VGS03,VGS02,,
3,Y,Z,Square,S,G,Round,R,L,Round,R,lever,3YL-2,MGS0231,G,Square,S,VGS03,VGS02,,
3,Y,Z,Square,S,G,Round,R,L,Round,R,lever,3YL-2,MLR0131,L,Round,R,VGR03,VGR02,,
3,Y,Z,Square,S,G,Round,R,L,Round,R,lever,3YL-2,MLR0231,L,Round,R,VGR03,VGR02,,
3,Y,Z,Square,S,G,Round,R,L,Round,R,lever,3YL-2,MLR0331,L,Round,R,VGR03,VGR02,,
3,Y,Z,Square,S,G,Round,R,L,Round,R,lever,3YL-2,MLR0431,L,Round,R,VGR03,VGR02,,
3,Y,Z,Square,S,L,Round,R,Z,Square,S,handle,3YH-1,MGR9942,G,Round,R,VGR03,,,
3,Y,Z,Square,S,L,Round,R,Z,Square,S,handle,3YH-1,MGS9942,G,Square,S,VGS03,,◯,
3,Y,Z,Square,S,L,Round,R,G,Round,R,handle,3YH-1,MGR9942,G,Round,R,VGR03,,◯,
3,Y,Z,Square,S,L,Round,R,G,Round,R,handle,3YH-1,MGS9942,G,Square,S,VGS03,,,
3,Y,Z,Square,S,L,Round,R,G,Square,S,handle,3YH-1,MGR9942,G,Square,S,VGR03,,,
3,Y,Z,Square,S,L,Round,R,G,Square,S,handle,3YH-1,MGS9942,G,Square,S,VGS03,,◯,
3,Y,Z,Square,S,L,Round,R,L,Round,R,handle,3YH-1,MGR9942,G,Round,R,VGR03,,◯,
3,Y,Z,Square,S,L,Round,R,L,Round,R,handle,3YH-1,MGS9942,G,Square,S,VGS03,,,
3,Y,Z,Square,S,L,Round,R,Z,Square,S,handle,3YH-2,MGR9940,G,Round,R,VGR01,VGR13,,
3,Y,Z,Square,S,L,Round,R,Z,Square,S,handle,3YH-2,MGS9940,G,Square,S,VGS01,VGS13,,
3,Y,Z,Square,S,L,Round,R,G,Round,R,handle,3YH-2,MGR9940,G,Round,R,VGR01,VGR13,,
3,Y,Z,Square,S,L,Round,R,G,Round,R,handle,3YH-2,MGS9940,G,Square,S,VGS01,VGS13,,
3,Y,Z,Square,S,L,Round,R,G,Square,S,handle,3YH-2,MGR9940,G,Round,R,VGR01,VGR13,,
3,Y,Z,Square,S,L,Round,R,G,Square,S,handle,3YH-2,MGS9940,G,Square,S,VGS01,VGS13,,
3,Y,Z,Square,S,L,Round,R,L,Round,R,handle,3YH-2,MGR9940,G,Round,R,VGR01,VGR13,,
3,Y,Z,Square,S,L,Round,R,L,Round,R,handle,3YH-2,MGS9940,G,Square,S,VGS01,VGS13,,
3,Y,Z,Square,S,L,Round,R,Z,Square,S,handle,3YH-3,MGR9942,G,Round,R,VGR02,VGR02,,
3,Y,Z,Square,S,L,Round,R,Z,Square,S,handle,3YH-3,MGS9942,G,Square,S,VGS02,VGS02,,
3,Y,Z,Square,S,L,Round,R,G,Round,R,handle,3YH-3,MGR9942,G,Round,R,VGR02,VGR02,,
3,Y,Z,Square,S,L,Round,R,G,Round,R,handle,3YH-3,MGS9942,G,Square,S,VGS02,VGS02,,
3,Y,Z,Square,S,L,Round,R,G,Square,S,handle,3YH-3,MGR9942,G,Round,R,VGR02,VGR02,,
3,Y,Z,Square,S,L,Round,R,G,Square,S,handle,3YH-3,MGS9942,G,Square,S,VGS02,VGS02,,
3,Y,Z,Square,S,L,Round,R,L,Round,R,handle,3YH-3,MGR9942,G,Round,R,VGR02,VGR02,,
3,Y,Z,Square,S,L,Round,R,L,Round,R,handle,3YH-3,MGS9942,G,Square,S,VGS02,VGS02,,
3,Y,Z,Square,S,L,Round,R,Z,Square,S,switch,3YS-1,MGS9942B,G,Square,S,VGS03,,◯,
3,Y,Z,Square,S,L,Round,R,G,Round,R,switch,3YS-1,MGS9942B,G,Square,S,VGS03,,◯,
3,Y,Z,Square,S,L,Round,R,G,Square,S,switch,3YS-1,MGS9942B,G,Square,S,VGS03,,◯,
3,Y,Z,Square,S,L,Round,R,L,Round,R,switch,3YS-1,MGS9942B,G,Square,S,VGS03,,◯,
3,Y,Z,Square,S,L,Round,R,Z,Square,S,switch,3YS-2,MGS9943,G,Square,S,VGS01,VGS23,,
3,Y,Z,Square,S,L,Round,R,G,Round,R,switch,3YS-2,MGS9943,G,Square,S,VGS01,VGS23,,
3,Y,Z,Square,S,L,Round,R,G,Square,S,switch,3YS-2,MGS9943,G,Square,S,VGS01,VGS23,,
3,Y,Z,Square,S,L,Round,R,L,Round,R,switch,3YS-2,MGS9943,G,Square,S,VGS01,VGS23,,
3,Y,Z,Square,S,L,Round,R,Z,Square,S,switch,3YS-3,MGS9942B,G,Square,S,VGS02,VGS02,,
3,Y,Z,Square,S,L,Round,R,G,Round,R,switch,3YS-3,MGS9942B,G,Square,S,VGS02,VGS02,,
3,Y,Z,Square,S,L,Round,R,G,Square,S,switch,3YS-3,MGS9942B,G,Square,S,VGS02,VGS02,,
3,Y,Z,Square,S,L,Round,R,L,Round,R,switch,3YS-3,MGS9942B,G,Square,S,VGS02,VGS02,,
3,Y,Z,Square,S,L,Round,R,Z,Square,S,lever,3YL-1,MZS0232,Z,Square,S,VGS03,,◯,
3,Y,Z,Square,S,L,Round,R,Z,Square,S,lever,3YL-1,MGR1132,G,Round,R,VGR03,,,
3,Y,Z,Square,S,L,Round,R,Z,Square,S,lever,3YL-1,MGR0132,G,Round,R,VGR03,,,
3,Y,Z,Square,S,L,Round,R,Z,Square,S,lever,3YL-1,MGR0332,G,Round,R,VGR03,,,
3,Y,Z,Square,S,L,Round,R,Z,Square,S,lever,3YL-1,MGS0732,G,Square,S,VGS03,,,
3,Y,Z,Square,S,L,Round,R,Z,Square,S,lever,3YL-1,MGS0832,G,Square,S,VGS03,,,
3,Y,Z,Square,S,L,Round,R,Z,Square,S,lever,3YL-1,MGS0932,G,Square,S,VGS03,,,
3,Y,Z,Square,S,L,Round,R,Z,Square,S,lever,3YL-1,MGS1032,G,Square,S,VGS03,,,
3,Y,Z,Square,S,L,Round,R,Z,Square,S,lever,3YL-1,MGS0432,G,Square,S,VGS03,,,
3,Y,Z,Square,S,L,Round,R,Z,Square,S,lever,3YL-1,MGS0232,G,Square,S,VGS03,,,
3,Y,Z,Square,S,L,Round,R,Z,Square,S,lever,3YL-1,MLR0132,L,Round,R,VGR03,,,
3,Y,Z,Square,S,L,Round,R,Z,Square,S,lever,3YL-1,MLR0232,L,Round,R,VGR03,,,
3,Y,Z,Square,S,L,Round,R,Z,Square,S,lever,3YL-1,MLR0332,L,Round,R,VGR03,,,
3,Y,Z,Square,S,L,Round,R,Z,Square,S,lever,3YL-1,MLR0432,L,Round,R,VGR03,,,
3,Y,Z,Square,S,L,Round,R,G,Round,R,lever,3YL-1,MZS0232,Z,Square,S,VGS03,,,
3,Y,Z,Square,S,L,Round,R,G,Round,R,lever,3YL-1,MGR1132,G,Round,R,VGR03,,◯,
3,Y,Z,Square,S,L,Round,R,G,Round,R,lever,3YL-1,MGR0132,G,Round,R,VGR03,,◯,
3,Y,Z,Square,S,L,Round,R,G,Round,R,lever,3YL-1,MGR0332,G,Round,R,VGR03,,◯,
3,Y,Z,Square,S,L,Round,R,G,Round,R,lever,3YL-1,MGS0732,G,Square,S,VGS03,,,
3,Y,Z,Square,S,L,Round,R,G,Round,R,lever,3YL-1,MGS0832,G,Square,S,VGS03,,,
3,Y,Z,Square,S,L,Round,R,G,Round,R,lever,3YL-1,MGS0932,G,Square,S,VGS03,,,
3,Y,Z,Square,S,L,Round,R,G,Round,R,lever,3YL-1,MGS1032,G,Square,S,VGS03,,,
3,Y,Z,Square,S,L,Round,R,G,Round,R,lever,3YL-1,MGS0432,G,Square,S,VGS03,,,
3,Y,Z,Square,S,L,Round,R,G,Round,R,lever,3YL-1,MGS0232,G,Square,S,VGS03,,,
3,Y,Z,Square,S,L,Round,R,G,Round,R,lever,3YL-1,MLR0132,L,Round,R,VGR03,,,
3,Y,Z,Square,S,L,Round,R,G,Round,R,lever,3YL-1,MLR0232,L,Round,R,VGR03,,,
3,Y,Z,Square,S,L,Round,R,G,Round,R,lever,3YL-1,MLR0332,L,Round,R,VGR03,,,
3,Y,Z,Square,S,L,Round,R,G,Round,R,lever,3YL-1,MLR0432,L,Round,R,VGR03,,,
3,Y,Z,Square,S,L,Round,R,G,Square,S,lever,3YL-1,MZS0232,Z,Square,S,VGS03,,,
3,Y,Z,Square,S,L,Round,R,G,Square,S,lever,3YL-1,MGR1132,G,Round,R,VGR03,,,
3,Y,Z,Square,S,L,Round,R,G,Square,S,lever,3YL-1,MGR0132,G,Round,R,VGR03,,,
3,Y,Z,Square,S,L,Round,R,G,Square,S,lever,3YL-1,MGR0332,G,Round,R,VGR03,,,
3,Y,Z,Square,S,L,Round,R,G,Square,S,lever,3YL-1,MGS0732,G,Square,S,VGS03,,◯,⇒OHSがZのため、バルブをZで選定すべきか？
3,Y,Z,Square,S,L,Round,R,G,Square,S,lever,3YL-1,MGS0832,G,Square,S,VGS03,,◯,⇒OHSがZのため、バルブをZで選定すべきか？
3,Y,Z,Square,S,L,Round,R,G,Square,S,lever,3YL-1,MGS0932,G,Square,S,VGS03,,◯,⇒OHSがZのため、バルブをZで選定すべきか？
3,Y,Z,Square,S,L,Round,R,G,Square,S,lever,3YL-1,MGS1032,G,Square,S,VGS03,,◯,⇒OHSがZのため、バルブをZで選定すべきか？
3,Y,Z,Square,S,L,Round,R,G,Square,S,lever,3YL-1,MGS0432,G,Square,S,VGS03,,◯,⇒OHSがZのため、バルブをZで選定すべきか？
3,Y,Z,Square,S,L,Round,R,G,Square,S,lever,3YL-1,MGS0232,G,Square,S,VGS03,,◯,⇒OHSがZのため、バルブをZで選定すべきか？
3,Y,Z,Square,S,L,Round,R,G,Square,S,lever,3YL-1,MLR0132,L,Round,R,VGR03,,,
3,Y,Z,Square,S,L,Round,R,G,Square,S,lever,3YL-1,MLR0232,L,Round,R,VGR03,,,
3,Y,Z,Square,S,L,Round,R,G,Square,S,lever,3YL-1,MLR0332,L,Round,R,VGR03,,,
3,Y,Z,Square,S,L,Round,R,G,Square,S,lever,3YL-1,MLR0432,L,Round,R,VGR03,,,
3,Y,Z,Square,S,L,Round,R,L,Round,R,lever,3YL-1,MZS0232,Z,Square,S,VGS03,,,
3,Y,Z,Square,S,L,Round,R,L,Round,R,lever,3YL-1,MGR1132,G,Round,R,VGR03,,,
3,Y,Z,Square,S,L,Round,R,L,Round,R,lever,3YL-1,MGR0132,G,Round,R,VGR03,,,
3,Y,Z,Square,S,L,Round,R,L,Round,R,lever,3YL-1,MGR0332,G,Round,R,VGR03,,,
3,Y,Z,Square,S,L,Round,R,L,Round,R,lever,3YL-1,MGS0732,G,Square,S,VGS03,,,
3,Y,Z,Square,S,L,Round,R,L,Round,R,lever,3YL-1,MGS0832,G,Square,S,VGS03,,,
3,Y,Z,Square,S,L,Round,R,L,Round,R,lever,3YL-1,MGS0932,G,Square,S,VGS03,,,
3,Y,Z,Square,S,L,Round,R,L,Round,R,lever,3YL-1,MGS1032,G,Square,S,VGS03,,,
3,Y,Z,Square,S,L,Round,R,L,Round,R,lever,3YL-1,MGS0432,G,Square,S,VGS03,,,
3,Y,Z,Square,S,L,Round,R,L,Round,R,lever,3YL-1,MGS0232,G,Square,S,VGS03,,,
3,Y,Z,Square,S,L,Round,R,L,Round,R,lever,3YL-1,MLR0132,L,Round,R,VGR03,,◯,
3,Y,Z,Square,S,L,Round,R,L,Round,R,lever,3YL-1,MLR0232,L,Round,R,VGR03,,◯,
3,Y,Z,Square,S,L,Round,R,L,Round,R,lever,3YL-1,MLR0332,L,Round,R,VGR03,,◯,
3,Y,Z,Square,S,L,Round,R,L,Round,R,lever,3YL-1,MLR0432,L,Round,R,VGR03,,◯,
3,Y,Z,Square,S,L,Round,R,Z,Square,S,lever,3YL-2,MZS0231,Z,Square,S,VGS03,VGS02,,
3,Y,Z,Square,S,L,Round,R,Z,Square,S,lever,3YL-2,MGR1131,G,Round,R,VGR03,VGR02,,
3,Y,Z,Square,S,L,Round,R,Z,Square,S,lever,3YL-2,MGR0131,G,Round,R,VGR03,VGR02,,
3,Y,Z,Square,S,L,Round,R,Z,Square,S,lever,3YL-2,MGR0331,G,Round,R,VGR03,VGR02,,
3,Y,Z,Square,S,L,Round,R,Z,Square,S,lever,3YL-2,MGS0731,G,Square,S,VGS03,VGS02,,
3,Y,Z,Square,S,L,Round,R,Z,Square,S,lever,3YL-2,MGS0831,G,Square,S,VGS03,VGS02,,
3,Y,Z,Square,S,L,Round,R,Z,Square,S,lever,3YL-2,MGS0931,G,Square,S,VGS03,VGS02,,
3,Y,Z,Square,S,L,Round,R,Z,Square,S,lever,3YL-2,MGS1031,G,Square,S,VGS03,VGS02,,
3,Y,Z,Square,S,L,Round,R,Z,Square,S,lever,3YL-2,MGS0431,G,Square,S,VGS03,VGS02,,
3,Y,Z,Square,S,L,Round,R,Z,Square,S,lever,3YL-2,MGS0231,G,Square,S,VGS03,VGS02,,
3,Y,Z,Square,S,L,Round,R,Z,Square,S,lever,3YL-2,MLR0131,L,Round,R,VGR03,VGR02,,
3,Y,Z,Square,S,L,Round,R,Z,Square,S,lever,3YL-2,MLR0231,L,Round,R,VGR03,VGR02,,
3,Y,Z,Square,S,L,Round,R,Z,Square,S,lever,3YL-2,MLR0331,L,Round,R,VGR03,VGR02,,
3,Y,Z,Square,S,L,Round,R,Z,Square,S,lever,3YL-2,MLR0431,L,Round,R,VGR03,VGR02,,
3,Y,Z,Square,S,L,Round,R,G,Round,R,lever,3YL-2,MZS0231,Z,Square,S,VGS03,VGS02,,
3,Y,Z,Square,S,L,Round,R,G,Round,R,lever,3YL-2,MGR1131,G,Round,R,VGR03,VGR02,,
3,Y,Z,Square,S,L,Round,R,G,Round,R,lever,3YL-2,MGR0131,G,Round,R,VGR03,VGR02,,
3,Y,Z,Square,S,L,Round,R,G,Round,R,lever,3YL-2,MGR0331,G,Round,R,VGR03,VGR02,,
3,Y,Z,Square,S,L,Round,R,G,Round,R,lever,3YL-2,MGS0731,G,Square,S,VGS03,VGS02,,
3,Y,Z,Square,S,L,Round,R,G,Round,R,lever,3YL-2,MGS0831,G,Square,S,VGS03,VGS02,,
3,Y,Z,Square,S,L,Round,R,G,Round,R,lever,3YL-2,MGS0931,G,Square,S,VGS03,VGS02,,
3,Y,Z,Square,S,L,Round,R,G,Round,R,lever,3YL-2,MGS1031,G,Square,S,VGS03,VGS02,,
3,Y,Z,Square,S,L,Round,R,G,Round,R,lever,3YL-2,MGS0431,G,Square,S,VGS03,VGS02,,
3,Y,Z,Square,S,L,Round,R,G,Round,R,lever,3YL-2,MGS0231,G,Square,S,VGS03,VGS02,,
3,Y,Z,Square,S,L,Round,R,G,Round,R,lever,3YL-2,MLR0131,L,Round,R,VGR03,VGR02,,
3,Y,Z,Square,S,L,Round,R,G,Round,R,lever,3YL-2,MLR0231,L,Round,R,VGR03,VGR02,,
3,Y,Z,Square,S,L,Round,R,G,Round,R,lever,3YL-2,MLR0331,L,Round,R,VGR03,VGR02,,
3,Y,Z,Square,S,L,Round,R,G,Round,R,lever,3YL-2,MLR0431,L,Round,R,VGR03,VGR02,,
3,Y,Z,Square,S,L,Round,R,G,Square,S,lever,3YL-2,MZS0231,Z,Square,S,VGS03,VGS02,,
3,Y,Z,Square,S,L,Round,R,G,Square,S,lever,3YL-2,MGR1131,G,Round,R,VGR03,VGR02,,
3,Y,Z,Square,S,L,Round,R,G,Square,S,lever,3YL-2,MGR0131,G,Round,R,VGR03,VGR02,,
3,Y,Z,Square,S,L,Round,R,G,Square,S,lever,3YL-2,MGR0331,G,Round,R,VGR03,VGR02,,
3,Y,Z,Square,S,L,Round,R,G,Square,S,lever,3YL-2,MGS0731,G,Square,S,VGS03,VGS02,,
3,Y,Z,Square,S,L,Round,R,G,Square,S,lever,3YL-2,MGS0831,G,Square,S,VGS03,VGS02,,
3,Y,Z,Square,S,L,Round,R,G,Square,S,lever,3YL-2,MGS0931,G,Square,S,VGS03,VGS02,,
3,Y,Z,Square,S,L,Round,R,G,Square,S,lever,3YL-2,MGS1031,G,Square,S,VGS03,VGS02,,
3,Y,Z,Square,S,L,Round,R,G,Square,S,lever,3YL-2,MGS0431,G,Square,S,VGS03,VGS02,,
3,Y,Z,Square,S,L,Round,R,G,Square,S,lever,3YL-2,MGS0231,G,Square,S,VGS03,VGS02,,
3,Y,Z,Square,S,L,Round,R,G,Square,S,lever,3YL-2,MLR0131,L,Round,R,VGR03,VGR02,,
3,Y,Z,Square,S,L,Round,R,G,Square,S,lever,3YL-2,MLR0231,L,Round,R,VGR03,VGR02,,
3,Y,Z,Square,S,L,Round,R,G,Square,S,lever,3YL-2,MLR0331,L,Round,R,VGR03,VGR02,,
3,Y,Z,Square,S,L,Round,R,G,Square,S,lever,3YL-2,MLR0431,L,Round,R,VGR03,VGR02,,
3,Y,Z,Square,S,L,Round,R,L,Round,R,lever,3YL-2,MZS0231,Z,Square,S,VGS03,VGS02,,
3,Y,Z,Square,S,L,Round,R,L,Round,R,lever,3YL-2,MGR1131,G,Round,R,VGR03,VGR02,,
3,Y,Z,Square,S,L,Round,R,L,Round,R,lever,3YL-2,MGR0131,G,Round,R,VGR03,VGR02,,
3,Y,Z,Square,S,L,Round,R,L,Round,R,lever,3YL-2,MGR0331,G,Round,R,VGR03,VGR02,,
3,Y,Z,Square,S,L,Round,R,L,Round,R,lever,3YL-2,MGS0731,G,Square,S,VGS03,VGS02,,
3,Y,Z,Square,S,L,Round,R,L,Round,R,lever,3YL-2,MGS0831,G,Square,S,VGS03,VGS02,,
3,Y,Z,Square,S,L,Round,R,L,Round,R,lever,3YL-2,MGS0931,G,Square,S,VGS03,VGS02,,
3,Y,Z,Square,S,L,Round,R,L,Round,R,lever,3YL-2,MGS1031,G,Square,S,VGS03,VGS02,,
3,Y,Z,Square,S,L,Round,R,L,Round,R,lever,3YL-2,MGS0431,G,Square,S,VGS03,VGS02,,
3,Y,Z,Square,S,L,Round,R,L,Round,R,lever,3YL-2,MGS0231,G,Square,S,VGS03,VGS02,,
3,Y,Z,Square,S,L,Round,R,L,Round,R,lever,3YL-2,MLR0131,L,Round,R,VGR03,VGR02,,
3,Y,Z,Square,S,L,Round,R,L,Round,R,lever,3YL-2,MLR0231,L,Round,R,VGR03,VGR02,,
3,Y,Z,Square,S,L,Round,R,L,Round,R,lever,3YL-2,MLR0331,L,Round,R,VGR03,VGR02,,
3,Y,Z,Square,S,L,Round,R,L,Round,R,lever,3YL-2,MLR0431,L,Round,R,VGR03,VGR02,,
3,Y,Z,Square,S,G,Square,S,Z,Square,S,handle,3YH-1,MGR9942,G,Round,R,VGR03,,,
3,Y,Z,Square,S,G,Square,S,Z,Square,S,handle,3YH-1,MGS9942,G,Square,S,VGS03,,◯,
3,Y,Z,Square,S,G,Square,S,G,Round,R,handle,3YH-1,MGR9942,G,Round,R,VGR03,,◯,
3,Y,Z,Square,S,G,Square,S,G,Round,R,handle,3YH-1,MGS9942,G,Square,S,VGS03,,,
3,Y,Z,Square,S,G,Square,S,G,Square,S,handle,3YH-1,MGR9942,G,Square,S,VGR03,,,
3,Y,Z,Square,S,G,Square,S,G,Square,S,handle,3YH-1,MGS9942,G,Square,S,VGS03,,◯,
3,Y,Z,Square,S,G,Square,S,L,Round,R,handle,3YH-1,MGR9942,G,Round,R,VGR03,,◯,
3,Y,Z,Square,S,G,Square,S,L,Round,R,handle,3YH-1,MGS9942,G,Square,S,VGS03,,,
3,Y,Z,Square,S,G,Square,S,Z,Square,S,handle,3YH-2,MGR9940,G,Round,R,VGR01,VGR13,,
3,Y,Z,Square,S,G,Square,S,Z,Square,S,handle,3YH-2,MGS9940,G,Square,S,VGS01,VGS13,,
3,Y,Z,Square,S,G,Square,S,G,Round,R,handle,3YH-2,MGR9940,G,Round,R,VGR01,VGR13,,
3,Y,Z,Square,S,G,Square,S,G,Round,R,handle,3YH-2,MGS9940,G,Square,S,VGS01,VGS13,,
3,Y,Z,Square,S,G,Square,S,G,Square,S,handle,3YH-2,MGR9940,G,Round,R,VGR01,VGR13,,
3,Y,Z,Square,S,G,Square,S,G,Square,S,handle,3YH-2,MGS9940,G,Square,S,VGS01,VGS13,,
3,Y,Z,Square,S,G,Square,S,L,Round,R,handle,3YH-2,MGR9940,G,Round,R,VGR01,VGR13,,
3,Y,Z,Square,S,G,Square,S,L,Round,R,handle,3YH-2,MGS9940,G,Square,S,VGS01,VGS13,,
3,Y,Z,Square,S,G,Square,S,Z,Square,S,handle,3YH-3,MGR9942,G,Round,R,VGR02,VGR02,,
3,Y,Z,Square,S,G,Square,S,Z,Square,S,handle,3YH-3,MGS9942,G,Square,S,VGS02,VGS02,,
3,Y,Z,Square,S,G,Square,S,G,Round,R,handle,3YH-3,MGR9942,G,Round,R,VGR02,VGR02,,
3,Y,Z,Square,S,G,Square,S,G,Round,R,handle,3YH-3,MGS9942,G,Square,S,VGS02,VGS02,,
3,Y,Z,Square,S,G,Square,S,G,Square,S,handle,3YH-3,MGR9942,G,Round,R,VGR02,VGR02,,
3,Y,Z,Square,S,G,Square,S,G,Square,S,handle,3YH-3,MGS9942,G,Square,S,VGS02,VGS02,,
3,Y,Z,Square,S,G,Square,S,L,Round,R,handle,3YH-3,MGR9942,G,Round,R,VGR02,VGR02,,
3,Y,Z,Square,S,G,Square,S,L,Round,R,handle,3YH-3,MGS9942,G,Square,S,VGS02,VGS02,,
3,Y,Z,Square,S,G,Square,S,Z,Square,S,switch,3YS-1,MGS9942B,G,Square,S,VGS03,,◯,
3,Y,Z,Square,S,G,Square,S,G,Round,R,switch,3YS-1,MGS9942B,G,Square,S,VGS03,,◯,
3,Y,Z,Square,S,G,Square,S,G,Square,S,switch,3YS-1,MGS9942B,G,Square,S,VGS03,,◯,
3,Y,Z,Square,S,G,Square,S,L,Round,R,switch,3YS-1,MGS9942B,G,Square,S,VGS03,,◯,
3,Y,Z,Square,S,G,Square,S,Z,Square,S,switch,3YS-2,MGS9943,G,Square,S,VGS01,VGS23,,
3,Y,Z,Square,S,G,Square,S,G,Round,R,switch,3YS-2,MGS9943,G,Square,S,VGS01,VGS23,,
3,Y,Z,Square,S,G,Square,S,G,Square,S,switch,3YS-2,MGS9943,G,Square,S,VGS01,VGS23,,
3,Y,Z,Square,S,G,Square,S,L,Round,R,switch,3YS-2,MGS9943,G,Square,S,VGS01,VGS23,,
3,Y,Z,Square,S,G,Square,S,Z,Square,S,switch,3YS-3,MGS9942B,G,Square,S,VGS02,VGS02,,
3,Y,Z,Square,S,G,Square,S,G,Round,R,switch,3YS-3,MGS9942B,G,Square,S,VGS02,VGS02,,
3,Y,Z,Square,S,G,Square,S,G,Square,S,switch,3YS-3,MGS9942B,G,Square,S,VGS02,VGS02,,
3,Y,Z,Square,S,G,Square,S,L,Round,R,switch,3YS-3,MGS9942B,G,Square,S,VGS02,VGS02,,
3,Y,Z,Square,S,G,Square,S,Z,Square,S,lever,3YL-1,MZS0232,Z,Square,S,VGS03,,◯,
3,Y,Z,Square,S,G,Square,S,Z,Square,S,lever,3YL-1,MGR1132,G,Round,R,VGR03,,,
3,Y,Z,Square,S,G,Square,S,Z,Square,S,lever,3YL-1,MGR0132,G,Round,R,VGR03,,,
3,Y,Z,Square,S,G,Square,S,Z,Square,S,lever,3YL-1,MGR0332,G,Round,R,VGR03,,,
3,Y,Z,Square,S,G,Square,S,Z,Square,S,lever,3YL-1,MGS0732,G,Square,S,VGS03,,,
3,Y,Z,Square,S,G,Square,S,Z,Square,S,lever,3YL-1,MGS0832,G,Square,S,VGS03,,,
3,Y,Z,Square,S,G,Square,S,Z,Square,S,lever,3YL-1,MGS0932,G,Square,S,VGS03,,,
3,Y,Z,Square,S,G,Square,S,Z,Square,S,lever,3YL-1,MGS1032,G,Square,S,VGS03,,,
3,Y,Z,Square,S,G,Square,S,Z,Square,S,lever,3YL-1,MGS0432,G,Square,S,VGS03,,,
3,Y,Z,Square,S,G,Square,S,Z,Square,S,lever,3YL-1,MGS0232,G,Square,S,VGS03,,,
3,Y,Z,Square,S,G,Square,S,Z,Square,S,lever,3YL-1,MLR0132,L,Round,R,VGR03,,,
3,Y,Z,Square,S,G,Square,S,Z,Square,S,lever,3YL-1,MLR0232,L,Round,R,VGR03,,,
3,Y,Z,Square,S,G,Square,S,Z,Square,S,lever,3YL-1,MLR0332,L,Round,R,VGR03,,,
3,Y,Z,Square,S,G,Square,S,Z,Square,S,lever,3YL-1,MLR0432,L,Round,R,VGR03,,,
3,Y,Z,Square,S,G,Square,S,G,Round,R,lever,3YL-1,MZS0232,Z,Square,S,VGS03,,,
3,Y,Z,Square,S,G,Square,S,G,Round,R,lever,3YL-1,MGR1132,G,Round,R,VGR03,,◯,
3,Y,Z,Square,S,G,Square,S,G,Round,R,lever,3YL-1,MGR0132,G,Round,R,VGR03,,◯,
3,Y,Z,Square,S,G,Square,S,G,Round,R,lever,3YL-1,MGR0332,G,Round,R,VGR03,,◯,
3,Y,Z,Square,S,G,Square,S,G,Round,R,lever,3YL-1,MGS0732,G,Square,S,VGS03,,,
3,Y,Z,Square,S,G,Square,S,G,Round,R,lever,3YL-1,MGS0832,G,Square,S,VGS03,,,
3,Y,Z,Square,S,G,Square,S,G,Round,R,lever,3YL-1,MGS0932,G,Square,S,VGS03,,,
3,Y,Z,Square,S,G,Square,S,G,Round,R,lever,3YL-1,MGS1032,G,Square,S,VGS03,,,
3,Y,Z,Square,S,G,Square,S,G,Round,R,lever,3YL-1,MGS0432,G,Square,S,VGS03,,,
3,Y,Z,Square,S,G,Square,S,G,Round,R,lever,3YL-1,MGS0232,G,Square,S,VGS03,,,
3,Y,Z,Square,S,G,Square,S,G,Round,R,lever,3YL-1,MLR0132,L,Round,R,VGR03,,,
3,Y,Z,Square,S,G,Square,S,G,Round,R,lever,3YL-1,MLR0232,L,Round,R,VGR03,,,
3,Y,Z,Square,S,G,Square,S,G,Round,R,lever,3YL-1,MLR0332,L,Round,R,VGR03,,,
3,Y,Z,Square,S,G,Square,S,G,Round,R,lever,3YL-1,MLR0432,L,Round,R,VGR03,,,
3,Y,Z,Square,S,G,Square,S,G,Square,S,lever,3YL-1,MZS0232,Z,Square,S,VGS03,,,
3,Y,Z,Square,S,G,Square,S,G,Square,S,lever,3YL-1,MGR1132,G,Round,R,VGR03,,,
3,Y,Z,Square,S,G,Square,S,G,Square,S,lever,3YL-1,MGR0132,G,Round,R,VGR03,,,
3,Y,Z,Square,S,G,Square,S,G,Square,S,lever,3YL-1,MGR0332,G,Round,R,VGR03,,,
3,Y,Z,Square,S,G,Square,S,G,Square,S,lever,3YL-1,MGS0732,G,Square,S,VGS03,,◯,⇒OHSがZのため、バルブをZで選定すべきか？
3,Y,Z,Square,S,G,Square,S,G,Square,S,lever,3YL-1,MGS0832,G,Square,S,VGS03,,◯,⇒OHSがZのため、バルブをZで選定すべきか？
3,Y,Z,Square,S,G,Square,S,G,Square,S,lever,3YL-1,MGS0932,G,Square,S,VGS03,,◯,⇒OHSがZのため、バルブをZで選定すべきか？
3,Y,Z,Square,S,G,Square,S,G,Square,S,lever,3YL-1,MGS1032,G,Square,S,VGS03,,◯,⇒OHSがZのため、バルブをZで選定すべきか？
3,Y,Z,Square,S,G,Square,S,G,Square,S,lever,3YL-1,MGS0432,G,Square,S,VGS03,,◯,⇒OHSがZのため、バルブをZで選定すべきか？
3,Y,Z,Square,S,G,Square,S,G,Square,S,lever,3YL-1,MGS0232,G,Square,S,VGS03,,◯,⇒OHSがZのため、バルブをZで選定すべきか？
3,Y,Z,Square,S,G,Square,S,G,Square,S,lever,3YL-1,MLR0132,L,Round,R,VGR03,,,
3,Y,Z,Square,S,G,Square,S,G,Square,S,lever,3YL-1,MLR0232,L,Round,R,VGR03,,,
3,Y,Z,Square,S,G,Square,S,G,Square,S,lever,3YL-1,MLR0332,L,Round,R,VGR03,,,
3,Y,Z,Square,S,G,Square,S,G,Square,S,lever,3YL-1,MLR0432,L,Round,R,VGR03,,,
3,Y,Z,Square,S,G,Square,S,L,Round,R,lever,3YL-1,MZS0232,Z,Square,S,VGS03,,,
3,Y,Z,Square,S,G,Square,S,L,Round,R,lever,3YL-1,MGR1132,G,Round,R,VGR03,,,
3,Y,Z,Square,S,G,Square,S,L,Round,R,lever,3YL-1,MGR0132,G,Round,R,VGR03,,,
3,Y,Z,Square,S,G,Square,S,L,Round,R,lever,3YL-1,MGR0332,G,Round,R,VGR03,,,
3,Y,Z,Square,S,G,Square,S,L,Round,R,lever,3YL-1,MGS0732,G,Square,S,VGS03,,,
3,Y,Z,Square,S,G,Square,S,L,Round,R,lever,3YL-1,MGS0832,G,Square,S,VGS03,,,
3,Y,Z,Square,S,G,Square,S,L,Round,R,lever,3YL-1,MGS0932,G,Square,S,VGS03,,,
3,Y,Z,Square,S,G,Square,S,L,Round,R,lever,3YL-1,MGS1032,G,Square,S,VGS03,,,
3,Y,Z,Square,S,G,Square,S,L,Round,R,lever,3YL-1,MGS0432,G,Square,S,VGS03,,,
3,Y,Z,Square,S,G,Square,S,L,Round,R,lever,3YL-1,MGS0232,G,Square,S,VGS03,,,
3,Y,Z,Square,S,G,Square,S,L,Round,R,lever,3YL-1,MLR0132,L,Round,R,VGR03,,◯,
3,Y,Z,Square,S,G,Square,S,L,Round,R,lever,3YL-1,MLR0232,L,Round,R,VGR03,,◯,
3,Y,Z,Square,S,G,Square,S,L,Round,R,lever,3YL-1,MLR0332,L,Round,R,VGR03,,◯,
3,Y,Z,Square,S,G,Square,S,L,Round,R,lever,3YL-1,MLR0432,L,Round,R,VGR03,,◯,
3,Y,Z,Square,S,G,Square,S,Z,Square,S,lever,3YL-2,MZS0231,Z,Square,S,VGS03,VGS02,,
3,Y,Z,Square,S,G,Square,S,Z,Square,S,lever,3YL-2,MGR1131,G,Round,R,VGR03,VGR02,,
3,Y,Z,Square,S,G,Square,S,Z,Square,S,lever,3YL-2,MGR0131,G,Round,R,VGR03,VGR02,,
3,Y,Z,Square,S,G,Square,S,Z,Square,S,lever,3YL-2,MGR0331,G,Round,R,VGR03,VGR02,,
3,Y,Z,Square,S,G,Square,S,Z,Square,S,lever,3YL-2,MGS0731,G,Square,S,VGS03,VGS02,,
3,Y,Z,Square,S,G,Square,S,Z,Square,S,lever,3YL-2,MGS0831,G,Square,S,VGS03,VGS02,,
3,Y,Z,Square,S,G,Square,S,Z,Square,S,lever,3YL-2,MGS0931,G,Square,S,VGS03,VGS02,,
3,Y,Z,Square,S,G,Square,S,Z,Square,S,lever,3YL-2,MGS1031,G,Square,S,VGS03,VGS02,,
3,Y,Z,Square,S,G,Square,S,Z,Square,S,lever,3YL-2,MGS0431,G,Square,S,VGS03,VGS02,,
3,Y,Z,Square,S,G,Square,S,Z,Square,S,lever,3YL-2,MGS0231,G,Square,S,VGS03,VGS02,,
3,Y,Z,Square,S,G,Square,S,Z,Square,S,lever,3YL-2,MLR0131,L,Round,R,VGR03,VGR02,,
3,Y,Z,Square,S,G,Square,S,Z,Square,S,lever,3YL-2,MLR0231,L,Round,R,VGR03,VGR02,,
3,Y,Z,Square,S,G,Square,S,Z,Square,S,lever,3YL-2,MLR0331,L,Round,R,VGR03,VGR02,,
3,Y,Z,Square,S,G,Square,S,Z,Square,S,lever,3YL-2,MLR0431,L,Round,R,VGR03,VGR02,,
3,Y,Z,Square,S,G,Square,S,G,Round,R,lever,3YL-2,MZS0231,Z,Square,S,VGS03,VGS02,,
3,Y,Z,Square,S,G,Square,S,G,Round,R,lever,3YL-2,MGR1131,G,Round,R,VGR03,VGR02,,
3,Y,Z,Square,S,G,Square,S,G,Round,R,lever,3YL-2,MGR0131,G,Round,R,VGR03,VGR02,,
3,Y,Z,Square,S,G,Square,S,G,Round,R,lever,3YL-2,MGR0331,G,Round,R,VGR03,VGR02,,
3,Y,Z,Square,S,G,Square,S,G,Round,R,lever,3YL-2,MGS0731,G,Square,S,VGS03,VGS02,,
3,Y,Z,Square,S,G,Square,S,G,Round,R,lever,3YL-2,MGS0831,G,Square,S,VGS03,VGS02,,
3,Y,Z,Square,S,G,Square,S,G,Round,R,lever,3YL-2,MGS0931,G,Square,S,VGS03,VGS02,,
3,Y,Z,Square,S,G,Square,S,G,Round,R,lever,3YL-2,MGS1031,G,Square,S,VGS03,VGS02,,
3,Y,Z,Square,S,G,Square,S,G,Round,R,lever,3YL-2,MGS0431,G,Square,S,VGS03,VGS02,,
3,Y,Z,Square,S,G,Square,S,G,Round,R,lever,3YL-2,MGS0231,G,Square,S,VGS03,VGS02,,
3,Y,Z,Square,S,G,Square,S,G,Round,R,lever,3YL-2,MLR0131,L,Round,R,VGR03,VGR02,,
3,Y,Z,Square,S,G,Square,S,G,Round,R,lever,3YL-2,MLR0231,L,Round,R,VGR03,VGR02,,
3,Y,Z,Square,S,G,Square,S,G,Round,R,lever,3YL-2,MLR0331,L,Round,R,VGR03,VGR02,,
3,Y,Z,Square,S,G,Square,S,G,Round,R,lever,3YL-2,MLR0431,L,Round,R,VGR03,VGR02,,
3,Y,Z,Square,S,G,Square,S,G,Square,S,lever,3YL-2,MZS0231,Z,Square,S,VGS03,VGS02,,
3,Y,Z,Square,S,G,Square,S,G,Square,S,lever,3YL-2,MGR1131,G,Round,R,VGR03,VGR02,,
3,Y,Z,Square,S,G,Square,S,G,Square,S,lever,3YL-2,MGR0131,G,Round,R,VGR03,VGR02,,
3,Y,Z,Square,S,G,Square,S,G,Square,S,lever,3YL-2,MGR0331,G,Round,R,VGR03,VGR02,,
3,Y,Z,Square,S,G,Square,S,G,Square,S,lever,3YL-2,MGS0731,G,Square,S,VGS03,VGS02,,
3,Y,Z,Square,S,G,Square,S,G,Square,S,lever,3YL-2,MGS0831,G,Square,S,VGS03,VGS02,,
3,Y,Z,Square,S,G,Square,S,G,Square,S,lever,3YL-2,MGS0931,G,Square,S,VGS03,VGS02,,
3,Y,Z,Square,S,G,Square,S,G,Square,S,lever,3YL-2,MGS1031,G,Square,S,VGS03,VGS02,,
3,Y,Z,Square,S,G,Square,S,G,Square,S,lever,3YL-2,MGS0431,G,Square,S,VGS03,VGS02,,
3,Y,Z,Square,S,G,Square,S,G,Square,S,lever,3YL-2,MGS0231,G,Square,S,VGS03,VGS02,,
3,Y,Z,Square,S,G,Square,S,G,Square,S,lever,3YL-2,MLR0131,L,Round,R,VGR03,VGR02,,
3,Y,Z,Square,S,G,Square,S,G,Square,S,lever,3YL-2,MLR0231,L,Round,R,VGR03,VGR02,,
3,Y,Z,Square,S,G,Square,S,G,Square,S,lever,3YL-2,MLR0331,L,Round,R,VGR03,VGR02,,
3,Y,Z,Square,S,G,Square,S,G,Square,S,lever,3YL-2,MLR0431,L,Round,R,VGR03,VGR02,,
3,Y,Z,Square,S,G,Square,S,L,Round,R,lever,3YL-2,MZS0231,Z,Square,S,VGS03,VGS02,,
3,Y,Z,Square,S,G,Square,S,L,Round,R,lever,3YL-2,MGR1131,G,Round,R,VGR03,VGR02,,
3,Y,Z,Square,S,G,Square,S,L,Round,R,lever,3YL-2,MGR0131,G,Round,R,VGR03,VGR02,,
3,Y,Z,Square,S,G,Square,S,L,Round,R,lever,3YL-2,MGR0331,G,Round,R,VGR03,VGR02,,
3,Y,Z,Square,S,G,Square,S,L,Round,R,lever,3YL-2,MGS0731,G,Square,S,VGS03,VGS02,,
3,Y,Z,Square,S,G,Square,S,L,Round,R,lever,3YL-2,MGS0831,G,Square,S,VGS03,VGS02,,
3,Y,Z,Square,S,G,Square,S,L,Round,R,lever,3YL-2,MGS0931,G,Square,S,VGS03,VGS02,,
3,Y,Z,Square,S,G,Square,S,L,Round,R,lever,3YL-2,MGS1031,G,Square,S,VGS03,VGS02,,
3,Y,Z,Square,S,G,Square,S,L,Round,R,lever,3YL-2,MGS0431,G,Square,S,VGS03,VGS02,,
3,Y,Z,Square,S,G,Square,S,L,Round,R,lever,3YL-2,MGS0231,G,Square,S,VGS03,VGS02,,
3,Y,Z,Square,S,G,Square,S,L,Round,R,lever,3YL-2,MLR0132,L,Round,R,VGR03,VGR02,,
3,Y,Z,Square,S,G,Square,S,L,Round,R,lever,3YL-2,MLR0231,L,Round,R,VGR03,VGR02,,
3,Y,Z,Square,S,G,Square,S,L,Round,R,lever,3YL-2,MLR0331,L,Round,R,VGR03,VGR02,,
3,Y,Z,Square,S,G,Square,S,L,Round,R,lever,3YL-2,MLR0431,L,Round,R,VGR03,VGR02,,
3,N,G,Round,R,G,Round,R,Z,Square,S,handle,3NH-1,MGR9940,G,Round,R,VGR13,,◯,
3,N,G,Round,R,G,Round,R,Z,Square,S,handle,3NH-1,MGS9940,G,Square,S,VGS13,,,
3,N,G,Round,R,G,Round,R,G,Round,R,handle,3NH-1,MGR9940,G,Round,R,VGR13,,◯,
3,N,G,Round,R,G,Round,R,G,Round,R,handle,3NH-1,MGS9940,G,Square,S,VGS13,,,
3,N,G,Round,R,G,Round,R,G,Square,S,handle,3NH-1,MGR9940,G,Round,R,VGR13,,,
3,N,G,Round,R,G,Round,R,G,Square,S,handle,3NH-1,MGS9940,G,Square,S,VGS13,,◯,
3,N,G,Round,R,G,Round,R,L,Round,R,handle,3NH-1,MGR9940,G,Round,R,VGR13,,◯,
3,N,G,Round,R,G,Round,R,L,Round,R,handle,3NH-1,MGS9940,G,Square,S,VGS13,,,
3,N,G,Round,R,G,Round,R,Z,Square,S,handle,3NH-2,MGR9942,G,Round,R,VGR02,,,
3,N,G,Round,R,G,Round,R,Z,Square,S,handle,3NH-2,MGS9942,G,Square,S,VGS02,,,
3,N,G,Round,R,G,Round,R,G,Round,R,handle,3NH-2,MGR9942,G,Round,R,VGR02,,,
3,N,G,Round,R,G,Round,R,G,Round,R,handle,3NH-2,MGS9942,G,Square,S,VGS02,,,
3,N,G,Round,R,G,Round,R,G,Square,S,handle,3NH-2,MGR9942,G,Round,R,VGR02,,,
3,N,G,Round,R,G,Round,R,G,Square,S,handle,3NH-2,MGS9942,G,Square,S,VGS02,,,
3,N,G,Round,R,G,Round,R,L,Round,R,handle,3NH-2,MGR9942,G,Round,R,VGR02,,,
3,N,G,Round,R,G,Round,R,L,Round,R,handle,3NH-2,MGS9942,G,Square,S,VGS02,,,
3,N,G,Round,R,G,Round,R,Z,Square,S,switch,3NS-1,MGS9943,G,Square,S,VGS23,,◯,
3,N,G,Round,R,G,Round,R,G,Round,R,switch,3NS-1,MGS9943,G,Square,S,VGS23,,◯,
3,N,G,Round,R,G,Round,R,G,Square,S,switch,3NS-1,MGS9943,G,Square,S,VGS23,,◯,
3,N,G,Round,R,G,Round,R,L,Round,R,switch,3NS-1,MGS9943,G,Square,S,VGS23,,◯,
3,N,G,Round,R,G,Round,R,Z,Square,S,switch,3NS-2,MGS9941B,G,Square,S,VGS03,,,
3,N,G,Round,R,G,Round,R,G,Round,R,switch,3NS-2,MGS9941B,G,Square,S,VGS03,,,
3,N,G,Round,R,G,Round,R,G,Square,S,switch,3NS-2,MGS9941B,G,Square,S,VGS03,,,
3,N,G,Round,R,G,Round,R,L,Round,R,switch,3NS-2,MGS9941B,G,Square,S,VGS03,,,
3,N,G,Round,R,G,Round,R,Z,Square,S,switch,3NS-3,MGS9942B,G,Square,S,VGS02,,,
3,N,G,Round,R,G,Round,R,G,Round,R,switch,3NS-3,MGS9942B,G,Square,S,VGS02,,,
3,N,G,Round,R,G,Round,R,G,Square,S,switch,3NS-3,MGS9942B,G,Square,S,VGS02,,,
3,N,G,Round,R,G,Round,R,L,Round,R,switch,3NS-3,MGS9942B,G,Square,S,VGS02,,,
3,N,G,Round,R,G,Round,R,Z,Square,S,lever,3NL-1,MZS0232,Z,Square,S,VGS02,,◯,
3,N,G,Round,R,G,Round,R,Z,Square,S,lever,3NL-1,MGR1132,G,Round,R,VGR02,,,
3,N,G,Round,R,G,Round,R,Z,Square,S,lever,3NL-1,MGR0132,G,Round,R,VGR02,,,
3,N,G,Round,R,G,Round,R,Z,Square,S,lever,3NL-1,MGR0332,G,Round,R,VGR02,,,
3,N,G,Round,R,G,Round,R,Z,Square,S,lever,3NL-1,MGS0732,G,Square,S,VGS02,,,
3,N,G,Round,R,G,Round,R,Z,Square,S,lever,3NL-1,MGS0832,G,Square,S,VGS02,,,
3,N,G,Round,R,G,Round,R,Z,Square,S,lever,3NL-1,MGS0932,G,Square,S,VGS02,,,
3,N,G,Round,R,G,Round,R,Z,Square,S,lever,3NL-1,MGS1032,G,Square,S,VGS02,,,
3,N,G,Round,R,G,Round,R,Z,Square,S,lever,3NL-1,MGS0432,G,Square,S,VGS02,,,
3,N,G,Round,R,G,Round,R,Z,Square,S,lever,3NL-1,MGS0232,G,Square,S,VGS02,,,
3,N,G,Round,R,G,Round,R,Z,Square,S,lever,3NL-1,MLR0132,L,Round,R,VGR02,,,
3,N,G,Round,R,G,Round,R,Z,Square,S,lever,3NL-1,MLR0232,L,Round,R,VGR02,,,
3,N,G,Round,R,G,Round,R,Z,Square,S,lever,3NL-1,MLR0332,L,Round,R,VGR02,,,
3,N,G,Round,R,G,Round,R,Z,Square,S,lever,3NL-1,MLR0432,L,Round,R,VGR02,,,
3,N,G,Round,R,G,Round,R,G,Round,R,lever,3NL-1,MZS0232,Z,Square,S,VGS02,,,
3,N,G,Round,R,G,Round,R,G,Round,R,lever,3NL-1,MGR1132,G,Round,R,VGR02,,◯,
3,N,G,Round,R,G,Round,R,G,Round,R,lever,3NL-1,MGR0132,G,Round,R,VGR02,,◯,
3,N,G,Round,R,G,Round,R,G,Round,R,lever,3NL-1,MGR0332,G,Round,R,VGR02,,◯,
3,N,G,Round,R,G,Round,R,G,Round,R,lever,3NL-1,MGS0732,G,Square,S,VGS02,,,
3,N,G,Round,R,G,Round,R,G,Round,R,lever,3NL-1,MGS0832,G,Square,S,VGS02,,,
3,N,G,Round,R,G,Round,R,G,Round,R,lever,3NL-1,MGS0932,G,Square,S,VGS02,,,
3,N,G,Round,R,G,Round,R,G,Round,R,lever,3NL-1,MGS1032,G,Square,S,VGS02,,,
3,N,G,Round,R,G,Round,R,G,Round,R,lever,3NL-1,MGS0432,G,Square,S,VGS02,,,
3,N,G,Round,R,G,Round,R,G,Round,R,lever,3NL-1,MGS0232,G,Square,S,VGS02,,,
3,N,G,Round,R,G,Round,R,G,Round,R,lever,3NL-1,MLR0132,L,Round,R,VGR02,,,
3,N,G,Round,R,G,Round,R,G,Round,R,lever,3NL-1,MLR0232,L,Round,R,VGR02,,,
3,N,G,Round,R,G,Round,R,G,Round,R,lever,3NL-1,MLR0332,L,Round,R,VGR02,,,
3,N,G,Round,R,G,Round,R,G,Round,R,lever,3NL-1,MLR0432,L,Round,R,VGR02,,,
3,N,G,Round,R,G,Round,R,G,Square,S,lever,3NL-1,MZS0232,Z,Square,S,VGS02,,,
3,N,G,Round,R,G,Round,R,G,Square,S,lever,3NL-1,MGR1132,G,Round,R,VGR02,,,
3,N,G,Round,R,G,Round,R,G,Square,S,lever,3NL-1,MGR0132,G,Round,R,VGR02,,,
3,N,G,Round,R,G,Round,R,G,Square,S,lever,3NL-1,MGR0332,G,Round,R,VGR02,,,
3,N,G,Round,R,G,Round,R,G,Square,S,lever,3NL-1,MGS0732,G,Square,S,VGS02,,◯,
3,N,G,Round,R,G,Round,R,G,Square,S,lever,3NL-1,MGS0832,G,Square,S,VGS02,,◯,
3,N,G,Round,R,G,Round,R,G,Square,S,lever,3NL-1,MGS0932,G,Square,S,VGS02,,◯,
3,N,G,Round,R,G,Round,R,G,Square,S,lever,3NL-1,MGS1032,G,Square,S,VGS02,,◯,
3,N,G,Round,R,G,Round,R,G,Square,S,lever,3NL-1,MGS0432,G,Square,S,VGS02,,◯,
3,N,G,Round,R,G,Round,R,G,Square,S,lever,3NL-1,MGS0232,G,Square,S,VGS02,,◯,
3,N,G,Round,R,G,Round,R,G,Square,S,lever,3NL-1,MLR0132,L,Round,R,VGR02,,,
3,N,G,Round,R,G,Round,R,G,Square,S,lever,3NL-1,MLR0232,L,Round,R,VGR02,,,
3,N,G,Round,R,G,Round,R,G,Square,S,lever,3NL-1,MLR0332,L,Round,R,VGR02,,,
3,N,G,Round,R,G,Round,R,G,Square,S,lever,3NL-1,MLR0432,L,Round,R,VGR02,,,
3,N,G,Round,R,G,Round,R,L,Round,R,lever,3NL-1,MZS0232,Z,Square,S,VGS02,,,
3,N,G,Round,R,G,Round,R,L,Round,R,lever,3NL-1,MGR1132,G,Round,R,VGR02,,,
3,N,G,Round,R,G,Round,R,L,Round,R,lever,3NL-1,MGR0132,G,Round,R,VGR02,,,
3,N,G,Round,R,G,Round,R,L,Round,R,lever,3NL-1,MGR0332,G,Round,R,VGR02,,,
3,N,G,Round,R,G,Round,R,L,Round,R,lever,3NL-1,MGS0732,G,Square,S,VGS02,,,
3,N,G,Round,R,G,Round,R,L,Round,R,lever,3NL-1,MGS0832,G,Square,S,VGS02,,,
3,N,G,Round,R,G,Round,R,L,Round,R,lever,3NL-1,MGS0932,G,Square,S,VGS02,,,
3,N,G,Round,R,G,Round,R,L,Round,R,lever,3NL-1,MGS1032,G,Square,S,VGS02,,,
3,N,G,Round,R,G,Round,R,L,Round,R,lever,3NL-1,MGS0432,G,Square,S,VGS02,,,
3,N,G,Round,R,G,Round,R,L,Round,R,lever,3NL-1,MGS0232,G,Square,S,VGS02,,,
3,N,G,Round,R,G,Round,R,L,Round,R,lever,3NL-1,MLR0132,L,Round,R,VGR02,,◯,
3,N,G,Round,R,G,Round,R,L,Round,R,lever,3NL-1,MLR0232,L,Round,R,VGR02,,◯,
3,N,G,Round,R,G,Round,R,L,Round,R,lever,3NL-1,MLR0332,L,Round,R,VGR02,,◯,
3,N,G,Round,R,G,Round,R,L,Round,R,lever,3NL-1,MLR0432,L,Round,R,VGR02,,◯,
3,N,G,Round,R,G,Round,R,Z,Square,S,lever,3NL-2,MZS0231,Z,Square,S,VGS03,,,
3,N,G,Round,R,G,Round,R,Z,Square,S,lever,3NL-2,MGR1131,G,Round,R,VGR03,,,
3,N,G,Round,R,G,Round,R,Z,Square,S,lever,3NL-2,MGR0131,G,Round,R,VGR03,,,
3,N,G,Round,R,G,Round,R,Z,Square,S,lever,3NL-2,MGR0331,G,Round,R,VGR03,,,
3,N,G,Round,R,G,Round,R,Z,Square,S,lever,3NL-2,MGS0731,G,Square,S,VGS03,,,
3,N,G,Round,R,G,Round,R,Z,Square,S,lever,3NL-2,MGS0831,G,Square,S,VGS03,,,
3,N,G,Round,R,G,Round,R,Z,Square,S,lever,3NL-2,MGS0931,G,Square,S,VGS03,,,
3,N,G,Round,R,G,Round,R,Z,Square,S,lever,3NL-2,MGS1031,G,Square,S,VGS03,,,
3,N,G,Round,R,G,Round,R,Z,Square,S,lever,3NL-2,MGS0431,G,Square,S,VGS03,,,
3,N,G,Round,R,G,Round,R,Z,Square,S,lever,3NL-2,MGS0231,G,Square,S,VGS03,,,
3,N,G,Round,R,G,Round,R,Z,Square,S,lever,3NL-2,MLR0131,L,Round,R,VGR03,,,
3,N,G,Round,R,G,Round,R,Z,Square,S,lever,3NL-2,MLR0231,L,Round,R,VGR03,,,
3,N,G,Round,R,G,Round,R,Z,Square,S,lever,3NL-2,MLR0331,L,Round,R,VGR03,,,
3,N,G,Round,R,G,Round,R,Z,Square,S,lever,3NL-2,MLR0431,L,Round,R,VGR03,,,
3,N,G,Round,R,G,Round,R,G,Round,R,lever,3NL-2,MZS0231,Z,Square,S,VGS03,,,
3,N,G,Round,R,G,Round,R,G,Round,R,lever,3NL-2,MGR1131,G,Round,R,VGR03,,,
3,N,G,Round,R,G,Round,R,G,Round,R,lever,3NL-2,MGR0131,G,Round,R,VGR03,,,
3,N,G,Round,R,G,Round,R,G,Round,R,lever,3NL-2,MGR0331,G,Round,R,VGR03,,,
3,N,G,Round,R,G,Round,R,G,Round,R,lever,3NL-2,MGS0731,G,Square,S,VGS03,,,
3,N,G,Round,R,G,Round,R,G,Round,R,lever,3NL-2,MGS0831,G,Square,S,VGS03,,,
3,N,G,Round,R,G,Round,R,G,Round,R,lever,3NL-2,MGS0931,G,Square,S,VGS03,,,
3,N,G,Round,R,G,Round,R,G,Round,R,lever,3NL-2,MGS1031,G,Square,S,VGS03,,,
3,N,G,Round,R,G,Round,R,G,Round,R,lever,3NL-2,MGS0431,G,Square,S,VGS03,,,
3,N,G,Round,R,G,Round,R,G,Round,R,lever,3NL-2,MGS0231,G,Square,S,VGS03,,,
3,N,G,Round,R,G,Round,R,G,Round,R,lever,3NL-2,MLR0131,L,Round,R,VGR03,,,
3,N,G,Round,R,G,Round,R,G,Round,R,lever,3NL-2,MLR0231,L,Round,R,VGR03,,,
3,N,G,Round,R,G,Round,R,G,Round,R,lever,3NL-2,MLR0331,L,Round,R,VGR03,,,
3,N,G,Round,R,G,Round,R,G,Round,R,lever,3NL-2,MLR0431,L,Round,R,VGR03,,,
3,N,G,Round,R,G,Round,R,G,Square,S,lever,3NL-2,MZS0231,Z,Square,S,VGS03,,,
3,N,G,Round,R,G,Round,R,G,Square,S,lever,3NL-2,MGR1131,G,Round,R,VGR03,,,
3,N,G,Round,R,G,Round,R,G,Square,S,lever,3NL-2,MGR0131,G,Round,R,VGR03,,,
3,N,G,Round,R,G,Round,R,G,Square,S,lever,3NL-2,MGR0331,G,Round,R,VGR03,,,
3,N,G,Round,R,G,Round,R,G,Square,S,lever,3NL-2,MGS0731,G,Square,S,VGS03,,,
3,N,G,Round,R,G,Round,R,G,Square,S,lever,3NL-2,MGS0831,G,Square,S,VGS03,,,
3,N,G,Round,R,G,Round,R,G,Square,S,lever,3NL-2,MGS0931,G,Square,S,VGS03,,,
3,N,G,Round,R,G,Round,R,G,Square,S,lever,3NL-2,MGS1031,G,Square,S,VGS03,,,
3,N,G,Round,R,G,Round,R,G,Square,S,lever,3NL-2,MGS0431,G,Square,S,VGS03,,,
3,N,G,Round,R,G,Round,R,G,Square,S,lever,3NL-2,MGS0231,G,Square,S,VGS03,,,
3,N,G,Round,R,G,Round,R,G,Square,S,lever,3NL-2,MLR0131,L,Round,R,VGR03,,,
3,N,G,Round,R,G,Round,R,G,Square,S,lever,3NL-2,MLR0231,L,Round,R,VGR03,,,
3,N,G,Round,R,G,Round,R,G,Square,S,lever,3NL-2,MLR0331,L,Round,R,VGR03,,,
3,N,G,Round,R,G,Round,R,G,Square,S,lever,3NL-2,MLR0431,L,Round,R,VGR03,,,
3,N,G,Round,R,G,Round,R,L,Round,R,lever,3NL-2,MZS0231,Z,Square,S,VGS03,,,
3,N,G,Round,R,G,Round,R,L,Round,R,lever,3NL-2,MGR1131,G,Round,R,VGR03,,,
3,N,G,Round,R,G,Round,R,L,Round,R,lever,3NL-2,MGR0131,G,Round,R,VGR03,,,
3,N,G,Round,R,G,Round,R,L,Round,R,lever,3NL-2,MGR0331,G,Round,R,VGR03,,,
3,N,G,Round,R,G,Round,R,L,Round,R,lever,3NL-2,MGS0731,G,Square,S,VGS03,,,
3,N,G,Round,R,G,Round,R,L,Round,R,lever,3NL-2,MGS0831,G,Square,S,VGS03,,,
3,N,G,Round,R,G,Round,R,L,Round,R,lever,3NL-2,MGS0931,G,Square,S,VGS03,,,
3,N,G,Round,R,G,Round,R,L,Round,R,lever,3NL-2,MGS1031,G,Square,S,VGS03,,,
3,N,G,Round,R,G,Round,R,L,Round,R,lever,3NL-2,MGS0431,G,Square,S,VGS03,,,
3,N,G,Round,R,G,Round,R,L,Round,R,lever,3NL-2,MGS0231,G,Square,S,VGS03,,,
3,N,G,Round,R,G,Round,R,L,Round,R,lever,3NL-2,MLR0131,L,Round,R,VGR03,,,
3,N,G,Round,R,G,Round,R,L,Round,R,lever,3NL-2,MLR0231,L,Round,R,VGR03,,,
3,N,G,Round,R,G,Round,R,L,Round,R,lever,3NL-2,MLR0331,L,Round,R,VGR03,,,
3,N,G,Round,R,G,Round,R,L,Round,R,lever,3NL-2,MLR0431,L,Round,R,VGR03,,,
3,N,G,Round,R,L,Round,R,Z,Square,S,handle,3NH-1,MGR9940,G,Round,R,VGR13,,,
3,N,G,Round,R,L,Round,R,Z,Square,S,handle,3NH-1,MGS9940,G,Square,S,VGS13,,◯,
3,N,G,Round,R,L,Round,R,G,Round,R,handle,3NH-1,MGR9940,G,Round,R,VGR13,,◯,
3,N,G,Round,R,L,Round,R,G,Round,R,handle,3NH-1,MGS9940,G,Square,S,VGS13,,,
3,N,G,Round,R,L,Round,R,G,Square,S,handle,3NH-1,MGR9940,G,Round,R,VGR13,,,
3,N,G,Round,R,L,Round,R,G,Square,S,handle,3NH-1,MGS9940,G,Square,S,VGS13,,◯,
3,N,G,Round,R,L,Round,R,L,Round,R,handle,3NH-1,MGR9940,G,Round,R,VGR13,,◯,
3,N,G,Round,R,L,Round,R,L,Round,R,handle,3NH-1,MGS9940,G,Square,S,VGS13,,,
3,N,G,Round,R,L,Round,R,Z,Square,S,handle,3NH-2,MGR9942,G,Round,R,VGR02,,,
3,N,G,Round,R,L,Round,R,Z,Square,S,handle,3NH-2,MGS9942,G,Square,S,VGS02,,,
3,N,G,Round,R,L,Round,R,G,Round,R,handle,3NH-2,MGR9942,G,Round,R,VGR02,,,
3,N,G,Round,R,L,Round,R,G,Round,R,handle,3NH-2,MGS9942,G,Square,S,VGS02,,,
3,N,G,Round,R,L,Round,R,G,Square,S,handle,3NH-2,MGR9942,G,Round,R,VGR02,,,
3,N,G,Round,R,L,Round,R,G,Square,S,handle,3NH-2,MGS9942,G,Square,S,VGS02,,,
3,N,G,Round,R,L,Round,R,L,Round,R,handle,3NH-2,MGR9942,G,Round,R,VGR02,,,
3,N,G,Round,R,L,Round,R,L,Round,R,handle,3NH-2,MGS9942,G,Square,S,VGS02,,,
3,N,G,Round,R,L,Round,R,Z,Square,S,switch,3NS-1,MGS9943,G,Square,S,VGS23,,◯,
3,N,G,Round,R,L,Round,R,G,Round,R,switch,3NS-1,MGS9943,G,Square,S,VGS23,,◯,
3,N,G,Round,R,L,Round,R,G,Square,S,switch,3NS-1,MGS9943,G,Square,S,VGS23,,◯,
3,N,G,Round,R,L,Round,R,L,Round,R,switch,3NS-1,MGS9943,G,Square,S,VGS23,,◯,
3,N,G,Round,R,L,Round,R,Z,Square,S,switch,3NS-2,MGS9941B,G,Square,S,VGS03,,,
3,N,G,Round,R,L,Round,R,G,Round,R,switch,3NS-2,MGS9941B,G,Square,S,VGS03,,,
3,N,G,Round,R,L,Round,R,G,Square,S,switch,3NS-2,MGS9941B,G,Square,S,VGS03,,,
3,N,G,Round,R,L,Round,R,L,Round,R,switch,3NS-2,MGS9941B,G,Square,S,VGS03,,,
3,N,G,Round,R,L,Round,R,Z,Square,S,switch,3NS-3,MGS9942B,G,Square,S,VGS02,,,
3,N,G,Round,R,L,Round,R,G,Round,R,switch,3NS-3,MGS9942B,G,Square,S,VGS02,,,
3,N,G,Round,R,L,Round,R,G,Square,S,switch,3NS-3,MGS9942B,G,Square,S,VGS02,,,
3,N,G,Round,R,L,Round,R,L,Round,R,switch,3NS-3,MGS9942B,G,Square,S,VGS02,,,
3,N,G,Round,R,L,Round,R,Z,Square,S,lever,3NL-1,MZS0232,Z,Square,S,VGS02,,◯,
3,N,G,Round,R,L,Round,R,Z,Square,S,lever,3NL-1,MGR1132,G,Round,R,VGR02,,,
3,N,G,Round,R,L,Round,R,Z,Square,S,lever,3NL-1,MGR0132,G,Round,R,VGR02,,,
3,N,G,Round,R,L,Round,R,Z,Square,S,lever,3NL-1,MGR0332,G,Round,R,VGR02,,,
3,N,G,Round,R,L,Round,R,Z,Square,S,lever,3NL-1,MGS0732,G,Square,S,VGS02,,,
3,N,G,Round,R,L,Round,R,Z,Square,S,lever,3NL-1,MGS0832,G,Square,S,VGS02,,,
3,N,G,Round,R,L,Round,R,Z,Square,S,lever,3NL-1,MGS0932,G,Square,S,VGS02,,,
3,N,G,Round,R,L,Round,R,Z,Square,S,lever,3NL-1,MGS1032,G,Square,S,VGS02,,,
3,N,G,Round,R,L,Round,R,Z,Square,S,lever,3NL-1,MGS0432,G,Square,S,VGS02,,,
3,N,G,Round,R,L,Round,R,Z,Square,S,lever,3NL-1,MGS0232,G,Square,S,VGS02,,,
3,N,G,Round,R,L,Round,R,Z,Square,S,lever,3NL-1,MLR0132,L,Round,R,VGR02,,,
3,N,G,Round,R,L,Round,R,Z,Square,S,lever,3NL-1,MLR0232,L,Round,R,VGR02,,,
3,N,G,Round,R,L,Round,R,Z,Square,S,lever,3NL-1,MLR0332,L,Round,R,VGR02,,,
3,N,G,Round,R,L,Round,R,Z,Square,S,lever,3NL-1,MLR0432,L,Round,R,VGR02,,,
3,N,G,Round,R,L,Round,R,G,Round,R,lever,3NL-1,MZS0232,Z,Square,S,VGS02,,,
3,N,G,Round,R,L,Round,R,G,Round,R,lever,3NL-1,MGR1132,G,Round,R,VGR02,,◯,
3,N,G,Round,R,L,Round,R,G,Round,R,lever,3NL-1,MGR0132,G,Round,R,VGR02,,◯,
3,N,G,Round,R,L,Round,R,G,Round,R,lever,3NL-1,MGR0332,G,Round,R,VGR02,,◯,
3,N,G,Round,R,L,Round,R,G,Round,R,lever,3NL-1,MGS0732,G,Square,S,VGS02,,,
3,N,G,Round,R,L,Round,R,G,Round,R,lever,3NL-1,MGS0832,G,Square,S,VGS02,,,
3,N,G,Round,R,L,Round,R,G,Round,R,lever,3NL-1,MGS0932,G,Square,S,VGS02,,,
3,N,G,Round,R,L,Round,R,G,Round,R,lever,3NL-1,MGS1032,G,Square,S,VGS02,,,
3,N,G,Round,R,L,Round,R,G,Round,R,lever,3NL-1,MGS0432,G,Square,S,VGS02,,,
3,N,G,Round,R,L,Round,R,G,Round,R,lever,3NL-1,MGS0232,G,Square,S,VGS02,,,
3,N,G,Round,R,L,Round,R,G,Round,R,lever,3NL-1,MLR0132,L,Round,R,VGR02,,,
3,N,G,Round,R,L,Round,R,G,Round,R,lever,3NL-1,MLR0232,L,Round,R,VGR02,,,
3,N,G,Round,R,L,Round,R,G,Round,R,lever,3NL-1,MLR0332,L,Round,R,VGR02,,,
3,N,G,Round,R,L,Round,R,G,Round,R,lever,3NL-1,MLR0432,L,Round,R,VGR02,,,
3,N,G,Round,R,L,Round,R,G,Square,S,lever,3NL-1,MZS0232,Z,Square,S,VGS02,,,
3,N,G,Round,R,L,Round,R,G,Square,S,lever,3NL-1,MGR1132,G,Round,R,VGR02,,,
3,N,G,Round,R,L,Round,R,G,Square,S,lever,3NL-1,MGR0132,G,Round,R,VGR02,,,
3,N,G,Round,R,L,Round,R,G,Square,S,lever,3NL-1,MGR0332,G,Round,R,VGR02,,,
3,N,G,Round,R,L,Round,R,G,Square,S,lever,3NL-1,MGS0732,G,Square,S,VGS02,,◯,
3,N,G,Round,R,L,Round,R,G,Square,S,lever,3NL-1,MGS0832,G,Square,S,VGS02,,◯,
3,N,G,Round,R,L,Round,R,G,Square,S,lever,3NL-1,MGS0932,G,Square,S,VGS02,,◯,
3,N,G,Round,R,L,Round,R,G,Square,S,lever,3NL-1,MGS1032,G,Square,S,VGS02,,◯,
3,N,G,Round,R,L,Round,R,G,Square,S,lever,3NL-1,MGS0432,G,Square,S,VGS02,,◯,
3,N,G,Round,R,L,Round,R,G,Square,S,lever,3NL-1,MGS0232,G,Square,S,VGS02,,◯,
3,N,G,Round,R,L,Round,R,G,Square,S,lever,3NL-1,MLR0132,L,Round,R,VGR02,,,
3,N,G,Round,R,L,Round,R,G,Square,S,lever,3NL-1,MLR0232,L,Round,R,VGR02,,,
3,N,G,Round,R,L,Round,R,G,Square,S,lever,3NL-1,MLR0332,L,Round,R,VGR02,,,
3,N,G,Round,R,L,Round,R,G,Square,S,lever,3NL-1,MLR0432,L,Round,R,VGR02,,,
3,N,G,Round,R,L,Round,R,L,Round,R,lever,3NL-1,MZS0232,Z,Square,S,VGS02,,,
3,N,G,Round,R,L,Round,R,L,Round,R,lever,3NL-1,MGR1132,G,Round,R,VGR02,,,
3,N,G,Round,R,L,Round,R,L,Round,R,lever,3NL-1,MGR0132,G,Round,R,VGR02,,,
3,N,G,Round,R,L,Round,R,L,Round,R,lever,3NL-1,MGR0332,G,Round,R,VGR02,,,
3,N,G,Round,R,L,Round,R,L,Round,R,lever,3NL-1,MGS0732,G,Square,S,VGS02,,,
3,N,G,Round,R,L,Round,R,L,Round,R,lever,3NL-1,MGS0832,G,Square,S,VGS02,,,
3,N,G,Round,R,L,Round,R,L,Round,R,lever,3NL-1,MGS0932,G,Square,S,VGS02,,,
3,N,G,Round,R,L,Round,R,L,Round,R,lever,3NL-1,MGS1032,G,Square,S,VGS02,,,
3,N,G,Round,R,L,Round,R,L,Round,R,lever,3NL-1,MGS0432,G,Square,S,VGS02,,,
3,N,G,Round,R,L,Round,R,L,Round,R,lever,3NL-1,MGS0232,G,Square,S,VGS02,,,
3,N,G,Round,R,L,Round,R,L,Round,R,lever,3NL-1,MLR0132,L,Round,R,VGR02,,◯,
3,N,G,Round,R,L,Round,R,L,Round,R,lever,3NL-1,MLR0232,L,Round,R,VGR02,,◯,
3,N,G,Round,R,L,Round,R,L,Round,R,lever,3NL-1,MLR0332,L,Round,R,VGR02,,◯,
3,N,G,Round,R,L,Round,R,L,Round,R,lever,3NL-1,MLR0432,L,Round,R,VGR02,,◯,
3,N,G,Round,R,L,Round,R,Z,Square,S,lever,3NL-2,MZS0231,Z,Square,S,VGS03,,,
3,N,G,Round,R,L,Round,R,Z,Square,S,lever,3NL-2,MGR1131,G,Round,R,VGR03,,,
3,N,G,Round,R,L,Round,R,Z,Square,S,lever,3NL-2,MGR0131,G,Round,R,VGR03,,,
3,N,G,Round,R,L,Round,R,Z,Square,S,lever,3NL-2,MGR0331,G,Round,R,VGR03,,,
3,N,G,Round,R,L,Round,R,Z,Square,S,lever,3NL-2,MGS0731,G,Square,S,VGS03,,,
3,N,G,Round,R,L,Round,R,Z,Square,S,lever,3NL-2,MGS0831,G,Square,S,VGS03,,,
3,N,G,Round,R,L,Round,R,Z,Square,S,lever,3NL-2,MGS0931,G,Square,S,VGS03,,,
3,N,G,Round,R,L,Round,R,Z,Square,S,lever,3NL-2,MGS1031,G,Square,S,VGS03,,,
3,N,G,Round,R,L,Round,R,Z,Square,S,lever,3NL-2,MGS0431,G,Square,S,VGS03,,,
3,N,G,Round,R,L,Round,R,Z,Square,S,lever,3NL-2,MGS0231,G,Square,S,VGS03,,,
3,N,G,Round,R,L,Round,R,Z,Square,S,lever,3NL-2,MLR0131,L,Round,R,VGR03,,,
3,N,G,Round,R,L,Round,R,Z,Square,S,lever,3NL-2,MLR0231,L,Round,R,VGR03,,,
3,N,G,Round,R,L,Round,R,Z,Square,S,lever,3NL-2,MLR0331,L,Round,R,VGR03,,,
3,N,G,Round,R,L,Round,R,Z,Square,S,lever,3NL-2,MLR0431,L,Round,R,VGR03,,,
3,N,G,Round,R,L,Round,R,G,Round,R,lever,3NL-2,MZS0231,Z,Square,S,VGS03,,,
3,N,G,Round,R,L,Round,R,G,Round,R,lever,3NL-2,MGR1131,G,Round,R,VGR03,,,
3,N,G,Round,R,L,Round,R,G,Round,R,lever,3NL-2,MGR0131,G,Round,R,VGR03,,,
3,N,G,Round,R,L,Round,R,G,Round,R,lever,3NL-2,MGR0331,G,Round,R,VGR03,,,
3,N,G,Round,R,L,Round,R,G,Round,R,lever,3NL-2,MGS0731,G,Square,S,VGS03,,,
3,N,G,Round,R,L,Round,R,G,Round,R,lever,3NL-2,MGS0831,G,Square,S,VGS03,,,
3,N,G,Round,R,L,Round,R,G,Round,R,lever,3NL-2,MGS0931,G,Square,S,VGS03,,,
3,N,G,Round,R,L,Round,R,G,Round,R,lever,3NL-2,MGS1031,G,Square,S,VGS03,,,
3,N,G,Round,R,L,Round,R,G,Round,R,lever,3NL-2,MGS0431,G,Square,S,VGS03,,,
3,N,G,Round,R,L,Round,R,G,Round,R,lever,3NL-2,MGS0231,G,Square,S,VGS03,,,
3,N,G,Round,R,L,Round,R,G,Round,R,lever,3NL-2,MLR0131,L,Round,R,VGR03,,,
3,N,G,Round,R,L,Round,R,G,Round,R,lever,3NL-2,MLR0231,L,Round,R,VGR03,,,
3,N,G,Round,R,L,Round,R,G,Round,R,lever,3NL-2,MLR0331,L,Round,R,VGR03,,,
3,N,G,Round,R,L,Round,R,G,Round,R,lever,3NL-2,MLR0431,L,Round,R,VGR03,,,
3,N,G,Round,R,L,Round,R,G,Square,S,lever,3NL-2,MZS0231,Z,Square,S,VGS03,,,
3,N,G,Round,R,L,Round,R,G,Square,S,lever,3NL-2,MGR1131,G,Round,R,VGR03,,,
3,N,G,Round,R,L,Round,R,G,Square,S,lever,3NL-2,MGR0131,G,Round,R,VGR03,,,
3,N,G,Round,R,L,Round,R,G,Square,S,lever,3NL-2,MGR0331,G,Round,R,VGR03,,,
3,N,G,Round,R,L,Round,R,G,Square,S,lever,3NL-2,MGS0731,G,Square,S,VGS03,,,
3,N,G,Round,R,L,Round,R,G,Square,S,lever,3NL-2,MGS0831,G,Square,S,VGS03,,,
3,N,G,Round,R,L,Round,R,G,Square,S,lever,3NL-2,MGS0931,G,Square,S,VGS03,,,
3,N,G,Round,R,L,Round,R,G,Square,S,lever,3NL-2,MGS1031,G,Square,S,VGS03,,,
3,N,G,Round,R,L,Round,R,G,Square,S,lever,3NL-2,MGS0431,G,Square,S,VGS03,,,
3,N,G,Round,R,L,Round,R,G,Square,S,lever,3NL-2,MGS0231,G,Square,S,VGS03,,,
3,N,G,Round,R,L,Round,R,G,Square,S,lever,3NL-2,MLR0131,L,Round,R,VGR03,,,
3,N,G,Round,R,L,Round,R,G,Square,S,lever,3NL-2,MLR0231,L,Round,R,VGR03,,,
3,N,G,Round,R,L,Round,R,G,Square,S,lever,3NL-2,MLR0331,L,Round,R,VGR03,,,
3,N,G,Round,R,L,Round,R,G,Square,S,lever,3NL-2,MLR0431,L,Round,R,VGR03,,,
3,N,G,Round,R,L,Round,R,L,Round,R,lever,3NL-2,MZS0231,Z,Square,S,VGS03,,,
3,N,G,Round,R,L,Round,R,L,Round,R,lever,3NL-2,MGR1131,G,Round,R,VGR03,,,
3,N,G,Round,R,L,Round,R,L,Round,R,lever,3NL-2,MGR0131,G,Round,R,VGR03,,,
3,N,G,Round,R,L,Round,R,L,Round,R,lever,3NL-2,MGR0331,G,Round,R,VGR03,,,
3,N,G,Round,R,L,Round,R,L,Round,R,lever,3NL-2,MGS0731,G,Square,S,VGS03,,,
3,N,G,Round,R,L,Round,R,L,Round,R,lever,3NL-2,MGS0831,G,Square,S,VGS03,,,
3,N,G,Round,R,L,Round,R,L,Round,R,lever,3NL-2,MGS0931,G,Square,S,VGS03,,,
3,N,G,Round,R,L,Round,R,L,Round,R,lever,3NL-2,MGS1031,G,Square,S,VGS03,,,
3,N,G,Round,R,L,Round,R,L,Round,R,lever,3NL-2,MGS0431,G,Square,S,VGS03,,,
3,N,G,Round,R,L,Round,R,L,Round,R,lever,3NL-2,MGS0231,G,Square,S,VGS03,,,
3,N,G,Round,R,L,Round,R,L,Round,R,lever,3NL-2,MLR0131,L,Round,R,VGR03,,,
3,N,G,Round,R,L,Round,R,L,Round,R,lever,3NL-2,MLR0231,L,Round,R,VGR03,,,
3,N,G,Round,R,L,Round,R,L,Round,R,lever,3NL-2,MLR0331,L,Round,R,VGR03,,,
3,N,G,Round,R,L,Round,R,L,Round,R,lever,3NL-2,MLR0431,L,Round,R,VGR03,,,
3,N,L,Round,R,G,Round,R,Z,Square,S,handle,3NH-1,MGR9940,G,Round,R,VGR13,,,
3,N,L,Round,R,G,Round,R,Z,Square,S,handle,3NH-1,MGS9940,G,Square,S,VGS13,,◯,
3,N,L,Round,R,G,Round,R,G,Round,R,handle,3NH-1,MGR9940,G,Round,R,VGR13,,◯,
3,N,L,Round,R,G,Round,R,G,Round,R,handle,3NH-1,MGS9940,G,Square,S,VGS13,,,
3,N,L,Round,R,G,Round,R,G,Square,S,handle,3NH-1,MGR9940,G,Round,R,VGR13,,,
3,N,L,Round,R,G,Round,R,G,Square,S,handle,3NH-1,MGS9940,G,Square,S,VGS13,,◯,
3,N,L,Round,R,G,Round,R,L,Round,R,handle,3NH-1,MGR9940,G,Round,R,VGR13,,◯,
3,N,L,Round,R,G,Round,R,L,Round,R,handle,3NH-1,MGS9940,G,Square,S,VGS13,,,
3,N,L,Round,R,G,Round,R,Z,Square,S,handle,3NH-2,MGR9942,G,Round,R,VGR02,,,
3,N,L,Round,R,G,Round,R,Z,Square,S,handle,3NH-2,MGS9942,G,Square,S,VGS02,,,
3,N,L,Round,R,G,Round,R,G,Round,R,handle,3NH-2,MGR9942,G,Round,R,VGR02,,,
3,N,L,Round,R,G,Round,R,G,Round,R,handle,3NH-2,MGS9942,G,Square,S,VGS02,,,
3,N,L,Round,R,G,Round,R,G,Square,S,handle,3NH-2,MGR9942,G,Round,R,VGR02,,,
3,N,L,Round,R,G,Round,R,G,Square,S,handle,3NH-2,MGS9942,G,Square,S,VGS02,,,
3,N,L,Round,R,G,Round,R,L,Round,R,handle,3NH-2,MGR9942,G,Round,R,VGR02,,,
3,N,L,Round,R,G,Round,R,L,Round,R,handle,3NH-2,MGS9942,G,Square,S,VGS02,,,
3,N,L,Round,R,G,Round,R,Z,Square,S,switch,3NS-1,MGS9943,G,Square,S,VGS23,,◯,
3,N,L,Round,R,G,Round,R,G,Round,R,switch,3NS-1,MGS9943,G,Square,S,VGS23,,◯,
3,N,L,Round,R,G,Round,R,G,Square,S,switch,3NS-1,MGS9943,G,Square,S,VGS23,,◯,
3,N,L,Round,R,G,Round,R,L,Round,R,switch,3NS-1,MGS9943,G,Square,S,VGS23,,◯,
3,N,L,Round,R,G,Round,R,Z,Square,S,switch,3NS-2,MGS9941B,G,Square,S,VGS03,,,
3,N,L,Round,R,G,Round,R,G,Round,R,switch,3NS-2,MGS9941B,G,Square,S,VGS03,,,
3,N,L,Round,R,G,Round,R,G,Square,S,switch,3NS-2,MGS9941B,G,Square,S,VGS03,,,
3,N,L,Round,R,G,Round,R,L,Round,R,switch,3NS-2,MGS9941B,G,Square,S,VGS03,,,
3,N,L,Round,R,G,Round,R,Z,Square,S,switch,3NS-3,MGS9942B,G,Square,S,VGS02,,,
3,N,L,Round,R,G,Round,R,G,Round,R,switch,3NS-3,MGS9942B,G,Square,S,VGS02,,,
3,N,L,Round,R,G,Round,R,G,Square,S,switch,3NS-3,MGS9942B,G,Square,S,VGS02,,,
3,N,L,Round,R,G,Round,R,L,Round,R,switch,3NS-3,MGS9942B,G,Square,S,VGS02,,,
3,N,L,Round,R,G,Round,R,Z,Square,S,lever,3NL-1,MZS0232,Z,Square,S,VGS02,,◯,
3,N,L,Round,R,G,Round,R,Z,Square,S,lever,3NL-1,MGR1132,G,Round,R,VGR02,,,
3,N,L,Round,R,G,Round,R,Z,Square,S,lever,3NL-1,MGR0132,G,Round,R,VGR02,,,
3,N,L,Round,R,G,Round,R,Z,Square,S,lever,3NL-1,MGR0332,G,Round,R,VGR02,,,
3,N,L,Round,R,G,Round,R,Z,Square,S,lever,3NL-1,MGS0732,G,Square,S,VGS02,,,
3,N,L,Round,R,G,Round,R,Z,Square,S,lever,3NL-1,MGS0832,G,Square,S,VGS02,,,
3,N,L,Round,R,G,Round,R,Z,Square,S,lever,3NL-1,MGS0932,G,Square,S,VGS02,,,
3,N,L,Round,R,G,Round,R,Z,Square,S,lever,3NL-1,MGS1032,G,Square,S,VGS02,,,
3,N,L,Round,R,G,Round,R,Z,Square,S,lever,3NL-1,MGS0432,G,Square,S,VGS02,,,
3,N,L,Round,R,G,Round,R,Z,Square,S,lever,3NL-1,MGS0232,G,Square,S,VGS02,,,
3,N,L,Round,R,G,Round,R,Z,Square,S,lever,3NL-1,MLR0132,L,Round,R,VGR02,,,
3,N,L,Round,R,G,Round,R,Z,Square,S,lever,3NL-1,MLR0232,L,Round,R,VGR02,,,
3,N,L,Round,R,G,Round,R,Z,Square,S,lever,3NL-1,MLR0332,L,Round,R,VGR02,,,
3,N,L,Round,R,G,Round,R,Z,Square,S,lever,3NL-1,MLR0432,L,Round,R,VGR02,,,
3,N,L,Round,R,G,Round,R,G,Round,R,lever,3NL-1,MZS0232,Z,Square,S,VGS02,,,
3,N,L,Round,R,G,Round,R,G,Round,R,lever,3NL-1,MGR1132,G,Round,R,VGR02,,◯,
3,N,L,Round,R,G,Round,R,G,Round,R,lever,3NL-1,MGR0132,G,Round,R,VGR02,,◯,
3,N,L,Round,R,G,Round,R,G,Round,R,lever,3NL-1,MGR0332,G,Round,R,VGR02,,◯,
3,N,L,Round,R,G,Round,R,G,Round,R,lever,3NL-1,MGS0732,G,Square,S,VGS02,,,
3,N,L,Round,R,G,Round,R,G,Round,R,lever,3NL-1,MGS0832,G,Square,S,VGS02,,,
3,N,L,Round,R,G,Round,R,G,Round,R,lever,3NL-1,MGS0932,G,Square,S,VGS02,,,
3,N,L,Round,R,G,Round,R,G,Round,R,lever,3NL-1,MGS1032,G,Square,S,VGS02,,,
3,N,L,Round,R,G,Round,R,G,Round,R,lever,3NL-1,MGS0432,G,Square,S,VGS02,,,
3,N,L,Round,R,G,Round,R,G,Round,R,lever,3NL-1,MGS0232,G,Square,S,VGS02,,,
3,N,L,Round,R,G,Round,R,G,Round,R,lever,3NL-1,MLR0132,L,Round,R,VGR02,,,
3,N,L,Round,R,G,Round,R,G,Round,R,lever,3NL-1,MLR0232,L,Round,R,VGR02,,,
3,N,L,Round,R,G,Round,R,G,Round,R,lever,3NL-1,MLR0332,L,Round,R,VGR02,,,
3,N,L,Round,R,G,Round,R,G,Round,R,lever,3NL-1,MLR0432,L,Round,R,VGR02,,,
3,N,L,Round,R,G,Round,R,G,Square,S,lever,3NL-1,MZS0232,Z,Square,S,VGS02,,,
3,N,L,Round,R,G,Round,R,G,Square,S,lever,3NL-1,MGR1132,G,Round,R,VGR02,,,
3,N,L,Round,R,G,Round,R,G,Square,S,lever,3NL-1,MGR0132,G,Round,R,VGR02,,,
3,N,L,Round,R,G,Round,R,G,Square,S,lever,3NL-1,MGR0332,G,Round,R,VGR02,,,
3,N,L,Round,R,G,Round,R,G,Square,S,lever,3NL-1,MGS0732,G,Square,S,VGS02,,◯,
3,N,L,Round,R,G,Round,R,G,Square,S,lever,3NL-1,MGS0832,G,Square,S,VGS02,,◯,
3,N,L,Round,R,G,Round,R,G,Square,S,lever,3NL-1,MGS0932,G,Square,S,VGS02,,◯,
3,N,L,Round,R,G,Round,R,G,Square,S,lever,3NL-1,MGS1032,G,Square,S,VGS02,,◯,
3,N,L,Round,R,G,Round,R,G,Square,S,lever,3NL-1,MGS0432,G,Square,S,VGS02,,◯,
3,N,L,Round,R,G,Round,R,G,Square,S,lever,3NL-1,MGS0232,G,Square,S,VGS02,,◯,
3,N,L,Round,R,G,Round,R,G,Square,S,lever,3NL-1,MLR0132,L,Round,R,VGR02,,,
3,N,L,Round,R,G,Round,R,G,Square,S,lever,3NL-1,MLR0232,L,Round,R,VGR02,,,
3,N,L,Round,R,G,Round,R,G,Square,S,lever,3NL-1,MLR0332,L,Round,R,VGR02,,,
3,N,L,Round,R,G,Round,R,G,Square,S,lever,3NL-1,MLR0432,L,Round,R,VGR02,,,
3,N,L,Round,R,G,Round,R,L,Round,R,lever,3NL-1,MZS0232,Z,Square,S,VGS02,,,
3,N,L,Round,R,G,Round,R,L,Round,R,lever,3NL-1,MGR1132,G,Round,R,VGR02,,,
3,N,L,Round,R,G,Round,R,L,Round,R,lever,3NL-1,MGR0132,G,Round,R,VGR02,,,
3,N,L,Round,R,G,Round,R,L,Round,R,lever,3NL-1,MGR0332,G,Round,R,VGR02,,,
3,N,L,Round,R,G,Round,R,L,Round,R,lever,3NL-1,MGS0732,G,Square,S,VGS02,,,
3,N,L,Round,R,G,Round,R,L,Round,R,lever,3NL-1,MGS0832,G,Square,S,VGS02,,,
3,N,L,Round,R,G,Round,R,L,Round,R,lever,3NL-1,MGS0932,G,Square,S,VGS02,,,
3,N,L,Round,R,G,Round,R,L,Round,R,lever,3NL-1,MGS1032,G,Square,S,VGS02,,,
3,N,L,Round,R,G,Round,R,L,Round,R,lever,3NL-1,MGS0432,G,Square,S,VGS02,,,
3,N,L,Round,R,G,Round,R,L,Round,R,lever,3NL-1,MGS0232,G,Square,S,VGS02,,,
3,N,L,Round,R,G,Round,R,L,Round,R,lever,3NL-1,MLR0132,L,Round,R,VGR02,,◯,
3,N,L,Round,R,G,Round,R,L,Round,R,lever,3NL-1,MLR0232,L,Round,R,VGR02,,◯,
3,N,L,Round,R,G,Round,R,L,Round,R,lever,3NL-1,MLR0332,L,Round,R,VGR02,,◯,
3,N,L,Round,R,G,Round,R,L,Round,R,lever,3NL-1,MLR0432,L,Round,R,VGR02,,◯,
3,N,L,Round,R,G,Round,R,Z,Square,S,lever,3NL-2,MZS0231,Z,Square,S,VGS03,,,
3,N,L,Round,R,G,Round,R,Z,Square,S,lever,3NL-2,MGR1131,G,Round,R,VGR03,,,
3,N,L,Round,R,G,Round,R,Z,Square,S,lever,3NL-2,MGR0131,G,Round,R,VGR03,,,
3,N,L,Round,R,G,Round,R,Z,Square,S,lever,3NL-2,MGR0331,G,Round,R,VGR03,,,
3,N,L,Round,R,G,Round,R,Z,Square,S,lever,3NL-2,MGS0731,G,Square,S,VGS03,,,
3,N,L,Round,R,G,Round,R,Z,Square,S,lever,3NL-2,MGS0831,G,Square,S,VGS03,,,
3,N,L,Round,R,G,Round,R,Z,Square,S,lever,3NL-2,MGS0931,G,Square,S,VGS03,,,
3,N,L,Round,R,G,Round,R,Z,Square,S,lever,3NL-2,MGS1031,G,Square,S,VGS03,,,
3,N,L,Round,R,G,Round,R,Z,Square,S,lever,3NL-2,MGS0431,G,Square,S,VGS03,,,
3,N,L,Round,R,G,Round,R,Z,Square,S,lever,3NL-2,MGS0231,G,Square,S,VGS03,,,
3,N,L,Round,R,G,Round,R,Z,Square,S,lever,3NL-2,MLR0131,L,Round,R,VGR03,,,
3,N,L,Round,R,G,Round,R,Z,Square,S,lever,3NL-2,MLR0231,L,Round,R,VGR03,,,
3,N,L,Round,R,G,Round,R,Z,Square,S,lever,3NL-2,MLR0331,L,Round,R,VGR03,,,
3,N,L,Round,R,G,Round,R,Z,Square,S,lever,3NL-2,MLR0431,L,Round,R,VGR03,,,
3,N,L,Round,R,G,Round,R,G,Round,R,lever,3NL-2,MZS0231,Z,Square,S,VGS03,,,
3,N,L,Round,R,G,Round,R,G,Round,R,lever,3NL-2,MGR1131,G,Round,R,VGR03,,,
3,N,L,Round,R,G,Round,R,G,Round,R,lever,3NL-2,MGR0131,G,Round,R,VGR03,,,
3,N,L,Round,R,G,Round,R,G,Round,R,lever,3NL-2,MGR0331,G,Round,R,VGR03,,,
3,N,L,Round,R,G,Round,R,G,Round,R,lever,3NL-2,MGS0731,G,Square,S,VGS03,,,
3,N,L,Round,R,G,Round,R,G,Round,R,lever,3NL-2,MGS0831,G,Square,S,VGS03,,,
3,N,L,Round,R,G,Round,R,G,Round,R,lever,3NL-2,MGS0931,G,Square,S,VGS03,,,
3,N,L,Round,R,G,Round,R,G,Round,R,lever,3NL-2,MGS1031,G,Square,S,VGS03,,,
3,N,L,Round,R,G,Round,R,G,Round,R,lever,3NL-2,MGS0431,G,Square,S,VGS03,,,
3,N,L,Round,R,G,Round,R,G,Round,R,lever,3NL-2,MGS0231,G,Square,S,VGS03,,,
3,N,L,Round,R,G,Round,R,G,Round,R,lever,3NL-2,MLR0131,L,Round,R,VGR03,,,
3,N,L,Round,R,G,Round,R,G,Round,R,lever,3NL-2,MLR0231,L,Round,R,VGR03,,,
3,N,L,Round,R,G,Round,R,G,Round,R,lever,3NL-2,MLR0331,L,Round,R,VGR03,,,
3,N,L,Round,R,G,Round,R,G,Round,R,lever,3NL-2,MLR0431,L,Round,R,VGR03,,,
3,N,L,Round,R,G,Round,R,G,Square,S,lever,3NL-2,MZS0231,Z,Square,S,VGS03,,,
3,N,L,Round,R,G,Round,R,G,Square,S,lever,3NL-2,MGR1131,G,Round,R,VGR03,,,
3,N,L,Round,R,G,Round,R,G,Square,S,lever,3NL-2,MGR0131,G,Round,R,VGR03,,,
3,N,L,Round,R,G,Round,R,G,Square,S,lever,3NL-2,MGR0331,G,Round,R,VGR03,,,
3,N,L,Round,R,G,Round,R,G,Square,S,lever,3NL-2,MGS0731,G,Square,S,VGS03,,,
3,N,L,Round,R,G,Round,R,G,Square,S,lever,3NL-2,MGS0831,G,Square,S,VGS03,,,
3,N,L,Round,R,G,Round,R,G,Square,S,lever,3NL-2,MGS0931,G,Square,S,VGS03,,,
3,N,L,Round,R,G,Round,R,G,Square,S,lever,3NL-2,MGS1031,G,Square,S,VGS03,,,
3,N,L,Round,R,G,Round,R,G,Square,S,lever,3NL-2,MGS0431,G,Square,S,VGS03,,,
3,N,L,Round,R,G,Round,R,G,Square,S,lever,3NL-2,MGS0231,G,Square,S,VGS03,,,
3,N,L,Round,R,G,Round,R,G,Square,S,lever,3NL-2,MLR0131,L,Round,R,VGR03,,,
3,N,L,Round,R,G,Round,R,G,Square,S,lever,3NL-2,MLR0231,L,Round,R,VGR03,,,
3,N,L,Round,R,G,Round,R,G,Square,S,lever,3NL-2,MLR0331,L,Round,R,VGR03,,,
3,N,L,Round,R,G,Round,R,G,Square,S,lever,3NL-2,MLR0431,L,Round,R,VGR03,,,
3,N,L,Round,R,G,Round,R,L,Round,R,lever,3NL-2,MZS0231,Z,Square,S,VGS03,,,
3,N,L,Round,R,G,Round,R,L,Round,R,lever,3NL-2,MGR1131,G,Round,R,VGR03,,,
3,N,L,Round,R,G,Round,R,L,Round,R,lever,3NL-2,MGR0131,G,Round,R,VGR03,,,
3,N,L,Round,R,G,Round,R,L,Round,R,lever,3NL-2,MGR0331,G,Round,R,VGR03,,,
3,N,L,Round,R,G,Round,R,L,Round,R,lever,3NL-2,MGS0731,G,Square,S,VGS03,,,
3,N,L,Round,R,G,Round,R,L,Round,R,lever,3NL-2,MGS0831,G,Square,S,VGS03,,,
3,N,L,Round,R,G,Round,R,L,Round,R,lever,3NL-2,MGS0931,G,Square,S,VGS03,,,
3,N,L,Round,R,G,Round,R,L,Round,R,lever,3NL-2,MGS1031,G,Square,S,VGS03,,,
3,N,L,Round,R,G,Round,R,L,Round,R,lever,3NL-2,MGS0431,G,Square,S,VGS03,,,
3,N,L,Round,R,G,Round,R,L,Round,R,lever,3NL-2,MGS0231,G,Square,S,VGS03,,,
3,N,L,Round,R,G,Round,R,L,Round,R,lever,3NL-2,MLR0131,L,Round,R,VGR03,,,
3,N,L,Round,R,G,Round,R,L,Round,R,lever,3NL-2,MLR0231,L,Round,R,VGR03,,,
3,N,L,Round,R,G,Round,R,L,Round,R,lever,3NL-2,MLR0331,L,Round,R,VGR03,,,
3,N,L,Round,R,G,Round,R,L,Round,R,lever,3NL-2,MLR0431,L,Round,R,VGR03,,,
3,N,L,Round,R,L,Round,R,Z,Square,S,handle,3NH-1,MGR9940,G,Round,R,VGR13,,,
3,N,L,Round,R,L,Round,R,Z,Square,S,handle,3NH-1,MGS9940,G,Square,S,VGS13,,◯,
3,N,L,Round,R,L,Round,R,G,Round,R,handle,3NH-1,MGR9940,G,Round,R,VGR13,,◯,
3,N,L,Round,R,L,Round,R,G,Round,R,handle,3NH-1,MGS9940,G,Square,S,VGS13,,,
3,N,L,Round,R,L,Round,R,G,Square,S,handle,3NH-1,MGR9940,G,Round,R,VGR13,,,
3,N,L,Round,R,L,Round,R,G,Square,S,handle,3NH-1,MGS9940,G,Square,S,VGS13,,◯,
3,N,L,Round,R,L,Round,R,L,Round,R,handle,3NH-1,MGR9940,G,Round,R,VGR13,,◯,
3,N,L,Round,R,L,Round,R,L,Round,R,handle,3NH-1,MGS9940,G,Square,S,VGS13,,,
3,N,L,Round,R,L,Round,R,Z,Square,S,handle,3NH-2,MGR9942,G,Round,R,VGR02,,,
3,N,L,Round,R,L,Round,R,Z,Square,S,handle,3NH-2,MGS9942,G,Square,S,VGS02,,,
3,N,L,Round,R,L,Round,R,G,Round,R,handle,3NH-2,MGR9942,G,Round,R,VGR02,,,
3,N,L,Round,R,L,Round,R,G,Round,R,handle,3NH-2,MGS9942,G,Square,S,VGS02,,,
3,N,L,Round,R,L,Round,R,G,Square,S,handle,3NH-2,MGR9942,G,Round,R,VGR02,,,
3,N,L,Round,R,L,Round,R,G,Square,S,handle,3NH-2,MGS9942,G,Square,S,VGS02,,,
3,N,L,Round,R,L,Round,R,L,Round,R,handle,3NH-2,MGR9942,G,Round,R,VGR02,,,
3,N,L,Round,R,L,Round,R,L,Round,R,handle,3NH-2,MGS9942,G,Square,S,VGS02,,,
3,N,L,Round,R,L,Round,R,Z,Square,S,switch,3NS-1,MGS9943,G,Square,S,VGS23,,◯,
3,N,L,Round,R,L,Round,R,G,Round,R,switch,3NS-1,MGS9943,G,Square,S,VGS23,,◯,
3,N,L,Round,R,L,Round,R,G,Square,S,switch,3NS-1,MGS9943,G,Square,S,VGS23,,◯,
3,N,L,Round,R,L,Round,R,L,Round,R,switch,3NS-1,MGS9943,G,Square,S,VGS23,,◯,
3,N,L,Round,R,L,Round,R,Z,Square,S,switch,3NS-2,MGS9941B,G,Square,S,VGS03,,,
3,N,L,Round,R,L,Round,R,G,Round,R,switch,3NS-2,MGS9941B,G,Square,S,VGS03,,,
3,N,L,Round,R,L,Round,R,G,Square,S,switch,3NS-2,MGS9941B,G,Square,S,VGS03,,,
3,N,L,Round,R,L,Round,R,L,Round,R,switch,3NS-2,MGS9941B,G,Square,S,VGS03,,,
3,N,L,Round,R,L,Round,R,Z,Square,S,switch,3NS-3,MGS9942B,G,Square,S,VGS02,,,
3,N,L,Round,R,L,Round,R,G,Round,R,switch,3NS-3,MGS9942B,G,Square,S,VGS02,,,
3,N,L,Round,R,L,Round,R,G,Square,S,switch,3NS-3,MGS9942B,G,Square,S,VGS02,,,
3,N,L,Round,R,L,Round,R,L,Round,R,switch,3NS-3,MGS9942B,G,Square,S,VGS02,,,
3,N,L,Round,R,L,Round,R,Z,Square,S,lever,3NL-1,MZS0232,Z,Square,S,VGS02,,◯,
3,N,L,Round,R,L,Round,R,Z,Square,S,lever,3NL-1,MGR1132,G,Round,R,VGR02,,,
3,N,L,Round,R,L,Round,R,Z,Square,S,lever,3NL-1,MGR0132,G,Round,R,VGR02,,,
3,N,L,Round,R,L,Round,R,Z,Square,S,lever,3NL-1,MGR0332,G,Round,R,VGR02,,,
3,N,L,Round,R,L,Round,R,Z,Square,S,lever,3NL-1,MGS0732,G,Square,S,VGS02,,,
3,N,L,Round,R,L,Round,R,Z,Square,S,lever,3NL-1,MGS0832,G,Square,S,VGS02,,,
3,N,L,Round,R,L,Round,R,Z,Square,S,lever,3NL-1,MGS0932,G,Square,S,VGS02,,,
3,N,L,Round,R,L,Round,R,Z,Square,S,lever,3NL-1,MGS1032,G,Square,S,VGS02,,,
3,N,L,Round,R,L,Round,R,Z,Square,S,lever,3NL-1,MGS0432,G,Square,S,VGS02,,,
3,N,L,Round,R,L,Round,R,Z,Square,S,lever,3NL-1,MGS0232,G,Square,S,VGS02,,,
3,N,L,Round,R,L,Round,R,Z,Square,S,lever,3NL-1,MLR0132,L,Round,R,VGR02,,,
3,N,L,Round,R,L,Round,R,Z,Square,S,lever,3NL-1,MLR0232,L,Round,R,VGR02,,,
3,N,L,Round,R,L,Round,R,Z,Square,S,lever,3NL-1,MLR0332,L,Round,R,VGR02,,,
3,N,L,Round,R,L,Round,R,Z,Square,S,lever,3NL-1,MLR0432,L,Round,R,VGR02,,,
3,N,L,Round,R,L,Round,R,G,Round,R,lever,3NL-1,MZS0232,Z,Square,S,VGS02,,,
3,N,L,Round,R,L,Round,R,G,Round,R,lever,3NL-1,MGR1132,G,Round,R,VGR02,,◯,
3,N,L,Round,R,L,Round,R,G,Round,R,lever,3NL-1,MGR0132,G,Round,R,VGR02,,◯,
3,N,L,Round,R,L,Round,R,G,Round,R,lever,3NL-1,MGR0332,G,Round,R,VGR02,,◯,
3,N,L,Round,R,L,Round,R,G,Round,R,lever,3NL-1,MGS0732,G,Square,S,VGS02,,,
3,N,L,Round,R,L,Round,R,G,Round,R,lever,3NL-1,MGS0832,G,Square,S,VGS02,,,
3,N,L,Round,R,L,Round,R,G,Round,R,lever,3NL-1,MGS0932,G,Square,S,VGS02,,,
3,N,L,Round,R,L,Round,R,G,Round,R,lever,3NL-1,MGS1032,G,Square,S,VGS02,,,
3,N,L,Round,R,L,Round,R,G,Round,R,lever,3NL-1,MGS0432,G,Square,S,VGS02,,,
3,N,L,Round,R,L,Round,R,G,Round,R,lever,3NL-1,MGS0232,G,Square,S,VGS02,,,
3,N,L,Round,R,L,Round,R,G,Round,R,lever,3NL-1,MLR0132,L,Round,R,VGR02,,,
3,N,L,Round,R,L,Round,R,G,Round,R,lever,3NL-1,MLR0232,L,Round,R,VGR02,,,
3,N,L,Round,R,L,Round,R,G,Round,R,lever,3NL-1,MLR0332,L,Round,R,VGR02,,,
3,N,L,Round,R,L,Round,R,G,Round,R,lever,3NL-1,MLR0432,L,Round,R,VGR02,,,
3,N,L,Round,R,L,Round,R,G,Square,S,lever,3NL-1,MZS0232,Z,Square,S,VGS02,,,
3,N,L,Round,R,L,Round,R,G,Square,S,lever,3NL-1,MGR1132,G,Round,R,VGR02,,,
3,N,L,Round,R,L,Round,R,G,Square,S,lever,3NL-1,MGR0132,G,Round,R,VGR02,,,
3,N,L,Round,R,L,Round,R,G,Square,S,lever,3NL-1,MGR0332,G,Round,R,VGR02,,,
3,N,L,Round,R,L,Round,R,G,Square,S,lever,3NL-1,MGS0732,G,Square,S,VGS02,,◯,
3,N,L,Round,R,L,Round,R,G,Square,S,lever,3NL-1,MGS0832,G,Square,S,VGS02,,◯,
3,N,L,Round,R,L,Round,R,G,Square,S,lever,3NL-1,MGS0932,G,Square,S,VGS02,,◯,
3,N,L,Round,R,L,Round,R,G,Square,S,lever,3NL-1,MGS1032,G,Square,S,VGS02,,◯,
3,N,L,Round,R,L,Round,R,G,Square,S,lever,3NL-1,MGS0432,G,Square,S,VGS02,,◯,
3,N,L,Round,R,L,Round,R,G,Square,S,lever,3NL-1,MGS0232,G,Square,S,VGS02,,◯,
3,N,L,Round,R,L,Round,R,G,Square,S,lever,3NL-1,MLR0132,L,Round,R,VGR02,,,
3,N,L,Round,R,L,Round,R,G,Square,S,lever,3NL-1,MLR0232,L,Round,R,VGR02,,,
3,N,L,Round,R,L,Round,R,G,Square,S,lever,3NL-1,MLR0332,L,Round,R,VGR02,,,
3,N,L,Round,R,L,Round,R,G,Square,S,lever,3NL-1,MLR0432,L,Round,R,VGR02,,,
3,N,L,Round,R,L,Round,R,L,Round,R,lever,3NL-1,MZS0232,Z,Square,S,VGS02,,,
3,N,L,Round,R,L,Round,R,L,Round,R,lever,3NL-1,MGR1132,G,Round,R,VGR02,,,
3,N,L,Round,R,L,Round,R,L,Round,R,lever,3NL-1,MGR0132,G,Round,R,VGR02,,,
3,N,L,Round,R,L,Round,R,L,Round,R,lever,3NL-1,MGR0332,G,Round,R,VGR02,,,
3,N,L,Round,R,L,Round,R,L,Round,R,lever,3NL-1,MGS0732,G,Square,S,VGS02,,,
3,N,L,Round,R,L,Round,R,L,Round,R,lever,3NL-1,MGS0832,G,Square,S,VGS02,,,
3,N,L,Round,R,L,Round,R,L,Round,R,lever,3NL-1,MGS0932,G,Square,S,VGS02,,,
3,N,L,Round,R,L,Round,R,L,Round,R,lever,3NL-1,MGS1032,G,Square,S,VGS02,,,
3,N,L,Round,R,L,Round,R,L,Round,R,lever,3NL-1,MGS0432,G,Square,S,VGS02,,,
3,N,L,Round,R,L,Round,R,L,Round,R,lever,3NL-1,MGS0232,G,Square,S,VGS02,,,
3,N,L,Round,R,L,Round,R,L,Round,R,lever,3NL-1,MLR0132,L,Round,R,VGR02,,◯,
3,N,L,Round,R,L,Round,R,L,Round,R,lever,3NL-1,MLR0232,L,Round,R,VGR02,,◯,
3,N,L,Round,R,L,Round,R,L,Round,R,lever,3NL-1,MLR0332,L,Round,R,VGR02,,◯,
3,N,L,Round,R,L,Round,R,L,Round,R,lever,3NL-1,MLR0432,L,Round,R,VGR02,,◯,
3,N,L,Round,R,L,Round,R,Z,Square,S,lever,3NL-2,MZS0231,Z,Square,S,VGS03,,,
3,N,L,Round,R,L,Round,R,Z,Square,S,lever,3NL-2,MGR1131,G,Round,R,VGR03,,,
3,N,L,Round,R,L,Round,R,Z,Square,S,lever,3NL-2,MGR0131,G,Round,R,VGR03,,,
3,N,L,Round,R,L,Round,R,Z,Square,S,lever,3NL-2,MGR0331,G,Round,R,VGR03,,,
3,N,L,Round,R,L,Round,R,Z,Square,S,lever,3NL-2,MGS0731,G,Square,S,VGS03,,,
3,N,L,Round,R,L,Round,R,Z,Square,S,lever,3NL-2,MGS0831,G,Square,S,VGS03,,,
3,N,L,Round,R,L,Round,R,Z,Square,S,lever,3NL-2,MGS0931,G,Square,S,VGS03,,,
3,N,L,Round,R,L,Round,R,Z,Square,S,lever,3NL-2,MGS1031,G,Square,S,VGS03,,,
3,N,L,Round,R,L,Round,R,Z,Square,S,lever,3NL-2,MGS0431,G,Square,S,VGS03,,,
3,N,L,Round,R,L,Round,R,Z,Square,S,lever,3NL-2,MGS0231,G,Square,S,VGS03,,,
3,N,L,Round,R,L,Round,R,Z,Square,S,lever,3NL-2,MLR0131,L,Round,R,VGR03,,,
3,N,L,Round,R,L,Round,R,Z,Square,S,lever,3NL-2,MLR0231,L,Round,R,VGR03,,,
3,N,L,Round,R,L,Round,R,Z,Square,S,lever,3NL-2,MLR0331,L,Round,R,VGR03,,,
3,N,L,Round,R,L,Round,R,Z,Square,S,lever,3NL-2,MLR0431,L,Round,R,VGR03,,,
3,N,L,Round,R,L,Round,R,G,Round,R,lever,3NL-2,MZS0231,Z,Square,S,VGS03,,,
3,N,L,Round,R,L,Round,R,G,Round,R,lever,3NL-2,MGR1131,G,Round,R,VGR03,,,
3,N,L,Round,R,L,Round,R,G,Round,R,lever,3NL-2,MGR0131,G,Round,R,VGR03,,,
3,N,L,Round,R,L,Round,R,G,Round,R,lever,3NL-2,MGR0331,G,Round,R,VGR03,,,
3,N,L,Round,R,L,Round,R,G,Round,R,lever,3NL-2,MGS0731,G,Square,S,VGS03,,,
3,N,L,Round,R,L,Round,R,G,Round,R,lever,3NL-2,MGS0831,G,Square,S,VGS03,,,
3,N,L,Round,R,L,Round,R,G,Round,R,lever,3NL-2,MGS0931,G,Square,S,VGS03,,,
3,N,L,Round,R,L,Round,R,G,Round,R,lever,3NL-2,MGS1031,G,Square,S,VGS03,,,
3,N,L,Round,R,L,Round,R,G,Round,R,lever,3NL-2,MGS0431,G,Square,S,VGS03,,,
3,N,L,Round,R,L,Round,R,G,Round,R,lever,3NL-2,MGS0231,G,Square,S,VGS03,,,
3,N,L,Round,R,L,Round,R,G,Round,R,lever,3NL-2,MLR0131,L,Round,R,VGR03,,,
3,N,L,Round,R,L,Round,R,G,Round,R,lever,3NL-2,MLR0231,L,Round,R,VGR03,,,
3,N,L,Round,R,L,Round,R,G,Round,R,lever,3NL-2,MLR0331,L,Round,R,VGR03,,,
3,N,L,Round,R,L,Round,R,G,Round,R,lever,3NL-2,MLR0431,L,Round,R,VGR03,,,
3,N,L,Round,R,L,Round,R,G,Square,S,lever,3NL-2,MZS0231,Z,Square,S,VGS03,,,
3,N,L,Round,R,L,Round,R,G,Square,S,lever,3NL-2,MGR1131,G,Round,R,VGR03,,,
3,N,L,Round,R,L,Round,R,G,Square,S,lever,3NL-2,MGR0131,G,Round,R,VGR03,,,
3,N,L,Round,R,L,Round,R,G,Square,S,lever,3NL-2,MGR0331,G,Round,R,VGR03,,,
3,N,L,Round,R,L,Round,R,G,Square,S,lever,3NL-2,MGS0731,G,Square,S,VGS03,,,
3,N,L,Round,R,L,Round,R,G,Square,S,lever,3NL-2,MGS0831,G,Square,S,VGS03,,,
3,N,L,Round,R,L,Round,R,G,Square,S,lever,3NL-2,MGS0931,G,Square,S,VGS03,,,
3,N,L,Round,R,L,Round,R,G,Square,S,lever,3NL-2,MGS1031,G,Square,S,VGS03,,,
3,N,L,Round,R,L,Round,R,G,Square,S,lever,3NL-2,MGS0431,G,Square,S,VGS03,,,
3,N,L,Round,R,L,Round,R,G,Square,S,lever,3NL-2,MGS0231,G,Square,S,VGS03,,,
3,N,L,Round,R,L,Round,R,G,Square,S,lever,3NL-2,MLR0131,L,Round,R,VGR03,,,
3,N,L,Round,R,L,Round,R,G,Square,S,lever,3NL-2,MLR0231,L,Round,R,VGR03,,,
3,N,L,Round,R,L,Round,R,G,Square,S,lever,3NL-2,MLR0331,L,Round,R,VGR03,,,
3,N,L,Round,R,L,Round,R,G,Square,S,lever,3NL-2,MLR0431,L,Round,R,VGR03,,,
3,N,L,Round,R,L,Round,R,L,Round,R,lever,3NL-2,MZS0231,Z,Square,S,VGS03,,,
3,N,L,Round,R,L,Round,R,L,Round,R,lever,3NL-2,MGR1131,G,Round,R,VGR03,,,
3,N,L,Round,R,L,Round,R,L,Round,R,lever,3NL-2,MGR0131,G,Round,R,VGR03,,,
3,N,L,Round,R,L,Round,R,L,Round,R,lever,3NL-2,MGR0331,G,Round,R,VGR03,,,
3,N,L,Round,R,L,Round,R,L,Round,R,lever,3NL-2,MGS0731,G,Square,S,VGS03,,,
3,N,L,Round,R,L,Round,R,L,Round,R,lever,3NL-2,MGS0831,G,Square,S,VGS03,,,
3,N,L,Round,R,L,Round,R,L,Round,R,lever,3NL-2,MGS0931,G,Square,S,VGS03,,,
3,N,L,Round,R,L,Round,R,L,Round,R,lever,3NL-2,MGS1031,G,Square,S,VGS03,,,
3,N,L,Round,R,L,Round,R,L,Round,R,lever,3NL-2,MGS0431,G,Square,S,VGS03,,,
3,N,L,Round,R,L,Round,R,L,Round,R,lever,3NL-2,MGS0231,G,Square,S,VGS03,,,
3,N,L,Round,R,L,Round,R,L,Round,R,lever,3NL-2,MLR0131,L,Round,R,VGR03,,,
3,N,L,Round,R,L,Round,R,L,Round,R,lever,3NL-2,MLR0231,L,Round,R,VGR03,,,
3,N,L,Round,R,L,Round,R,L,Round,R,lever,3NL-2,MLR0331,L,Round,R,VGR03,,,
3,N,L,Round,R,L,Round,R,L,Round,R,lever,3NL-2,MLR0431,L,Round,R,VGR03,,,
3,N,G,Round,R,G,Square,S,Z,Square,S,handle,3NH-1,MGR9940,G,Round,R,VGR13,,,
3,N,G,Round,R,G,Square,S,Z,Square,S,handle,3NH-1,MGS9940,G,Square,S,VGS13,,◯,
3,N,G,Round,R,G,Square,S,G,Round,R,handle,3NH-1,MGR9940,G,Round,R,VGR13,,◯,
3,N,G,Round,R,G,Square,S,G,Round,R,handle,3NH-1,MGS9940,G,Square,S,VGS13,,,
3,N,G,Round,R,G,Square,S,G,Square,S,handle,3NH-1,MGR9940,G,Round,R,VGR13,,,
3,N,G,Round,R,G,Square,S,G,Square,S,handle,3NH-1,MGS9940,G,Square,S,VGS13,,◯,
3,N,G,Round,R,G,Square,S,L,Round,R,handle,3NH-1,MGR9940,G,Round,R,VGR13,,◯,
3,N,G,Round,R,G,Square,S,L,Round,R,handle,3NH-1,MGS9940,G,Square,S,VGS13,,,
3,N,G,Round,R,G,Square,S,Z,Square,S,handle,3NH-2,MGR9942,G,Round,R,VGR02,,,
3,N,G,Round,R,G,Square,S,Z,Square,S,handle,3NH-2,MGS9942,G,Square,S,VGS02,,,
3,N,G,Round,R,G,Square,S,G,Round,R,handle,3NH-2,MGR9942,G,Round,R,VGR02,,,
3,N,G,Round,R,G,Square,S,G,Round,R,handle,3NH-2,MGS9942,G,Square,S,VGS02,,,
3,N,G,Round,R,G,Square,S,G,Square,S,handle,3NH-2,MGR9942,G,Round,R,VGR02,,,
3,N,G,Round,R,G,Square,S,G,Square,S,handle,3NH-2,MGS9942,G,Square,S,VGS02,,,
3,N,G,Round,R,G,Square,S,L,Round,R,handle,3NH-2,MGR9942,G,Round,R,VGR02,,,
3,N,G,Round,R,G,Square,S,L,Round,R,handle,3NH-2,MGS9942,G,Square,S,VGS02,,,
3,N,G,Round,R,G,Square,S,Z,Square,S,switch,3NS-1,MGS9943,G,Square,S,VGS23,,◯,
3,N,G,Round,R,G,Square,S,G,Round,R,switch,3NS-1,MGS9943,G,Square,S,VGS23,,◯,
3,N,G,Round,R,G,Square,S,G,Square,S,switch,3NS-1,MGS9943,G,Square,S,VGS23,,◯,
3,N,G,Round,R,G,Square,S,L,Round,R,switch,3NS-1,MGS9943,G,Square,S,VGS23,,◯,
3,N,G,Round,R,G,Square,S,Z,Square,S,switch,3NS-2,MGS9941B,G,Square,S,VGS03,,,
3,N,G,Round,R,G,Square,S,G,Round,R,switch,3NS-2,MGS9941B,G,Square,S,VGS03,,,
3,N,G,Round,R,G,Square,S,G,Square,S,switch,3NS-2,MGS9941B,G,Square,S,VGS03,,,
3,N,G,Round,R,G,Square,S,L,Round,R,switch,3NS-2,MGS9941B,G,Square,S,VGS03,,,
3,N,G,Round,R,G,Square,S,Z,Square,S,switch,3NS-3,MGS9942B,G,Square,S,VGS02,,,
3,N,G,Round,R,G,Square,S,G,Round,R,switch,3NS-3,MGS9942B,G,Square,S,VGS02,,,
3,N,G,Round,R,G,Square,S,G,Square,S,switch,3NS-3,MGS9942B,G,Square,S,VGS02,,,
3,N,G,Round,R,G,Square,S,L,Round,R,switch,3NS-3,MGS9942B,G,Square,S,VGS02,,,
3,N,G,Round,R,G,Square,S,Z,Square,S,lever,3NL-1,MZS0232,Z,Square,S,VGS02,,◯,
3,N,G,Round,R,G,Square,S,Z,Square,S,lever,3NL-1,MGR1132,G,Round,R,VGR02,,,
3,N,G,Round,R,G,Square,S,Z,Square,S,lever,3NL-1,MGR0132,G,Round,R,VGR02,,,
3,N,G,Round,R,G,Square,S,Z,Square,S,lever,3NL-1,MGR0332,G,Round,R,VGR02,,,
3,N,G,Round,R,G,Square,S,Z,Square,S,lever,3NL-1,MGS0732,G,Square,S,VGS02,,,
3,N,G,Round,R,G,Square,S,Z,Square,S,lever,3NL-1,MGS0832,G,Square,S,VGS02,,,
3,N,G,Round,R,G,Square,S,Z,Square,S,lever,3NL-1,MGS0932,G,Square,S,VGS02,,,
3,N,G,Round,R,G,Square,S,Z,Square,S,lever,3NL-1,MGS1032,G,Square,S,VGS02,,,
3,N,G,Round,R,G,Square,S,Z,Square,S,lever,3NL-1,MGS0432,G,Square,S,VGS02,,,
3,N,G,Round,R,G,Square,S,Z,Square,S,lever,3NL-1,MGS0232,G,Square,S,VGS02,,,
3,N,G,Round,R,G,Square,S,Z,Square,S,lever,3NL-1,MLR0132,L,Round,R,VGR02,,,
3,N,G,Round,R,G,Square,S,Z,Square,S,lever,3NL-1,MLR0232,L,Round,R,VGR02,,,
3,N,G,Round,R,G,Square,S,Z,Square,S,lever,3NL-1,MLR0332,L,Round,R,VGR02,,,
3,N,G,Round,R,G,Square,S,Z,Square,S,lever,3NL-1,MLR0432,L,Round,R,VGR02,,,
3,N,G,Round,R,G,Square,S,G,Round,R,lever,3NL-1,MZS0232,Z,Square,S,VGS02,,,
3,N,G,Round,R,G,Square,S,G,Round,R,lever,3NL-1,MGR1132,G,Round,R,VGR02,,◯,
3,N,G,Round,R,G,Square,S,G,Round,R,lever,3NL-1,MGR0132,G,Round,R,VGR02,,◯,
3,N,G,Round,R,G,Square,S,G,Round,R,lever,3NL-1,MGR0332,G,Round,R,VGR02,,◯,
3,N,G,Round,R,G,Square,S,G,Round,R,lever,3NL-1,MGS0732,G,Square,S,VGS02,,,
3,N,G,Round,R,G,Square,S,G,Round,R,lever,3NL-1,MGS0832,G,Square,S,VGS02,,,
3,N,G,Round,R,G,Square,S,G,Round,R,lever,3NL-1,MGS0932,G,Square,S,VGS02,,,
3,N,G,Round,R,G,Square,S,G,Round,R,lever,3NL-1,MGS1032,G,Square,S,VGS02,,,
3,N,G,Round,R,G,Square,S,G,Round,R,lever,3NL-1,MGS0432,G,Square,S,VGS02,,,
3,N,G,Round,R,G,Square,S,G,Round,R,lever,3NL-1,MGS0232,G,Square,S,VGS02,,,
3,N,G,Round,R,G,Square,S,G,Round,R,lever,3NL-1,MLR0132,L,Round,R,VGR02,,,
3,N,G,Round,R,G,Square,S,G,Round,R,lever,3NL-1,MLR0232,L,Round,R,VGR02,,,
3,N,G,Round,R,G,Square,S,G,Round,R,lever,3NL-1,MLR0332,L,Round,R,VGR02,,,
3,N,G,Round,R,G,Square,S,G,Round,R,lever,3NL-1,MLR0432,L,Round,R,VGR02,,,
3,N,G,Round,R,G,Square,S,G,Square,S,lever,3NL-1,MZS0232,Z,Square,S,VGS02,,,
3,N,G,Round,R,G,Square,S,G,Square,S,lever,3NL-1,MGR1132,G,Round,R,VGR02,,,
3,N,G,Round,R,G,Square,S,G,Square,S,lever,3NL-1,MGR0132,G,Round,R,VGR02,,,
3,N,G,Round,R,G,Square,S,G,Square,S,lever,3NL-1,MGR0332,G,Round,R,VGR02,,,
3,N,G,Round,R,G,Square,S,G,Square,S,lever,3NL-1,MGS0732,G,Square,S,VGS02,,◯,
3,N,G,Round,R,G,Square,S,G,Square,S,lever,3NL-1,MGS0832,G,Square,S,VGS02,,◯,
3,N,G,Round,R,G,Square,S,G,Square,S,lever,3NL-1,MGS0932,G,Square,S,VGS02,,◯,
3,N,G,Round,R,G,Square,S,G,Square,S,lever,3NL-1,MGS1032,G,Square,S,VGS02,,◯,
3,N,G,Round,R,G,Square,S,G,Square,S,lever,3NL-1,MGS0432,G,Square,S,VGS02,,◯,
3,N,G,Round,R,G,Square,S,G,Square,S,lever,3NL-1,MGS0232,G,Square,S,VGS02,,◯,
3,N,G,Round,R,G,Square,S,G,Square,S,lever,3NL-1,MLR0132,L,Round,R,VGR02,,,
3,N,G,Round,R,G,Square,S,G,Square,S,lever,3NL-1,MLR0232,L,Round,R,VGR02,,,
3,N,G,Round,R,G,Square,S,G,Square,S,lever,3NL-1,MLR0332,L,Round,R,VGR02,,,
3,N,G,Round,R,G,Square,S,G,Square,S,lever,3NL-1,MLR0432,L,Round,R,VGR02,,,
3,N,G,Round,R,G,Square,S,L,Round,R,lever,3NL-1,MZS0232,Z,Square,S,VGS02,,,
3,N,G,Round,R,G,Square,S,L,Round,R,lever,3NL-1,MGR1132,G,Round,R,VGR02,,,
3,N,G,Round,R,G,Square,S,L,Round,R,lever,3NL-1,MGR0132,G,Round,R,VGR02,,,
3,N,G,Round,R,G,Square,S,L,Round,R,lever,3NL-1,MGR0332,G,Round,R,VGR02,,,
3,N,G,Round,R,G,Square,S,L,Round,R,lever,3NL-1,MGS0732,G,Square,S,VGS02,,,
3,N,G,Round,R,G,Square,S,L,Round,R,lever,3NL-1,MGS0832,G,Square,S,VGS02,,,
3,N,G,Round,R,G,Square,S,L,Round,R,lever,3NL-1,MGS0932,G,Square,S,VGS02,,,
3,N,G,Round,R,G,Square,S,L,Round,R,lever,3NL-1,MGS1032,G,Square,S,VGS02,,,
3,N,G,Round,R,G,Square,S,L,Round,R,lever,3NL-1,MGS0432,G,Square,S,VGS02,,,
3,N,G,Round,R,G,Square,S,L,Round,R,lever,3NL-1,MGS0232,G,Square,S,VGS02,,,
3,N,G,Round,R,G,Square,S,L,Round,R,lever,3NL-1,MLR0132,L,Round,R,VGR02,,◯,
3,N,G,Round,R,G,Square,S,L,Round,R,lever,3NL-1,MLR0232,L,Round,R,VGR02,,◯,
3,N,G,Round,R,G,Square,S,L,Round,R,lever,3NL-1,MLR0332,L,Round,R,VGR02,,◯,
3,N,G,Round,R,G,Square,S,L,Round,R,lever,3NL-1,MLR0432,L,Round,R,VGR02,,◯,
3,N,G,Round,R,G,Square,S,Z,Square,S,lever,3NL-2,MZS0231,Z,Square,S,VGS03,,,
3,N,G,Round,R,G,Square,S,Z,Square,S,lever,3NL-2,MGR1131,G,Round,R,VGR03,,,
3,N,G,Round,R,G,Square,S,Z,Square,S,lever,3NL-2,MGR0131,G,Round,R,VGR03,,,
3,N,G,Round,R,G,Square,S,Z,Square,S,lever,3NL-2,MGR0331,G,Round,R,VGR03,,,
3,N,G,Round,R,G,Square,S,Z,Square,S,lever,3NL-2,MGS0731,G,Square,S,VGS03,,,
3,N,G,Round,R,G,Square,S,Z,Square,S,lever,3NL-2,MGS0831,G,Square,S,VGS03,,,
3,N,G,Round,R,G,Square,S,Z,Square,S,lever,3NL-2,MGS0931,G,Square,S,VGS03,,,
3,N,G,Round,R,G,Square,S,Z,Square,S,lever,3NL-2,MGS1031,G,Square,S,VGS03,,,
3,N,G,Round,R,G,Square,S,Z,Square,S,lever,3NL-2,MGS0431,G,Square,S,VGS03,,,
3,N,G,Round,R,G,Square,S,Z,Square,S,lever,3NL-2,MGS0231,G,Square,S,VGS03,,,
3,N,G,Round,R,G,Square,S,Z,Square,S,lever,3NL-2,MLR0131,L,Round,R,VGR03,,,
3,N,G,Round,R,G,Square,S,Z,Square,S,lever,3NL-2,MLR0231,L,Round,R,VGR03,,,
3,N,G,Round,R,G,Square,S,Z,Square,S,lever,3NL-2,MLR0331,L,Round,R,VGR03,,,
3,N,G,Round,R,G,Square,S,Z,Square,S,lever,3NL-2,MLR0431,L,Round,R,VGR03,,,
3,N,G,Round,R,G,Square,S,G,Round,R,lever,3NL-2,MZS0231,Z,Square,S,VGS03,,,
3,N,G,Round,R,G,Square,S,G,Round,R,lever,3NL-2,MGR1131,G,Round,R,VGR03,,,
3,N,G,Round,R,G,Square,S,G,Round,R,lever,3NL-2,MGR0131,G,Round,R,VGR03,,,
3,N,G,Round,R,G,Square,S,G,Round,R,lever,3NL-2,MGR0331,G,Round,R,VGR03,,,
3,N,G,Round,R,G,Square,S,G,Round,R,lever,3NL-2,MGS0731,G,Square,S,VGS03,,,
3,N,G,Round,R,G,Square,S,G,Round,R,lever,3NL-2,MGS0831,G,Square,S,VGS03,,,
3,N,G,Round,R,G,Square,S,G,Round,R,lever,3NL-2,MGS0931,G,Square,S,VGS03,,,
3,N,G,Round,R,G,Square,S,G,Round,R,lever,3NL-2,MGS1031,G,Square,S,VGS03,,,
3,N,G,Round,R,G,Square,S,G,Round,R,lever,3NL-2,MGS0431,G,Square,S,VGS03,,,
3,N,G,Round,R,G,Square,S,G,Round,R,lever,3NL-2,MGS0231,G,Square,S,VGS03,,,
3,N,G,Round,R,G,Square,S,G,Round,R,lever,3NL-2,MLR0131,L,Round,R,VGR03,,,
3,N,G,Round,R,G,Square,S,G,Round,R,lever,3NL-2,MLR0231,L,Round,R,VGR03,,,
3,N,G,Round,R,G,Square,S,G,Round,R,lever,3NL-2,MLR0331,L,Round,R,VGR03,,,
3,N,G,Round,R,G,Square,S,G,Round,R,lever,3NL-2,MLR0431,L,Round,R,VGR03,,,
3,N,G,Round,R,G,Square,S,G,Square,S,lever,3NL-2,MZS0231,Z,Square,S,VGS03,,,
3,N,G,Round,R,G,Square,S,G,Square,S,lever,3NL-2,MGR1131,G,Round,R,VGR03,,,
3,N,G,Round,R,G,Square,S,G,Square,S,lever,3NL-2,MGR0131,G,Round,R,VGR03,,,
3,N,G,Round,R,G,Square,S,G,Square,S,lever,3NL-2,MGR0331,G,Round,R,VGR03,,,
3,N,G,Round,R,G,Square,S,G,Square,S,lever,3NL-2,MGS0731,G,Square,S,VGS03,,,
3,N,G,Round,R,G,Square,S,G,Square,S,lever,3NL-2,MGS0831,G,Square,S,VGS03,,,
3,N,G,Round,R,G,Square,S,G,Square,S,lever,3NL-2,MGS0931,G,Square,S,VGS03,,,
3,N,G,Round,R,G,Square,S,G,Square,S,lever,3NL-2,MGS1031,G,Square,S,VGS03,,,
3,N,G,Round,R,G,Square,S,G,Square,S,lever,3NL-2,MGS0431,G,Square,S,VGS03,,,
3,N,G,Round,R,G,Square,S,G,Square,S,lever,3NL-2,MGS0231,G,Square,S,VGS03,,,
3,N,G,Round,R,G,Square,S,G,Square,S,lever,3NL-2,MLR0131,L,Round,R,VGR03,,,
3,N,G,Round,R,G,Square,S,G,Square,S,lever,3NL-2,MLR0231,L,Round,R,VGR03,,,
3,N,G,Round,R,G,Square,S,G,Square,S,lever,3NL-2,MLR0331,L,Round,R,VGR03,,,
3,N,G,Round,R,G,Square,S,G,Square,S,lever,3NL-2,MLR0431,L,Round,R,VGR03,,,
3,N,G,Round,R,G,Square,S,L,Round,R,lever,3NL-2,MZS0231,Z,Square,S,VGS03,,,
3,N,G,Round,R,G,Square,S,L,Round,R,lever,3NL-2,MGR1131,G,Round,R,VGR03,,,
3,N,G,Round,R,G,Square,S,L,Round,R,lever,3NL-2,MGR0131,G,Round,R,VGR03,,,
3,N,G,Round,R,G,Square,S,L,Round,R,lever,3NL-2,MGR0331,G,Round,R,VGR03,,,
3,N,G,Round,R,G,Square,S,L,Round,R,lever,3NL-2,MGS0731,G,Square,S,VGS03,,,
3,N,G,Round,R,G,Square,S,L,Round,R,lever,3NL-2,MGS0831,G,Square,S,VGS03,,,
3,N,G,Round,R,G,Square,S,L,Round,R,lever,3NL-2,MGS0931,G,Square,S,VGS03,,,
3,N,G,Round,R,G,Square,S,L,Round,R,lever,3NL-2,MGS1031,G,Square,S,VGS03,,,
3,N,G,Round,R,G,Square,S,L,Round,R,lever,3NL-2,MGS0431,G,Square,S,VGS03,,,
3,N,G,Round,R,G,Square,S,L,Round,R,lever,3NL-2,MGS0231,G,Square,S,VGS03,,,
3,N,G,Round,R,G,Square,S,L,Round,R,lever,3NL-2,MLR0131,L,Round,R,VGR03,,,
3,N,G,Round,R,G,Square,S,L,Round,R,lever,3NL-2,MLR0231,L,Round,R,VGR03,,,
3,N,G,Round,R,G,Square,S,L,Round,R,lever,3NL-2,MLR0331,L,Round,R,VGR03,,,
3,N,G,Round,R,G,Square,S,L,Round,R,lever,3NL-2,MLR0431,L,Round,R,VGR03,,,
3,N,L,Round,R,G,Square,S,Z,Square,S,handle,3NH-1,MGR9940,G,Round,R,VGR13,,,
3,N,L,Round,R,G,Square,S,Z,Square,S,handle,3NH-1,MGS9940,G,Square,S,VGS13,,◯,
3,N,L,Round,R,G,Square,S,G,Round,R,handle,3NH-1,MGR9940,G,Round,R,VGR13,,◯,
3,N,L,Round,R,G,Square,S,G,Round,R,handle,3NH-1,MGS9940,G,Square,S,VGS13,,,
3,N,L,Round,R,G,Square,S,G,Square,S,handle,3NH-1,MGR9940,G,Round,R,VGR13,,,
3,N,L,Round,R,G,Square,S,G,Square,S,handle,3NH-1,MGS9940,G,Square,S,VGS13,,◯,
3,N,L,Round,R,G,Square,S,L,Round,R,handle,3NH-1,MGR9940,G,Round,R,VGR13,,◯,
3,N,L,Round,R,G,Square,S,L,Round,R,handle,3NH-1,MGS9940,G,Square,S,VGS13,,,
3,N,L,Round,R,G,Square,S,Z,Square,S,handle,3NH-2,MGR9942,G,Round,R,VGR02,,,
3,N,L,Round,R,G,Square,S,Z,Square,S,handle,3NH-2,MGS9942,G,Square,S,VGS02,,,
3,N,L,Round,R,G,Square,S,G,Round,R,handle,3NH-2,MGR9942,G,Round,R,VGR02,,,
3,N,L,Round,R,G,Square,S,G,Round,R,handle,3NH-2,MGS9942,G,Square,S,VGS02,,,
3,N,L,Round,R,G,Square,S,G,Square,S,handle,3NH-2,MGR9942,G,Round,R,VGR02,,,
3,N,L,Round,R,G,Square,S,G,Square,S,handle,3NH-2,MGS9942,G,Square,S,VGS02,,,
3,N,L,Round,R,G,Square,S,L,Round,R,handle,3NH-2,MGR9942,G,Round,R,VGR02,,,
3,N,L,Round,R,G,Square,S,L,Round,R,handle,3NH-2,MGS9942,G,Square,S,VGS02,,,
3,N,L,Round,R,G,Square,S,Z,Square,S,switch,3NS-1,MGS9943,G,Square,S,VGS23,,◯,
3,N,L,Round,R,G,Square,S,G,Round,R,switch,3NS-1,MGS9943,G,Square,S,VGS23,,◯,
3,N,L,Round,R,G,Square,S,G,Square,S,switch,3NS-1,MGS9943,G,Square,S,VGS23,,◯,
3,N,L,Round,R,G,Square,S,L,Round,R,switch,3NS-1,MGS9943,G,Square,S,VGS23,,◯,
3,N,L,Round,R,G,Square,S,Z,Square,S,switch,3NS-2,MGS9941B,G,Square,S,VGS03,,,
3,N,L,Round,R,G,Square,S,G,Round,R,switch,3NS-2,MGS9941B,G,Square,S,VGS03,,,
3,N,L,Round,R,G,Square,S,G,Square,S,switch,3NS-2,MGS9941B,G,Square,S,VGS03,,,
3,N,L,Round,R,G,Square,S,L,Round,R,switch,3NS-2,MGS9941B,G,Square,S,VGS03,,,
3,N,L,Round,R,G,Square,S,Z,Square,S,switch,3NS-3,MGS9942B,G,Square,S,VGS02,,,
3,N,L,Round,R,G,Square,S,G,Round,R,switch,3NS-3,MGS9942B,G,Square,S,VGS02,,,
3,N,L,Round,R,G,Square,S,G,Square,S,switch,3NS-3,MGS9942B,G,Square,S,VGS02,,,
3,N,L,Round,R,G,Square,S,L,Round,R,switch,3NS-3,MGS9942B,G,Square,S,VGS02,,,
3,N,L,Round,R,G,Square,S,Z,Square,S,lever,3NL-1,MZS0232,Z,Square,S,VGS02,,◯,
3,N,L,Round,R,G,Square,S,Z,Square,S,lever,3NL-1,MGR1132,G,Round,R,VGR02,,,
3,N,L,Round,R,G,Square,S,Z,Square,S,lever,3NL-1,MGR0132,G,Round,R,VGR02,,,
3,N,L,Round,R,G,Square,S,Z,Square,S,lever,3NL-1,MGR0332,G,Round,R,VGR02,,,
3,N,L,Round,R,G,Square,S,Z,Square,S,lever,3NL-1,MGS0732,G,Square,S,VGS02,,,
3,N,L,Round,R,G,Square,S,Z,Square,S,lever,3NL-1,MGS0832,G,Square,S,VGS02,,,
3,N,L,Round,R,G,Square,S,Z,Square,S,lever,3NL-1,MGS0932,G,Square,S,VGS02,,,
3,N,L,Round,R,G,Square,S,Z,Square,S,lever,3NL-1,MGS1032,G,Square,S,VGS02,,,
3,N,L,Round,R,G,Square,S,Z,Square,S,lever,3NL-1,MGS0432,G,Square,S,VGS02,,,
3,N,L,Round,R,G,Square,S,Z,Square,S,lever,3NL-1,MGS0232,G,Square,S,VGS02,,,
3,N,L,Round,R,G,Square,S,Z,Square,S,lever,3NL-1,MLR0132,L,Round,R,VGR02,,,
3,N,L,Round,R,G,Square,S,Z,Square,S,lever,3NL-1,MLR0232,L,Round,R,VGR02,,,
3,N,L,Round,R,G,Square,S,Z,Square,S,lever,3NL-1,MLR0332,L,Round,R,VGR02,,,
3,N,L,Round,R,G,Square,S,Z,Square,S,lever,3NL-1,MLR0432,L,Round,R,VGR02,,,
3,N,L,Round,R,G,Square,S,G,Round,R,lever,3NL-1,MZS0232,Z,Square,S,VGS02,,,
3,N,L,Round,R,G,Square,S,G,Round,R,lever,3NL-1,MGR1132,G,Round,R,VGR02,,◯,
3,N,L,Round,R,G,Square,S,G,Round,R,lever,3NL-1,MGR0132,G,Round,R,VGR02,,◯,
3,N,L,Round,R,G,Square,S,G,Round,R,lever,3NL-1,MGR0332,G,Round,R,VGR02,,◯,
3,N,L,Round,R,G,Square,S,G,Round,R,lever,3NL-1,MGS0732,G,Square,S,VGS02,,,
3,N,L,Round,R,G,Square,S,G,Round,R,lever,3NL-1,MGS0832,G,Square,S,VGS02,,,
3,N,L,Round,R,G,Square,S,G,Round,R,lever,3NL-1,MGS0932,G,Square,S,VGS02,,,
3,N,L,Round,R,G,Square,S,G,Round,R,lever,3NL-1,MGS1032,G,Square,S,VGS02,,,
3,N,L,Round,R,G,Square,S,G,Round,R,lever,3NL-1,MGS0432,G,Square,S,VGS02,,,
3,N,L,Round,R,G,Square,S,G,Round,R,lever,3NL-1,MGS0232,G,Square,S,VGS02,,,
3,N,L,Round,R,G,Square,S,G,Round,R,lever,3NL-1,MLR0132,L,Round,R,VGR02,,,
3,N,L,Round,R,G,Square,S,G,Round,R,lever,3NL-1,MLR0232,L,Round,R,VGR02,,,
3,N,L,Round,R,G,Square,S,G,Round,R,lever,3NL-1,MLR0332,L,Round,R,VGR02,,,
3,N,L,Round,R,G,Square,S,G,Round,R,lever,3NL-1,MLR0432,L,Round,R,VGR02,,,
3,N,L,Round,R,G,Square,S,G,Square,S,lever,3NL-1,MZS0232,Z,Square,S,VGS02,,,
3,N,L,Round,R,G,Square,S,G,Square,S,lever,3NL-1,MGR1132,G,Round,R,VGR02,,,
3,N,L,Round,R,G,Square,S,G,Square,S,lever,3NL-1,MGR0132,G,Round,R,VGR02,,,
3,N,L,Round,R,G,Square,S,G,Square,S,lever,3NL-1,MGR0332,G,Round,R,VGR02,,,
3,N,L,Round,R,G,Square,S,G,Square,S,lever,3NL-1,MGS0732,G,Square,S,VGS02,,◯,
3,N,L,Round,R,G,Square,S,G,Square,S,lever,3NL-1,MGS0832,G,Square,S,VGS02,,◯,
3,N,L,Round,R,G,Square,S,G,Square,S,lever,3NL-1,MGS0932,G,Square,S,VGS02,,◯,
3,N,L,Round,R,G,Square,S,G,Square,S,lever,3NL-1,MGS1032,G,Square,S,VGS02,,◯,
3,N,L,Round,R,G,Square,S,G,Square,S,lever,3NL-1,MGS0432,G,Square,S,VGS02,,◯,
3,N,L,Round,R,G,Square,S,G,Square,S,lever,3NL-1,MGS0232,G,Square,S,VGS02,,◯,
3,N,L,Round,R,G,Square,S,G,Square,S,lever,3NL-1,MLR0132,L,Round,R,VGR02,,,
3,N,L,Round,R,G,Square,S,G,Square,S,lever,3NL-1,MLR0232,L,Round,R,VGR02,,,
3,N,L,Round,R,G,Square,S,G,Square,S,lever,3NL-1,MLR0332,L,Round,R,VGR02,,,
3,N,L,Round,R,G,Square,S,G,Square,S,lever,3NL-1,MLR0432,L,Round,R,VGR02,,,
3,N,L,Round,R,G,Square,S,L,Round,R,lever,3NL-1,MZS0232,Z,Square,S,VGS02,,,
3,N,L,Round,R,G,Square,S,L,Round,R,lever,3NL-1,MGR1132,G,Round,R,VGR02,,,
3,N,L,Round,R,G,Square,S,L,Round,R,lever,3NL-1,MGR0132,G,Round,R,VGR02,,,
3,N,L,Round,R,G,Square,S,L,Round,R,lever,3NL-1,MGR0332,G,Round,R,VGR02,,,
3,N,L,Round,R,G,Square,S,L,Round,R,lever,3NL-1,MGS0732,G,Square,S,VGS02,,,
3,N,L,Round,R,G,Square,S,L,Round,R,lever,3NL-1,MGS0832,G,Square,S,VGS02,,,
3,N,L,Round,R,G,Square,S,L,Round,R,lever,3NL-1,MGS0932,G,Square,S,VGS02,,,
3,N,L,Round,R,G,Square,S,L,Round,R,lever,3NL-1,MGS1032,G,Square,S,VGS02,,,
3,N,L,Round,R,G,Square,S,L,Round,R,lever,3NL-1,MGS0432,G,Square,S,VGS02,,,
3,N,L,Round,R,G,Square,S,L,Round,R,lever,3NL-1,MGS0232,G,Square,S,VGS02,,,
3,N,L,Round,R,G,Square,S,L,Round,R,lever,3NL-1,MLR0132,L,Round,R,VGR02,,◯,
3,N,L,Round,R,G,Square,S,L,Round,R,lever,3NL-1,MLR0232,L,Round,R,VGR02,,◯,
3,N,L,Round,R,G,Square,S,L,Round,R,lever,3NL-1,MLR0332,L,Round,R,VGR02,,◯,
3,N,L,Round,R,G,Square,S,L,Round,R,lever,3NL-1,MLR0432,L,Round,R,VGR02,,◯,
3,N,L,Round,R,G,Square,S,Z,Square,S,lever,3NL-2,MZS0231,Z,Square,S,VGS03,,,
3,N,L,Round,R,G,Square,S,Z,Square,S,lever,3NL-2,MGR1131,G,Round,R,VGR03,,,
3,N,L,Round,R,G,Square,S,Z,Square,S,lever,3NL-2,MGR0131,G,Round,R,VGR03,,,
3,N,L,Round,R,G,Square,S,Z,Square,S,lever,3NL-2,MGR0331,G,Round,R,VGR03,,,
3,N,L,Round,R,G,Square,S,Z,Square,S,lever,3NL-2,MGS0731,G,Square,S,VGS03,,,
3,N,L,Round,R,G,Square,S,Z,Square,S,lever,3NL-2,MGS0831,G,Square,S,VGS03,,,
3,N,L,Round,R,G,Square,S,Z,Square,S,lever,3NL-2,MGS0931,G,Square,S,VGS03,,,
3,N,L,Round,R,G,Square,S,Z,Square,S,lever,3NL-2,MGS1031,G,Square,S,VGS03,,,
3,N,L,Round,R,G,Square,S,Z,Square,S,lever,3NL-2,MGS0431,G,Square,S,VGS03,,,
3,N,L,Round,R,G,Square,S,Z,Square,S,lever,3NL-2,MGS0231,G,Square,S,VGS03,,,
3,N,L,Round,R,G,Square,S,Z,Square,S,lever,3NL-2,MLR0131,L,Round,R,VGR03,,,
3,N,L,Round,R,G,Square,S,Z,Square,S,lever,3NL-2,MLR0231,L,Round,R,VGR03,,,
3,N,L,Round,R,G,Square,S,Z,Square,S,lever,3NL-2,MLR0331,L,Round,R,VGR03,,,
3,N,L,Round,R,G,Square,S,Z,Square,S,lever,3NL-2,MLR0431,L,Round,R,VGR03,,,
3,N,L,Round,R,G,Square,S,G,Round,R,lever,3NL-2,MZS0231,Z,Square,S,VGS03,,,
3,N,L,Round,R,G,Square,S,G,Round,R,lever,3NL-2,MGR1131,G,Round,R,VGR03,,,
3,N,L,Round,R,G,Square,S,G,Round,R,lever,3NL-2,MGR0131,G,Round,R,VGR03,,,
3,N,L,Round,R,G,Square,S,G,Round,R,lever,3NL-2,MGR0331,G,Round,R,VGR03,,,
3,N,L,Round,R,G,Square,S,G,Round,R,lever,3NL-2,MGS0731,G,Square,S,VGS03,,,
3,N,L,Round,R,G,Square,S,G,Round,R,lever,3NL-2,MGS0831,G,Square,S,VGS03,,,
3,N,L,Round,R,G,Square,S,G,Round,R,lever,3NL-2,MGS0931,G,Square,S,VGS03,,,
3,N,L,Round,R,G,Square,S,G,Round,R,lever,3NL-2,MGS1031,G,Square,S,VGS03,,,
3,N,L,Round,R,G,Square,S,G,Round,R,lever,3NL-2,MGS0431,G,Square,S,VGS03,,,
3,N,L,Round,R,G,Square,S,G,Round,R,lever,3NL-2,MGS0231,G,Square,S,VGS03,,,
3,N,L,Round,R,G,Square,S,G,Round,R,lever,3NL-2,MLR0131,L,Round,R,VGR03,,,
3,N,L,Round,R,G,Square,S,G,Round,R,lever,3NL-2,MLR0231,L,Round,R,VGR03,,,
3,N,L,Round,R,G,Square,S,G,Round,R,lever,3NL-2,MLR0331,L,Round,R,VGR03,,,
3,N,L,Round,R,G,Square,S,G,Round,R,lever,3NL-2,MLR0431,L,Round,R,VGR03,,,
3,N,L,Round,R,G,Square,S,G,Square,S,lever,3NL-2,MZS0231,Z,Square,S,VGS03,,,
3,N,L,Round,R,G,Square,S,G,Square,S,lever,3NL-2,MGR1131,G,Round,R,VGR03,,,
3,N,L,Round,R,G,Square,S,G,Square,S,lever,3NL-2,MGR0131,G,Round,R,VGR03,,,
3,N,L,Round,R,G,Square,S,G,Square,S,lever,3NL-2,MGR0331,G,Round,R,VGR03,,,
3,N,L,Round,R,G,Square,S,G,Square,S,lever,3NL-2,MGS0731,G,Square,S,VGS03,,,
3,N,L,Round,R,G,Square,S,G,Square,S,lever,3NL-2,MGS0831,G,Square,S,VGS03,,,
3,N,L,Round,R,G,Square,S,G,Square,S,lever,3NL-2,MGS0931,G,Square,S,VGS03,,,
3,N,L,Round,R,G,Square,S,G,Square,S,lever,3NL-2,MGS1031,G,Square,S,VGS03,,,
3,N,L,Round,R,G,Square,S,G,Square,S,lever,3NL-2,MGS0431,G,Square,S,VGS03,,,
3,N,L,Round,R,G,Square,S,G,Square,S,lever,3NL-2,MGS0231,G,Square,S,VGS03,,,
3,N,L,Round,R,G,Square,S,G,Square,S,lever,3NL-2,MLR0131,L,Round,R,VGR03,,,
3,N,L,Round,R,G,Square,S,G,Square,S,lever,3NL-2,MLR0231,L,Round,R,VGR03,,,
3,N,L,Round,R,G,Square,S,G,Square,S,lever,3NL-2,MLR0331,L,Round,R,VGR03,,,
3,N,L,Round,R,G,Square,S,G,Square,S,lever,3NL-2,MLR0431,L,Round,R,VGR03,,,
3,N,L,Round,R,G,Square,S,L,Round,R,lever,3NL-2,MZS0231,Z,Square,S,VGS03,,,
3,N,L,Round,R,G,Square,S,L,Round,R,lever,3NL-2,MGR1131,G,Round,R,VGR03,,,
3,N,L,Round,R,G,Square,S,L,Round,R,lever,3NL-2,MGR0131,G,Round,R,VGR03,,,
3,N,L,Round,R,G,Square,S,L,Round,R,lever,3NL-2,MGR0331,G,Round,R,VGR03,,,
3,N,L,Round,R,G,Square,S,L,Round,R,lever,3NL-2,MGS0731,G,Square,S,VGS03,,,
3,N,L,Round,R,G,Square,S,L,Round,R,lever,3NL-2,MGS0831,G,Square,S,VGS03,,,
3,N,L,Round,R,G,Square,S,L,Round,R,lever,3NL-2,MGS0931,G,Square,S,VGS03,,,
3,N,L,Round,R,G,Square,S,L,Round,R,lever,3NL-2,MGS1031,G,Square,S,VGS03,,,
3,N,L,Round,R,G,Square,S,L,Round,R,lever,3NL-2,MGS0431,G,Square,S,VGS03,,,
3,N,L,Round,R,G,Square,S,L,Round,R,lever,3NL-2,MGS0231,G,Square,S,VGS03,,,
3,N,L,Round,R,G,Square,S,L,Round,R,lever,3NL-2,MLR0131,L,Round,R,VGR03,,,
3,N,L,Round,R,G,Square,S,L,Round,R,lever,3NL-2,MLR0231,L,Round,R,VGR03,,,
3,N,L,Round,R,G,Square,S,L,Round,R,lever,3NL-2,MLR0331,L,Round,R,VGR03,,,
3,N,L,Round,R,G,Square,S,L,Round,R,lever,3NL-2,MLR0431,L,Round,R,VGR03,,,
3,N,G,Square,S,G,Round,R,Z,Square,S,handle,3NH-1,MGR9940,G,Round,R,VGR13,,,
3,N,G,Square,S,G,Round,R,Z,Square,S,handle,3NH-1,MGS9940,G,Square,S,VGS13,,◯,
3,N,G,Square,S,G,Round,R,G,Round,R,handle,3NH-1,MGR9940,G,Round,R,VGR13,,◯,
3,N,G,Square,S,G,Round,R,G,Round,R,handle,3NH-1,MGS9940,G,Square,S,VGS13,,,
3,N,G,Square,S,G,Round,R,G,Square,S,handle,3NH-1,MGR9940,G,Round,R,VGR13,,,
3,N,G,Square,S,G,Round,R,G,Square,S,handle,3NH-1,MGS9940,G,Square,S,VGS13,,◯,
3,N,G,Square,S,G,Round,R,L,Round,R,handle,3NH-1,MGR9940,G,Round,R,VGR13,,◯,
3,N,G,Square,S,G,Round,R,L,Round,R,handle,3NH-1,MGS9940,G,Square,S,VGS13,,,
3,N,G,Square,S,G,Round,R,Z,Square,S,handle,3NH-2,MGR9942,G,Round,R,VGR02,,,
3,N,G,Square,S,G,Round,R,Z,Square,S,handle,3NH-2,MGS9942,G,Square,S,VGS02,,,
3,N,G,Square,S,G,Round,R,G,Round,R,handle,3NH-2,MGR9942,G,Round,R,VGR02,,,
3,N,G,Square,S,G,Round,R,G,Round,R,handle,3NH-2,MGS9942,G,Square,S,VGS02,,,
3,N,G,Square,S,G,Round,R,G,Square,S,handle,3NH-2,MGR9942,G,Round,R,VGR02,,,
3,N,G,Square,S,G,Round,R,G,Square,S,handle,3NH-2,MGS9942,G,Square,S,VGS02,,,
3,N,G,Square,S,G,Round,R,L,Round,R,handle,3NH-2,MGR9942,G,Round,R,VGR02,,,
3,N,G,Square,S,G,Round,R,L,Round,R,handle,3NH-2,MGS9942,G,Square,S,VGS02,,,
3,N,G,Square,S,G,Round,R,Z,Square,S,switch,3NS-1,MGS9943,G,Square,S,VGS23,,◯,
3,N,G,Square,S,G,Round,R,G,Round,R,switch,3NS-1,MGS9943,G,Square,S,VGS23,,◯,
3,N,G,Square,S,G,Round,R,G,Square,S,switch,3NS-1,MGS9943,G,Square,S,VGS23,,◯,
3,N,G,Square,S,G,Round,R,L,Round,R,switch,3NS-1,MGS9943,G,Square,S,VGS23,,◯,
3,N,G,Square,S,G,Round,R,Z,Square,S,switch,3NS-2,MGS9941B,G,Square,S,VGS03,,,
3,N,G,Square,S,G,Round,R,G,Round,R,switch,3NS-2,MGS9941B,G,Square,S,VGS03,,,
3,N,G,Square,S,G,Round,R,G,Square,S,switch,3NS-2,MGS9941B,G,Square,S,VGS03,,,
3,N,G,Square,S,G,Round,R,L,Round,R,switch,3NS-2,MGS9941B,G,Square,S,VGS03,,,
3,N,G,Square,S,G,Round,R,Z,Square,S,switch,3NS-3,MGS9942B,G,Square,S,VGS02,,,
3,N,G,Square,S,G,Round,R,G,Round,R,switch,3NS-3,MGS9942B,G,Square,S,VGS02,,,
3,N,G,Square,S,G,Round,R,G,Square,S,switch,3NS-3,MGS9942B,G,Square,S,VGS02,,,
3,N,G,Square,S,G,Round,R,L,Round,R,switch,3NS-3,MGS9942B,G,Square,S,VGS02,,,
3,N,G,Square,S,G,Round,R,Z,Square,S,lever,3NL-1,MZS0232,Z,Square,S,VGS02,,◯,
3,N,G,Square,S,G,Round,R,Z,Square,S,lever,3NL-1,MGR1132,G,Round,R,VGR02,,,
3,N,G,Square,S,G,Round,R,Z,Square,S,lever,3NL-1,MGR0132,G,Round,R,VGR02,,,
3,N,G,Square,S,G,Round,R,Z,Square,S,lever,3NL-1,MGR0332,G,Round,R,VGR02,,,
3,N,G,Square,S,G,Round,R,Z,Square,S,lever,3NL-1,MGS0732,G,Square,S,VGS02,,,
3,N,G,Square,S,G,Round,R,Z,Square,S,lever,3NL-1,MGS0832,G,Square,S,VGS02,,,
3,N,G,Square,S,G,Round,R,Z,Square,S,lever,3NL-1,MGS0932,G,Square,S,VGS02,,,
3,N,G,Square,S,G,Round,R,Z,Square,S,lever,3NL-1,MGS1032,G,Square,S,VGS02,,,
3,N,G,Square,S,G,Round,R,Z,Square,S,lever,3NL-1,MGS0432,G,Square,S,VGS02,,,
3,N,G,Square,S,G,Round,R,Z,Square,S,lever,3NL-1,MGS0232,G,Square,S,VGS02,,,
3,N,G,Square,S,G,Round,R,Z,Square,S,lever,3NL-1,MLR0132,L,Round,R,VGR02,,,
3,N,G,Square,S,G,Round,R,Z,Square,S,lever,3NL-1,MLR0232,L,Round,R,VGR02,,,
3,N,G,Square,S,G,Round,R,Z,Square,S,lever,3NL-1,MLR0332,L,Round,R,VGR02,,,
3,N,G,Square,S,G,Round,R,Z,Square,S,lever,3NL-1,MLR0432,L,Round,R,VGR02,,,
3,N,G,Square,S,G,Round,R,G,Round,R,lever,3NL-1,MZS0232,Z,Square,S,VGS02,,,
3,N,G,Square,S,G,Round,R,G,Round,R,lever,3NL-1,MGR1132,G,Round,R,VGR02,,◯,
3,N,G,Square,S,G,Round,R,G,Round,R,lever,3NL-1,MGR0132,G,Round,R,VGR02,,◯,
3,N,G,Square,S,G,Round,R,G,Round,R,lever,3NL-1,MGR0332,G,Round,R,VGR02,,◯,
3,N,G,Square,S,G,Round,R,G,Round,R,lever,3NL-1,MGS0732,G,Square,S,VGS02,,,
3,N,G,Square,S,G,Round,R,G,Round,R,lever,3NL-1,MGS0832,G,Square,S,VGS02,,,
3,N,G,Square,S,G,Round,R,G,Round,R,lever,3NL-1,MGS0932,G,Square,S,VGS02,,,
3,N,G,Square,S,G,Round,R,G,Round,R,lever,3NL-1,MGS1032,G,Square,S,VGS02,,,
3,N,G,Square,S,G,Round,R,G,Round,R,lever,3NL-1,MGS0432,G,Square,S,VGS02,,,
3,N,G,Square,S,G,Round,R,G,Round,R,lever,3NL-1,MGS0232,G,Square,S,VGS02,,,
3,N,G,Square,S,G,Round,R,G,Round,R,lever,3NL-1,MLR0132,L,Round,R,VGR02,,,
3,N,G,Square,S,G,Round,R,G,Round,R,lever,3NL-1,MLR0232,L,Round,R,VGR02,,,
3,N,G,Square,S,G,Round,R,G,Round,R,lever,3NL-1,MLR0332,L,Round,R,VGR02,,,
3,N,G,Square,S,G,Round,R,G,Round,R,lever,3NL-1,MLR0432,L,Round,R,VGR02,,,
3,N,G,Square,S,G,Round,R,G,Square,S,lever,3NL-1,MZS0232,Z,Square,S,VGS02,,,
3,N,G,Square,S,G,Round,R,G,Square,S,lever,3NL-1,MGR1132,G,Round,R,VGR02,,,
3,N,G,Square,S,G,Round,R,G,Square,S,lever,3NL-1,MGR0132,G,Round,R,VGR02,,,
3,N,G,Square,S,G,Round,R,G,Square,S,lever,3NL-1,MGR0332,G,Round,R,VGR02,,,
3,N,G,Square,S,G,Round,R,G,Square,S,lever,3NL-1,MGS0732,G,Square,S,VGS02,,◯,
3,N,G,Square,S,G,Round,R,G,Square,S,lever,3NL-1,MGS0832,G,Square,S,VGS02,,◯,
3,N,G,Square,S,G,Round,R,G,Square,S,lever,3NL-1,MGS0932,G,Square,S,VGS02,,◯,
3,N,G,Square,S,G,Round,R,G,Square,S,lever,3NL-1,MGS1032,G,Square,S,VGS02,,◯,
3,N,G,Square,S,G,Round,R,G,Square,S,lever,3NL-1,MGS0432,G,Square,S,VGS02,,◯,
3,N,G,Square,S,G,Round,R,G,Square,S,lever,3NL-1,MGS0232,G,Square,S,VGS02,,◯,
3,N,G,Square,S,G,Round,R,G,Square,S,lever,3NL-1,MLR0132,L,Round,R,VGR02,,,
3,N,G,Square,S,G,Round,R,G,Square,S,lever,3NL-1,MLR0232,L,Round,R,VGR02,,,
3,N,G,Square,S,G,Round,R,G,Square,S,lever,3NL-1,MLR0332,L,Round,R,VGR02,,,
3,N,G,Square,S,G,Round,R,G,Square,S,lever,3NL-1,MLR0432,L,Round,R,VGR02,,,
3,N,G,Square,S,G,Round,R,L,Round,R,lever,3NL-1,MZS0232,Z,Square,S,VGS02,,,
3,N,G,Square,S,G,Round,R,L,Round,R,lever,3NL-1,MGR1132,G,Round,R,VGR02,,,
3,N,G,Square,S,G,Round,R,L,Round,R,lever,3NL-1,MGR0132,G,Round,R,VGR02,,,
3,N,G,Square,S,G,Round,R,L,Round,R,lever,3NL-1,MGR0332,G,Round,R,VGR02,,,
3,N,G,Square,S,G,Round,R,L,Round,R,lever,3NL-1,MGS0732,G,Square,S,VGS02,,,
3,N,G,Square,S,G,Round,R,L,Round,R,lever,3NL-1,MGS0832,G,Square,S,VGS02,,,
3,N,G,Square,S,G,Round,R,L,Round,R,lever,3NL-1,MGS0932,G,Square,S,VGS02,,,
3,N,G,Square,S,G,Round,R,L,Round,R,lever,3NL-1,MGS1032,G,Square,S,VGS02,,,
3,N,G,Square,S,G,Round,R,L,Round,R,lever,3NL-1,MGS0432,G,Square,S,VGS02,,,
3,N,G,Square,S,G,Round,R,L,Round,R,lever,3NL-1,MGS0232,G,Square,S,VGS02,,,
3,N,G,Square,S,G,Round,R,L,Round,R,lever,3NL-1,MLR0132,L,Round,R,VGR02,,◯,
3,N,G,Square,S,G,Round,R,L,Round,R,lever,3NL-1,MLR0232,L,Round,R,VGR02,,◯,
3,N,G,Square,S,G,Round,R,L,Round,R,lever,3NL-1,MLR0332,L,Round,R,VGR02,,◯,
3,N,G,Square,S,G,Round,R,L,Round,R,lever,3NL-1,MLR0432,L,Round,R,VGR02,,◯,
3,N,G,Square,S,G,Round,R,Z,Square,S,lever,3NL-2,MZS0231,Z,Square,S,VGS03,,,
3,N,G,Square,S,G,Round,R,Z,Square,S,lever,3NL-2,MGR1131,G,Round,R,VGR03,,,
3,N,G,Square,S,G,Round,R,Z,Square,S,lever,3NL-2,MGR0131,G,Round,R,VGR03,,,
3,N,G,Square,S,G,Round,R,Z,Square,S,lever,3NL-2,MGR0331,G,Round,R,VGR03,,,
3,N,G,Square,S,G,Round,R,Z,Square,S,lever,3NL-2,MGS0731,G,Square,S,VGS03,,,
3,N,G,Square,S,G,Round,R,Z,Square,S,lever,3NL-2,MGS0831,G,Square,S,VGS03,,,
3,N,G,Square,S,G,Round,R,Z,Square,S,lever,3NL-2,MGS0931,G,Square,S,VGS03,,,
3,N,G,Square,S,G,Round,R,Z,Square,S,lever,3NL-2,MGS1031,G,Square,S,VGS03,,,
3,N,G,Square,S,G,Round,R,Z,Square,S,lever,3NL-2,MGS0431,G,Square,S,VGS03,,,
3,N,G,Square,S,G,Round,R,Z,Square,S,lever,3NL-2,MGS0231,G,Square,S,VGS03,,,
3,N,G,Square,S,G,Round,R,Z,Square,S,lever,3NL-2,MLR0131,L,Round,R,VGR03,,,
3,N,G,Square,S,G,Round,R,Z,Square,S,lever,3NL-2,MLR0231,L,Round,R,VGR03,,,
3,N,G,Square,S,G,Round,R,Z,Square,S,lever,3NL-2,MLR0331,L,Round,R,VGR03,,,
3,N,G,Square,S,G,Round,R,Z,Square,S,lever,3NL-2,MLR0431,L,Round,R,VGR03,,,
3,N,G,Square,S,G,Round,R,G,Round,R,lever,3NL-2,MZS0231,Z,Square,S,VGS03,,,
3,N,G,Square,S,G,Round,R,G,Round,R,lever,3NL-2,MGR1131,G,Round,R,VGR03,,,
3,N,G,Square,S,G,Round,R,G,Round,R,lever,3NL-2,MGR0131,G,Round,R,VGR03,,,
3,N,G,Square,S,G,Round,R,G,Round,R,lever,3NL-2,MGR0331,G,Round,R,VGR03,,,
3,N,G,Square,S,G,Round,R,G,Round,R,lever,3NL-2,MGS0731,G,Square,S,VGS03,,,
3,N,G,Square,S,G,Round,R,G,Round,R,lever,3NL-2,MGS0831,G,Square,S,VGS03,,,
3,N,G,Square,S,G,Round,R,G,Round,R,lever,3NL-2,MGS0931,G,Square,S,VGS03,,,
3,N,G,Square,S,G,Round,R,G,Round,R,lever,3NL-2,MGS1031,G,Square,S,VGS03,,,
3,N,G,Square,S,G,Round,R,G,Round,R,lever,3NL-2,MGS0431,G,Square,S,VGS03,,,
3,N,G,Square,S,G,Round,R,G,Round,R,lever,3NL-2,MGS0231,G,Square,S,VGS03,,,
3,N,G,Square,S,G,Round,R,G,Round,R,lever,3NL-2,MLR0131,L,Round,R,VGR03,,,
3,N,G,Square,S,G,Round,R,G,Round,R,lever,3NL-2,MLR0231,L,Round,R,VGR03,,,
3,N,G,Square,S,G,Round,R,G,Round,R,lever,3NL-2,MLR0331,L,Round,R,VGR03,,,
3,N,G,Square,S,G,Round,R,G,Round,R,lever,3NL-2,MLR0431,L,Round,R,VGR03,,,
3,N,G,Square,S,G,Round,R,G,Square,S,lever,3NL-2,MZS0231,Z,Square,S,VGS03,,,
3,N,G,Square,S,G,Round,R,G,Square,S,lever,3NL-2,MGR1131,G,Round,R,VGR03,,,
3,N,G,Square,S,G,Round,R,G,Square,S,lever,3NL-2,MGR0131,G,Round,R,VGR03,,,
3,N,G,Square,S,G,Round,R,G,Square,S,lever,3NL-2,MGR0331,G,Round,R,VGR03,,,
3,N,G,Square,S,G,Round,R,G,Square,S,lever,3NL-2,MGS0731,G,Square,S,VGS03,,,
3,N,G,Square,S,G,Round,R,G,Square,S,lever,3NL-2,MGS0831,G,Square,S,VGS03,,,
3,N,G,Square,S,G,Round,R,G,Square,S,lever,3NL-2,MGS0931,G,Square,S,VGS03,,,
3,N,G,Square,S,G,Round,R,G,Square,S,lever,3NL-2,MGS1031,G,Square,S,VGS03,,,
3,N,G,Square,S,G,Round,R,G,Square,S,lever,3NL-2,MGS0431,G,Square,S,VGS03,,,
3,N,G,Square,S,G,Round,R,G,Square,S,lever,3NL-2,MGS0231,G,Square,S,VGS03,,,
3,N,G,Square,S,G,Round,R,G,Square,S,lever,3NL-2,MLR0131,L,Round,R,VGR03,,,
3,N,G,Square,S,G,Round,R,G,Square,S,lever,3NL-2,MLR0231,L,Round,R,VGR03,,,
3,N,G,Square,S,G,Round,R,G,Square,S,lever,3NL-2,MLR0331,L,Round,R,VGR03,,,
3,N,G,Square,S,G,Round,R,G,Square,S,lever,3NL-2,MLR0431,L,Round,R,VGR03,,,
3,N,G,Square,S,G,Round,R,L,Round,R,lever,3NL-2,MZS0231,Z,Square,S,VGS03,,,
3,N,G,Square,S,G,Round,R,L,Round,R,lever,3NL-2,MGR1131,G,Round,R,VGR03,,,
3,N,G,Square,S,G,Round,R,L,Round,R,lever,3NL-2,MGR0131,G,Round,R,VGR03,,,
3,N,G,Square,S,G,Round,R,L,Round,R,lever,3NL-2,MGR0331,G,Round,R,VGR03,,,
3,N,G,Square,S,G,Round,R,L,Round,R,lever,3NL-2,MGS0731,G,Square,S,VGS03,,,
3,N,G,Square,S,G,Round,R,L,Round,R,lever,3NL-2,MGS0831,G,Square,S,VGS03,,,
3,N,G,Square,S,G,Round,R,L,Round,R,lever,3NL-2,MGS0931,G,Square,S,VGS03,,,
3,N,G,Square,S,G,Round,R,L,Round,R,lever,3NL-2,MGS1031,G,Square,S,VGS03,,,
3,N,G,Square,S,G,Round,R,L,Round,R,lever,3NL-2,MGS0431,G,Square,S,VGS03,,,
3,N,G,Square,S,G,Round,R,L,Round,R,lever,3NL-2,MGS0231,G,Square,S,VGS03,,,
3,N,G,Square,S,G,Round,R,L,Round,R,lever,3NL-2,MLR0131,L,Round,R,VGR03,,,
3,N,G,Square,S,G,Round,R,L,Round,R,lever,3NL-2,MLR0231,L,Round,R,VGR03,,,
3,N,G,Square,S,G,Round,R,L,Round,R,lever,3NL-2,MLR0331,L,Round,R,VGR03,,,
3,N,G,Square,S,G,Round,R,L,Round,R,lever,3NL-2,MLR0431,L,Round,R,VGR03,,,
3,N,G,Square,S,L,Round,R,Z,Square,S,handle,3NH-1,MGR9940,G,Round,R,VGR13,,,
3,N,G,Square,S,L,Round,R,Z,Square,S,handle,3NH-1,MGS9940,G,Square,S,VGS13,,◯,
3,N,G,Square,S,L,Round,R,G,Round,R,handle,3NH-1,MGR9940,G,Round,R,VGR13,,◯,
3,N,G,Square,S,L,Round,R,G,Round,R,handle,3NH-1,MGS9940,G,Square,S,VGS13,,,
3,N,G,Square,S,L,Round,R,G,Square,S,handle,3NH-1,MGR9940,G,Round,R,VGR13,,,
3,N,G,Square,S,L,Round,R,G,Square,S,handle,3NH-1,MGS9940,G,Square,S,VGS13,,◯,
3,N,G,Square,S,L,Round,R,L,Round,R,handle,3NH-1,MGR9940,G,Round,R,VGR13,,◯,
3,N,G,Square,S,L,Round,R,L,Round,R,handle,3NH-1,MGS9940,G,Square,S,VGS13,,,
3,N,G,Square,S,L,Round,R,Z,Square,S,handle,3NH-2,MGR9942,G,Round,R,VGR02,,,
3,N,G,Square,S,L,Round,R,Z,Square,S,handle,3NH-2,MGS9942,G,Square,S,VGS02,,,
3,N,G,Square,S,L,Round,R,G,Round,R,handle,3NH-2,MGR9942,G,Round,R,VGR02,,,
3,N,G,Square,S,L,Round,R,G,Round,R,handle,3NH-2,MGS9942,G,Square,S,VGS02,,,
3,N,G,Square,S,L,Round,R,G,Square,S,handle,3NH-2,MGR9942,G,Round,R,VGR02,,,
3,N,G,Square,S,L,Round,R,G,Square,S,handle,3NH-2,MGS9942,G,Square,S,VGS02,,,
3,N,G,Square,S,L,Round,R,L,Round,R,handle,3NH-2,MGR9942,G,Round,R,VGR02,,,
3,N,G,Square,S,L,Round,R,L,Round,R,handle,3NH-2,MGS9942,G,Square,S,VGS02,,,
3,N,G,Square,S,L,Round,R,Z,Square,S,switch,3NS-1,MGS9943,G,Square,S,VGS23,,◯,
3,N,G,Square,S,L,Round,R,G,Round,R,switch,3NS-1,MGS9943,G,Square,S,VGS23,,◯,
3,N,G,Square,S,L,Round,R,G,Square,S,switch,3NS-1,MGS9943,G,Square,S,VGS23,,◯,
3,N,G,Square,S,L,Round,R,L,Round,R,switch,3NS-1,MGS9943,G,Square,S,VGS23,,◯,
3,N,G,Square,S,L,Round,R,Z,Square,S,switch,3NS-2,MGS9941B,G,Square,S,VGS03,,,
3,N,G,Square,S,L,Round,R,G,Round,R,switch,3NS-2,MGS9941B,G,Square,S,VGS03,,,
3,N,G,Square,S,L,Round,R,G,Square,S,switch,3NS-2,MGS9941B,G,Square,S,VGS03,,,
3,N,G,Square,S,L,Round,R,L,Round,R,switch,3NS-2,MGS9941B,G,Square,S,VGS03,,,
3,N,G,Square,S,L,Round,R,Z,Square,S,switch,3NS-3,MGS9942B,G,Square,S,VGS02,,,
3,N,G,Square,S,L,Round,R,G,Round,R,switch,3NS-3,MGS9942B,G,Square,S,VGS02,,,
3,N,G,Square,S,L,Round,R,G,Square,S,switch,3NS-3,MGS9942B,G,Square,S,VGS02,,,
3,N,G,Square,S,L,Round,R,L,Round,R,switch,3NS-3,MGS9942B,G,Square,S,VGS02,,,
3,N,G,Square,S,L,Round,R,Z,Square,S,lever,3NL-1,MZS0232,Z,Square,S,VGS02,,◯,
3,N,G,Square,S,L,Round,R,Z,Square,S,lever,3NL-1,MGR1132,G,Round,R,VGR02,,,
3,N,G,Square,S,L,Round,R,Z,Square,S,lever,3NL-1,MGR0132,G,Round,R,VGR02,,,
3,N,G,Square,S,L,Round,R,Z,Square,S,lever,3NL-1,MGR0332,G,Round,R,VGR02,,,
3,N,G,Square,S,L,Round,R,Z,Square,S,lever,3NL-1,MGS0732,G,Square,S,VGS02,,,
3,N,G,Square,S,L,Round,R,Z,Square,S,lever,3NL-1,MGS0832,G,Square,S,VGS02,,,
3,N,G,Square,S,L,Round,R,Z,Square,S,lever,3NL-1,MGS0932,G,Square,S,VGS02,,,
3,N,G,Square,S,L,Round,R,Z,Square,S,lever,3NL-1,MGS1032,G,Square,S,VGS02,,,
3,N,G,Square,S,L,Round,R,Z,Square,S,lever,3NL-1,MGS0432,G,Square,S,VGS02,,,
3,N,G,Square,S,L,Round,R,Z,Square,S,lever,3NL-1,MGS0232,G,Square,S,VGS02,,,
3,N,G,Square,S,L,Round,R,Z,Square,S,lever,3NL-1,MLR0132,L,Round,R,VGR02,,,
3,N,G,Square,S,L,Round,R,Z,Square,S,lever,3NL-1,MLR0232,L,Round,R,VGR02,,,
3,N,G,Square,S,L,Round,R,Z,Square,S,lever,3NL-1,MLR0332,L,Round,R,VGR02,,,
3,N,G,Square,S,L,Round,R,Z,Square,S,lever,3NL-1,MLR0432,L,Round,R,VGR02,,,
3,N,G,Square,S,L,Round,R,G,Round,R,lever,3NL-1,MZS0232,Z,Square,S,VGS02,,,
3,N,G,Square,S,L,Round,R,G,Round,R,lever,3NL-1,MGR1132,G,Round,R,VGR02,,◯,
3,N,G,Square,S,L,Round,R,G,Round,R,lever,3NL-1,MGR0132,G,Round,R,VGR02,,◯,
3,N,G,Square,S,L,Round,R,G,Round,R,lever,3NL-1,MGR0332,G,Round,R,VGR02,,◯,
3,N,G,Square,S,L,Round,R,G,Round,R,lever,3NL-1,MGS0732,G,Square,S,VGS02,,,
3,N,G,Square,S,L,Round,R,G,Round,R,lever,3NL-1,MGS0832,G,Square,S,VGS02,,,
3,N,G,Square,S,L,Round,R,G,Round,R,lever,3NL-1,MGS0932,G,Square,S,VGS02,,,
3,N,G,Square,S,L,Round,R,G,Round,R,lever,3NL-1,MGS1032,G,Square,S,VGS02,,,
3,N,G,Square,S,L,Round,R,G,Round,R,lever,3NL-1,MGS0432,G,Square,S,VGS02,,,
3,N,G,Square,S,L,Round,R,G,Round,R,lever,3NL-1,MGS0232,G,Square,S,VGS02,,,
3,N,G,Square,S,L,Round,R,G,Round,R,lever,3NL-1,MLR0132,L,Round,R,VGR02,,,
3,N,G,Square,S,L,Round,R,G,Round,R,lever,3NL-1,MLR0232,L,Round,R,VGR02,,,
3,N,G,Square,S,L,Round,R,G,Round,R,lever,3NL-1,MLR0332,L,Round,R,VGR02,,,
3,N,G,Square,S,L,Round,R,G,Round,R,lever,3NL-1,MLR0432,L,Round,R,VGR02,,,
3,N,G,Square,S,L,Round,R,G,Square,S,lever,3NL-1,MZS0232,Z,Square,S,VGS02,,,
3,N,G,Square,S,L,Round,R,G,Square,S,lever,3NL-1,MGR1132,G,Round,R,VGR02,,,
3,N,G,Square,S,L,Round,R,G,Square,S,lever,3NL-1,MGR0132,G,Round,R,VGR02,,,
3,N,G,Square,S,L,Round,R,G,Square,S,lever,3NL-1,MGR0332,G,Round,R,VGR02,,,
3,N,G,Square,S,L,Round,R,G,Square,S,lever,3NL-1,MGS0732,G,Square,S,VGS02,,◯,
3,N,G,Square,S,L,Round,R,G,Square,S,lever,3NL-1,MGS0832,G,Square,S,VGS02,,◯,
3,N,G,Square,S,L,Round,R,G,Square,S,lever,3NL-1,MGS0932,G,Square,S,VGS02,,◯,
3,N,G,Square,S,L,Round,R,G,Square,S,lever,3NL-1,MGS1032,G,Square,S,VGS02,,◯,
3,N,G,Square,S,L,Round,R,G,Square,S,lever,3NL-1,MGS0432,G,Square,S,VGS02,,◯,
3,N,G,Square,S,L,Round,R,G,Square,S,lever,3NL-1,MGS0232,G,Square,S,VGS02,,◯,
3,N,G,Square,S,L,Round,R,G,Square,S,lever,3NL-1,MLR0132,L,Round,R,VGR02,,,
3,N,G,Square,S,L,Round,R,G,Square,S,lever,3NL-1,MLR0232,L,Round,R,VGR02,,,
3,N,G,Square,S,L,Round,R,G,Square,S,lever,3NL-1,MLR0332,L,Round,R,VGR02,,,
3,N,G,Square,S,L,Round,R,G,Square,S,lever,3NL-1,MLR0432,L,Round,R,VGR02,,,
3,N,G,Square,S,L,Round,R,L,Round,R,lever,3NL-1,MZS0232,Z,Square,S,VGS02,,,
3,N,G,Square,S,L,Round,R,L,Round,R,lever,3NL-1,MGR1132,G,Round,R,VGR02,,,
3,N,G,Square,S,L,Round,R,L,Round,R,lever,3NL-1,MGR0132,G,Round,R,VGR02,,,
3,N,G,Square,S,L,Round,R,L,Round,R,lever,3NL-1,MGR0332,G,Round,R,VGR02,,,
3,N,G,Square,S,L,Round,R,L,Round,R,lever,3NL-1,MGS0732,G,Square,S,VGS02,,,
3,N,G,Square,S,L,Round,R,L,Round,R,lever,3NL-1,MGS0832,G,Square,S,VGS02,,,
3,N,G,Square,S,L,Round,R,L,Round,R,lever,3NL-1,MGS0932,G,Square,S,VGS02,,,
3,N,G,Square,S,L,Round,R,L,Round,R,lever,3NL-1,MGS1032,G,Square,S,VGS02,,,
3,N,G,Square,S,L,Round,R,L,Round,R,lever,3NL-1,MGS0432,G,Square,S,VGS02,,,
3,N,G,Square,S,L,Round,R,L,Round,R,lever,3NL-1,MGS0232,G,Square,S,VGS02,,,
3,N,G,Square,S,L,Round,R,L,Round,R,lever,3NL-1,MLR0132,L,Round,R,VGR02,,◯,
3,N,G,Square,S,L,Round,R,L,Round,R,lever,3NL-1,MLR0232,L,Round,R,VGR02,,◯,
3,N,G,Square,S,L,Round,R,L,Round,R,lever,3NL-1,MLR0332,L,Round,R,VGR02,,◯,
3,N,G,Square,S,L,Round,R,L,Round,R,lever,3NL-1,MLR0432,L,Round,R,VGR02,,◯,
3,N,G,Square,S,L,Round,R,Z,Square,S,lever,3NL-2,MZS0231,Z,Square,S,VGS03,,,
3,N,G,Square,S,L,Round,R,Z,Square,S,lever,3NL-2,MGR1131,G,Round,R,VGR03,,,
3,N,G,Square,S,L,Round,R,Z,Square,S,lever,3NL-2,MGR0131,G,Round,R,VGR03,,,
3,N,G,Square,S,L,Round,R,Z,Square,S,lever,3NL-2,MGR0331,G,Round,R,VGR03,,,
3,N,G,Square,S,L,Round,R,Z,Square,S,lever,3NL-2,MGS0731,G,Square,S,VGS03,,,
3,N,G,Square,S,L,Round,R,Z,Square,S,lever,3NL-2,MGS0831,G,Square,S,VGS03,,,
3,N,G,Square,S,L,Round,R,Z,Square,S,lever,3NL-2,MGS0931,G,Square,S,VGS03,,,
3,N,G,Square,S,L,Round,R,Z,Square,S,lever,3NL-2,MGS1031,G,Square,S,VGS03,,,
3,N,G,Square,S,L,Round,R,Z,Square,S,lever,3NL-2,MGS0431,G,Square,S,VGS03,,,
3,N,G,Square,S,L,Round,R,Z,Square,S,lever,3NL-2,MGS0231,G,Square,S,VGS03,,,
3,N,G,Square,S,L,Round,R,Z,Square,S,lever,3NL-2,MLR0131,L,Round,R,VGR03,,,
3,N,G,Square,S,L,Round,R,Z,Square,S,lever,3NL-2,MLR0231,L,Round,R,VGR03,,,
3,N,G,Square,S,L,Round,R,Z,Square,S,lever,3NL-2,MLR0331,L,Round,R,VGR03,,,
3,N,G,Square,S,L,Round,R,Z,Square,S,lever,3NL-2,MLR0431,L,Round,R,VGR03,,,
3,N,G,Square,S,L,Round,R,G,Round,R,lever,3NL-2,MZS0231,Z,Square,S,VGS03,,,
3,N,G,Square,S,L,Round,R,G,Round,R,lever,3NL-2,MGR1131,G,Round,R,VGR03,,,
3,N,G,Square,S,L,Round,R,G,Round,R,lever,3NL-2,MGR0131,G,Round,R,VGR03,,,
3,N,G,Square,S,L,Round,R,G,Round,R,lever,3NL-2,MGR0331,G,Round,R,VGR03,,,
3,N,G,Square,S,L,Round,R,G,Round,R,lever,3NL-2,MGS0731,G,Square,S,VGS03,,,
3,N,G,Square,S,L,Round,R,G,Round,R,lever,3NL-2,MGS0831,G,Square,S,VGS03,,,
3,N,G,Square,S,L,Round,R,G,Round,R,lever,3NL-2,MGS0931,G,Square,S,VGS03,,,
3,N,G,Square,S,L,Round,R,G,Round,R,lever,3NL-2,MGS1031,G,Square,S,VGS03,,,
3,N,G,Square,S,L,Round,R,G,Round,R,lever,3NL-2,MGS0431,G,Square,S,VGS03,,,
3,N,G,Square,S,L,Round,R,G,Round,R,lever,3NL-2,MGS0231,G,Square,S,VGS03,,,
3,N,G,Square,S,L,Round,R,G,Round,R,lever,3NL-2,MLR0131,L,Round,R,VGR03,,,
3,N,G,Square,S,L,Round,R,G,Round,R,lever,3NL-2,MLR0231,L,Round,R,VGR03,,,
3,N,G,Square,S,L,Round,R,G,Round,R,lever,3NL-2,MLR0331,L,Round,R,VGR03,,,
3,N,G,Square,S,L,Round,R,G,Round,R,lever,3NL-2,MLR0431,L,Round,R,VGR03,,,
3,N,G,Square,S,L,Round,R,G,Square,S,lever,3NL-2,MZS0231,Z,Square,S,VGS03,,,
3,N,G,Square,S,L,Round,R,G,Square,S,lever,3NL-2,MGR1131,G,Round,R,VGR03,,,
3,N,G,Square,S,L,Round,R,G,Square,S,lever,3NL-2,MGR0131,G,Round,R,VGR03,,,
3,N,G,Square,S,L,Round,R,G,Square,S,lever,3NL-2,MGR0331,G,Round,R,VGR03,,,
3,N,G,Square,S,L,Round,R,G,Square,S,lever,3NL-2,MGS0731,G,Square,S,VGS03,,,
3,N,G,Square,S,L,Round,R,G,Square,S,lever,3NL-2,MGS0831,G,Square,S,VGS03,,,
3,N,G,Square,S,L,Round,R,G,Square,S,lever,3NL-2,MGS0931,G,Square,S,VGS03,,,
3,N,G,Square,S,L,Round,R,G,Square,S,lever,3NL-2,MGS1031,G,Square,S,VGS03,,,
3,N,G,Square,S,L,Round,R,G,Square,S,lever,3NL-2,MGS0431,G,Square,S,VGS03,,,
3,N,G,Square,S,L,Round,R,G,Square,S,lever,3NL-2,MGS0231,G,Square,S,VGS03,,,
3,N,G,Square,S,L,Round,R,G,Square,S,lever,3NL-2,MLR0131,L,Round,R,VGR03,,,
3,N,G,Square,S,L,Round,R,G,Square,S,lever,3NL-2,MLR0231,L,Round,R,VGR03,,,
3,N,G,Square,S,L,Round,R,G,Square,S,lever,3NL-2,MLR0331,L,Round,R,VGR03,,,
3,N,G,Square,S,L,Round,R,G,Square,S,lever,3NL-2,MLR0431,L,Round,R,VGR03,,,
3,N,G,Square,S,L,Round,R,L,Round,R,lever,3NL-2,MZS0231,Z,Square,S,VGS03,,,
3,N,G,Square,S,L,Round,R,L,Round,R,lever,3NL-2,MGR1131,G,Round,R,VGR03,,,
3,N,G,Square,S,L,Round,R,L,Round,R,lever,3NL-2,MGR0131,G,Round,R,VGR03,,,
3,N,G,Square,S,L,Round,R,L,Round,R,lever,3NL-2,MGR0331,G,Round,R,VGR03,,,
3,N,G,Square,S,L,Round,R,L,Round,R,lever,3NL-2,MGS0731,G,Square,S,VGS03,,,
3,N,G,Square,S,L,Round,R,L,Round,R,lever,3NL-2,MGS0831,G,Square,S,VGS03,,,
3,N,G,Square,S,L,Round,R,L,Round,R,lever,3NL-2,MGS0931,G,Square,S,VGS03,,,
3,N,G,Square,S,L,Round,R,L,Round,R,lever,3NL-2,MGS1031,G,Square,S,VGS03,,,
3,N,G,Square,S,L,Round,R,L,Round,R,lever,3NL-2,MGS0431,G,Square,S,VGS03,,,
3,N,G,Square,S,L,Round,R,L,Round,R,lever,3NL-2,MGS0231,G,Square,S,VGS03,,,
3,N,G,Square,S,L,Round,R,L,Round,R,lever,3NL-2,MLR0131,L,Round,R,VGR03,,,
3,N,G,Square,S,L,Round,R,L,Round,R,lever,3NL-2,MLR0231,L,Round,R,VGR03,,,
3,N,G,Square,S,L,Round,R,L,Round,R,lever,3NL-2,MLR0331,L,Round,R,VGR03,,,
3,N,G,Square,S,L,Round,R,L,Round,R,lever,3NL-2,MLR0431,L,Round,R,VGR03,,,
3,N,G,Square,S,G,Square,S,Z,Square,S,handle,3NH-1,MGR9940,G,Round,R,VGR13,,◯,
3,N,G,Square,S,G,Square,S,Z,Square,S,handle,3NH-1,MGS9940,G,Square,S,VGS13,,,
3,N,G,Square,S,G,Square,S,G,Round,R,handle,3NH-1,MGR9940,G,Round,R,VGR13,,◯,
3,N,G,Square,S,G,Square,S,G,Round,R,handle,3NH-1,MGS9940,G,Square,S,VGS13,,,
3,N,G,Square,S,G,Square,S,G,Square,S,handle,3NH-1,MGR9940,G,Round,R,VGR13,,,
3,N,G,Square,S,G,Square,S,G,Square,S,handle,3NH-1,MGS9940,G,Square,S,VGS13,,◯,
3,N,G,Square,S,G,Square,S,L,Round,R,handle,3NH-1,MGR9940,G,Round,R,VGR13,,◯,
3,N,G,Square,S,G,Square,S,L,Round,R,handle,3NH-1,MGS9940,G,Square,S,VGS13,,,
3,N,G,Square,S,G,Square,S,Z,Square,S,handle,3NH-2,MGR9942,G,Round,R,VGR02,,,
3,N,G,Square,S,G,Square,S,Z,Square,S,handle,3NH-2,MGS9942,G,Square,S,VGS02,,,
3,N,G,Square,S,G,Square,S,G,Round,R,handle,3NH-2,MGR9942,G,Round,R,VGR02,,,
3,N,G,Square,S,G,Square,S,G,Round,R,handle,3NH-2,MGS9942,G,Square,S,VGS02,,,
3,N,G,Square,S,G,Square,S,G,Square,S,handle,3NH-2,MGR9942,G,Round,R,VGR02,,,
3,N,G,Square,S,G,Square,S,G,Square,S,handle,3NH-2,MGS9942,G,Square,S,VGS02,,,
3,N,G,Square,S,G,Square,S,L,Round,R,handle,3NH-2,MGR9942,G,Round,R,VGR02,,,
3,N,G,Square,S,G,Square,S,L,Round,R,handle,3NH-2,MGS9942,G,Square,S,VGS02,,,
3,N,G,Square,S,G,Square,S,Z,Square,S,switch,3NS-1,MGS9943,G,Square,S,VGS23,,◯,
3,N,G,Square,S,G,Square,S,G,Round,R,switch,3NS-1,MGS9943,G,Square,S,VGS23,,◯,
3,N,G,Square,S,G,Square,S,G,Square,S,switch,3NS-1,MGS9943,G,Square,S,VGS23,,◯,
3,N,G,Square,S,G,Square,S,L,Round,R,switch,3NS-1,MGS9943,G,Square,S,VGS23,,◯,
3,N,G,Square,S,G,Square,S,Z,Square,S,switch,3NS-2,MGS9941B,G,Square,S,VGS03,,,
3,N,G,Square,S,G,Square,S,G,Round,R,switch,3NS-2,MGS9941B,G,Square,S,VGS03,,,
3,N,G,Square,S,G,Square,S,G,Square,S,switch,3NS-2,MGS9941B,G,Square,S,VGS03,,,
3,N,G,Square,S,G,Square,S,L,Round,R,switch,3NS-2,MGS9941B,G,Square,S,VGS03,,,
3,N,G,Square,S,G,Square,S,Z,Square,S,switch,3NS-3,MGS9942B,G,Square,S,VGS02,,,
3,N,G,Square,S,G,Square,S,G,Round,R,switch,3NS-3,MGS9942B,G,Square,S,VGS02,,,
3,N,G,Square,S,G,Square,S,G,Square,S,switch,3NS-3,MGS9942B,G,Square,S,VGS02,,,
3,N,G,Square,S,G,Square,S,L,Round,R,switch,3NS-3,MGS9942B,G,Square,S,VGS02,,,
3,N,G,Square,S,G,Square,S,Z,Square,S,lever,3NL-1,MZS0232,Z,Square,S,VGS02,,◯,
3,N,G,Square,S,G,Square,S,Z,Square,S,lever,3NL-1,MGR1132,G,Round,R,VGR02,,,
3,N,G,Square,S,G,Square,S,Z,Square,S,lever,3NL-1,MGR0132,G,Round,R,VGR02,,,
3,N,G,Square,S,G,Square,S,Z,Square,S,lever,3NL-1,MGR0332,G,Round,R,VGR02,,,
3,N,G,Square,S,G,Square,S,Z,Square,S,lever,3NL-1,MGS0732,G,Square,S,VGS02,,,
3,N,G,Square,S,G,Square,S,Z,Square,S,lever,3NL-1,MGS0832,G,Square,S,VGS02,,,
3,N,G,Square,S,G,Square,S,Z,Square,S,lever,3NL-1,MGS0932,G,Square,S,VGS02,,,
3,N,G,Square,S,G,Square,S,Z,Square,S,lever,3NL-1,MGS1032,G,Square,S,VGS02,,,
3,N,G,Square,S,G,Square,S,Z,Square,S,lever,3NL-1,MGS0432,G,Square,S,VGS02,,,
3,N,G,Square,S,G,Square,S,Z,Square,S,lever,3NL-1,MGS0232,G,Square,S,VGS02,,,
3,N,G,Square,S,G,Square,S,Z,Square,S,lever,3NL-1,MLR0132,L,Round,R,VGR02,,,
3,N,G,Square,S,G,Square,S,Z,Square,S,lever,3NL-1,MLR0232,L,Round,R,VGR02,,,
3,N,G,Square,S,G,Square,S,Z,Square,S,lever,3NL-1,MLR0332,L,Round,R,VGR02,,,
3,N,G,Square,S,G,Square,S,Z,Square,S,lever,3NL-1,MLR0432,L,Round,R,VGR02,,,
3,N,G,Square,S,G,Square,S,G,Round,R,lever,3NL-1,MZS0232,Z,Square,S,VGS02,,,
3,N,G,Square,S,G,Square,S,G,Round,R,lever,3NL-1,MGR1132,G,Round,R,VGR02,,◯,
3,N,G,Square,S,G,Square,S,G,Round,R,lever,3NL-1,MGR0132,G,Round,R,VGR02,,◯,
3,N,G,Square,S,G,Square,S,G,Round,R,lever,3NL-1,MGR0332,G,Round,R,VGR02,,◯,
3,N,G,Square,S,G,Square,S,G,Round,R,lever,3NL-1,MGS0732,G,Square,S,VGS02,,,
3,N,G,Square,S,G,Square,S,G,Round,R,lever,3NL-1,MGS0832,G,Square,S,VGS02,,,
3,N,G,Square,S,G,Square,S,G,Round,R,lever,3NL-1,MGS0932,G,Square,S,VGS02,,,
3,N,G,Square,S,G,Square,S,G,Round,R,lever,3NL-1,MGS1032,G,Square,S,VGS02,,,
3,N,G,Square,S,G,Square,S,G,Round,R,lever,3NL-1,MGS0432,G,Square,S,VGS02,,,
3,N,G,Square,S,G,Square,S,G,Round,R,lever,3NL-1,MGS0232,G,Square,S,VGS02,,,
3,N,G,Square,S,G,Square,S,G,Round,R,lever,3NL-1,MLR0132,L,Round,R,VGR02,,,
3,N,G,Square,S,G,Square,S,G,Round,R,lever,3NL-1,MLR0232,L,Round,R,VGR02,,,
3,N,G,Square,S,G,Square,S,G,Round,R,lever,3NL-1,MLR0332,L,Round,R,VGR02,,,
3,N,G,Square,S,G,Square,S,G,Round,R,lever,3NL-1,MLR0432,L,Round,R,VGR02,,,
3,N,G,Square,S,G,Square,S,G,Square,S,lever,3NL-1,MZS0232,Z,Square,S,VGS02,,,
3,N,G,Square,S,G,Square,S,G,Square,S,lever,3NL-1,MGR1132,G,Round,R,VGR02,,,
3,N,G,Square,S,G,Square,S,G,Square,S,lever,3NL-1,MGR0132,G,Round,R,VGR02,,,
3,N,G,Square,S,G,Square,S,G,Square,S,lever,3NL-1,MGR0332,G,Round,R,VGR02,,,
3,N,G,Square,S,G,Square,S,G,Square,S,lever,3NL-1,MGS0732,G,Square,S,VGS02,,◯,
3,N,G,Square,S,G,Square,S,G,Square,S,lever,3NL-1,MGS0832,G,Square,S,VGS02,,◯,
3,N,G,Square,S,G,Square,S,G,Square,S,lever,3NL-1,MGS0932,G,Square,S,VGS02,,◯,
3,N,G,Square,S,G,Square,S,G,Square,S,lever,3NL-1,MGS1032,G,Square,S,VGS02,,◯,
3,N,G,Square,S,G,Square,S,G,Square,S,lever,3NL-1,MGS0432,G,Square,S,VGS02,,◯,
3,N,G,Square,S,G,Square,S,G,Square,S,lever,3NL-1,MGS0232,G,Square,S,VGS02,,◯,
3,N,G,Square,S,G,Square,S,G,Square,S,lever,3NL-1,MLR0132,L,Round,R,VGR02,,,
3,N,G,Square,S,G,Square,S,G,Square,S,lever,3NL-1,MLR0232,L,Round,R,VGR02,,,
3,N,G,Square,S,G,Square,S,G,Square,S,lever,3NL-1,MLR0332,L,Round,R,VGR02,,,
3,N,G,Square,S,G,Square,S,G,Square,S,lever,3NL-1,MLR0432,L,Round,R,VGR02,,,
3,N,G,Square,S,G,Square,S,L,Round,R,lever,3NL-1,MZS0232,Z,Square,S,VGS02,,,
3,N,G,Square,S,G,Square,S,L,Round,R,lever,3NL-1,MGR1132,G,Round,R,VGR02,,,
3,N,G,Square,S,G,Square,S,L,Round,R,lever,3NL-1,MGR0132,G,Round,R,VGR02,,,
3,N,G,Square,S,G,Square,S,L,Round,R,lever,3NL-1,MGR0332,G,Round,R,VGR02,,,
3,N,G,Square,S,G,Square,S,L,Round,R,lever,3NL-1,MGS0732,G,Square,S,VGS02,,,
3,N,G,Square,S,G,Square,S,L,Round,R,lever,3NL-1,MGS0832,G,Square,S,VGS02,,,
3,N,G,Square,S,G,Square,S,L,Round,R,lever,3NL-1,MGS0932,G,Square,S,VGS02,,,
3,N,G,Square,S,G,Square,S,L,Round,R,lever,3NL-1,MGS1032,G,Square,S,VGS02,,,
3,N,G,Square,S,G,Square,S,L,Round,R,lever,3NL-1,MGS0432,G,Square,S,VGS02,,,
3,N,G,Square,S,G,Square,S,L,Round,R,lever,3NL-1,MGS0232,G,Square,S,VGS02,,,
3,N,G,Square,S,G,Square,S,L,Round,R,lever,3NL-1,MLR0132,L,Round,R,VGR02,,◯,
3,N,G,Square,S,G,Square,S,L,Round,R,lever,3NL-1,MLR0232,L,Round,R,VGR02,,◯,
3,N,G,Square,S,G,Square,S,L,Round,R,lever,3NL-1,MLR0332,L,Round,R,VGR02,,◯,
3,N,G,Square,S,G,Square,S,L,Round,R,lever,3NL-1,MLR0432,L,Round,R,VGR02,,◯,
3,N,G,Square,S,G,Square,S,Z,Square,S,lever,3NL-2,MZS0231,Z,Square,S,VGS03,,,
3,N,G,Square,S,G,Square,S,Z,Square,S,lever,3NL-2,MGR1131,G,Round,R,VGR03,,,
3,N,G,Square,S,G,Square,S,Z,Square,S,lever,3NL-2,MGR0131,G,Round,R,VGR03,,,
3,N,G,Square,S,G,Square,S,Z,Square,S,lever,3NL-2,MGR0331,G,Round,R,VGR03,,,
3,N,G,Square,S,G,Square,S,Z,Square,S,lever,3NL-2,MGS0731,G,Square,S,VGS03,,,
3,N,G,Square,S,G,Square,S,Z,Square,S,lever,3NL-2,MGS0831,G,Square,S,VGS03,,,
3,N,G,Square,S,G,Square,S,Z,Square,S,lever,3NL-2,MGS0931,G,Square,S,VGS03,,,
3,N,G,Square,S,G,Square,S,Z,Square,S,lever,3NL-2,MGS1031,G,Square,S,VGS03,,,
3,N,G,Square,S,G,Square,S,Z,Square,S,lever,3NL-2,MGS0431,G,Square,S,VGS03,,,
3,N,G,Square,S,G,Square,S,Z,Square,S,lever,3NL-2,MGS0231,G,Square,S,VGS03,,,
3,N,G,Square,S,G,Square,S,Z,Square,S,lever,3NL-2,MLR0131,L,Round,R,VGR03,,,
3,N,G,Square,S,G,Square,S,Z,Square,S,lever,3NL-2,MLR0231,L,Round,R,VGR03,,,
3,N,G,Square,S,G,Square,S,Z,Square,S,lever,3NL-2,MLR0331,L,Round,R,VGR03,,,
3,N,G,Square,S,G,Square,S,Z,Square,S,lever,3NL-2,MLR0431,L,Round,R,VGR03,,,
3,N,G,Square,S,G,Square,S,G,Round,R,lever,3NL-2,MZS0231,Z,Square,S,VGS03,,,
3,N,G,Square,S,G,Square,S,G,Round,R,lever,3NL-2,MGR1131,G,Round,R,VGR03,,,
3,N,G,Square,S,G,Square,S,G,Round,R,lever,3NL-2,MGR0131,G,Round,R,VGR03,,,
3,N,G,Square,S,G,Square,S,G,Round,R,lever,3NL-2,MGR0331,G,Round,R,VGR03,,,
3,N,G,Square,S,G,Square,S,G,Round,R,lever,3NL-2,MGS0731,G,Square,S,VGS03,,,
3,N,G,Square,S,G,Square,S,G,Round,R,lever,3NL-2,MGS0831,G,Square,S,VGS03,,,
3,N,G,Square,S,G,Square,S,G,Round,R,lever,3NL-2,MGS0931,G,Square,S,VGS03,,,
3,N,G,Square,S,G,Square,S,G,Round,R,lever,3NL-2,MGS1031,G,Square,S,VGS03,,,
3,N,G,Square,S,G,Square,S,G,Round,R,lever,3NL-2,MGS0431,G,Square,S,VGS03,,,
3,N,G,Square,S,G,Square,S,G,Round,R,lever,3NL-2,MGS0231,G,Square,S,VGS03,,,
3,N,G,Square,S,G,Square,S,G,Round,R,lever,3NL-2,MLR0131,L,Round,R,VGR03,,,
3,N,G,Square,S,G,Square,S,G,Round,R,lever,3NL-2,MLR0231,L,Round,R,VGR03,,,
3,N,G,Square,S,G,Square,S,G,Round,R,lever,3NL-2,MLR0331,L,Round,R,VGR03,,,
3,N,G,Square,S,G,Square,S,G,Round,R,lever,3NL-2,MLR0431,L,Round,R,VGR03,,,
3,N,G,Square,S,G,Square,S,G,Square,S,lever,3NL-2,MZS0231,Z,Square,S,VGS03,,,
3,N,G,Square,S,G,Square,S,G,Square,S,lever,3NL-2,MGR1131,G,Round,R,VGR03,,,
3,N,G,Square,S,G,Square,S,G,Square,S,lever,3NL-2,MGR0131,G,Round,R,VGR03,,,
3,N,G,Square,S,G,Square,S,G,Square,S,lever,3NL-2,MGR0331,G,Round,R,VGR03,,,
3,N,G,Square,S,G,Square,S,G,Square,S,lever,3NL-2,MGS0731,G,Square,S,VGS03,,,
3,N,G,Square,S,G,Square,S,G,Square,S,lever,3NL-2,MGS0831,G,Square,S,VGS03,,,
3,N,G,Square,S,G,Square,S,G,Square,S,lever,3NL-2,MGS0931,G,Square,S,VGS03,,,
3,N,G,Square,S,G,Square,S,G,Square,S,lever,3NL-2,MGS1031,G,Square,S,VGS03,,,
3,N,G,Square,S,G,Square,S,G,Square,S,lever,3NL-2,MGS0431,G,Square,S,VGS03,,,
3,N,G,Square,S,G,Square,S,G,Square,S,lever,3NL-2,MGS0231,G,Square,S,VGS03,,,
3,N,G,Square,S,G,Square,S,G,Square,S,lever,3NL-2,MLR0131,L,Round,R,VGR03,,,
3,N,G,Square,S,G,Square,S,G,Square,S,lever,3NL-2,MLR0231,L,Round,R,VGR03,,,
3,N,G,Square,S,G,Square,S,G,Square,S,lever,3NL-2,MLR0331,L,Round,R,VGR03,,,
3,N,G,Square,S,G,Square,S,G,Square,S,lever,3NL-2,MLR0431,L,Round,R,VGR03,,,
3,N,G,Square,S,G,Square,S,L,Round,R,lever,3NL-2,MZS0231,Z,Square,S,VGS03,,,
3,N,G,Square,S,G,Square,S,L,Round,R,lever,3NL-2,MGR1131,G,Round,R,VGR03,,,
3,N,G,Square,S,G,Square,S,L,Round,R,lever,3NL-2,MGR0131,G,Round,R,VGR03,,,
3,N,G,Square,S,G,Square,S,L,Round,R,lever,3NL-2,MGR0331,G,Round,R,VGR03,,,
3,N,G,Square,S,G,Square,S,L,Round,R,lever,3NL-2,MGS0731,G,Square,S,VGS03,,,
3,N,G,Square,S,G,Square,S,L,Round,R,lever,3NL-2,MGS0831,G,Square,S,VGS03,,,
3,N,G,Square,S,G,Square,S,L,Round,R,lever,3NL-2,MGS0931,G,Square,S,VGS03,,,
3,N,G,Square,S,G,Square,S,L,Round,R,lever,3NL-2,MGS1031,G,Square,S,VGS03,,,
3,N,G,Square,S,G,Square,S,L,Round,R,lever,3NL-2,MGS0431,G,Square,S,VGS03,,,
3,N,G,Square,S,G,Square,S,L,Round,R,lever,3NL-2,MGS0231,G,Square,S,VGS03,,,
3,N,G,Square,S,G,Square,S,L,Round,R,lever,3NL-2,MLR0131,L,Round,R,VGR03,,,
3,N,G,Square,S,G,Square,S,L,Round,R,lever,3NL-2,MLR0231,L,Round,R,VGR03,,,
3,N,G,Square,S,G,Square,S,L,Round,R,lever,3NL-2,MLR0331,L,Round,R,VGR03,,,
3,N,G,Square,S,G,Square,S,L,Round,R,lever,3NL-2,MLR0431,L,Round,R,VGR03,,,